<?xml version="1.0" encoding="UTF-8" standalone="yes"?>
<SkillCfg_fly xmlns:xsi="http://www.w3.org/2001/XMLSchema-instance">
	<info un32ID="3001">
		<szName>折磨之爪等级1</szName>
		<n32RaiseSpeed>25</n32RaiseSpeed>
		<n32AccSpeed>-125</n32AccSpeed>
		<n32FallSpeed>0</n32FallSpeed>
		<n32FallAccSpeed>125</n32FallAccSpeed>
		<n32StayTime>3600</n32StayTime>
		<bIsCanBeRecover>0</bIsCanBeRecover>
		<n32MoveEffect>0</n32MoveEffect>
		<n32StartMoveEffect>0</n32StartMoveEffect>
		<n32EndMoveEffect>0</n32EndMoveEffect>
		<n32MoveAction>0</n32MoveAction>
	</info>
	<info un32ID="3002">
		<szName>折磨之爪等级2</szName>
		<n32RaiseSpeed>25</n32RaiseSpeed>
		<n32AccSpeed>-125</n32AccSpeed>
		<n32FallSpeed>0</n32FallSpeed>
		<n32FallAccSpeed>125</n32FallAccSpeed>
		<n32StayTime>3600</n32StayTime>
		<bIsCanBeRecover>0</bIsCanBeRecover>
		<n32MoveEffect>0</n32MoveEffect>
		<n32StartMoveEffect>0</n32StartMoveEffect>
		<n32EndMoveEffect>0</n32EndMoveEffect>
		<n32MoveAction>0</n32MoveAction>
	</info>
	<info un32ID="3003">
		<szName>折磨之爪等级3</szName>
		<n32RaiseSpeed>25</n32RaiseSpeed>
		<n32AccSpeed>-125</n32AccSpeed>
		<n32FallSpeed>0</n32FallSpeed>
		<n32FallAccSpeed>125</n32FallAccSpeed>
		<n32StayTime>3600</n32StayTime>
		<bIsCanBeRecover>0</bIsCanBeRecover>
		<n32MoveEffect>0</n32MoveEffect>
		<n32StartMoveEffect>0</n32StartMoveEffect>
		<n32EndMoveEffect>0</n32EndMoveEffect>
		<n32MoveAction>0</n32MoveAction>
	</info>
	<info un32ID="3004">
		<szName>折磨之爪EX</szName>
		<n32RaiseSpeed>25</n32RaiseSpeed>
		<n32AccSpeed>-125</n32AccSpeed>
		<n32FallSpeed>0</n32FallSpeed>
		<n32FallAccSpeed>125</n32FallAccSpeed>
		<n32StayTime>5600</n32StayTime>
		<bIsCanBeRecover>0</bIsCanBeRecover>
		<n32MoveEffect>0</n32MoveEffect>
		<n32StartMoveEffect>0</n32StartMoveEffect>
		<n32EndMoveEffect>0</n32EndMoveEffect>
		<n32MoveAction>0</n32MoveAction>
	</info>
	<info un32ID="3005">
		<szName>穿刺等级1</szName>
		<n32RaiseSpeed>45</n32RaiseSpeed>
		<n32AccSpeed>-225</n32AccSpeed>
		<n32FallSpeed>0</n32FallSpeed>
		<n32FallAccSpeed>225</n32FallAccSpeed>
		<n32StayTime>0</n32StayTime>
		<bIsCanBeRecover>1</bIsCanBeRecover>
		<n32MoveEffect>0</n32MoveEffect>
		<n32StartMoveEffect>0</n32StartMoveEffect>
		<n32EndMoveEffect>0</n32EndMoveEffect>
		<n32MoveAction>0</n32MoveAction>
	</info>
	<info un32ID="3006">
		<szName>穿刺等级2</szName>
		<n32RaiseSpeed>45</n32RaiseSpeed>
		<n32AccSpeed>-225</n32AccSpeed>
		<n32FallSpeed>0</n32FallSpeed>
		<n32FallAccSpeed>225</n32FallAccSpeed>
		<n32StayTime>0</n32StayTime>
		<bIsCanBeRecover>1</bIsCanBeRecover>
		<n32MoveEffect>0</n32MoveEffect>
		<n32StartMoveEffect>0</n32StartMoveEffect>
		<n32EndMoveEffect>0</n32EndMoveEffect>
		<n32MoveAction>0</n32MoveAction>
	</info>
	<info un32ID="3007">
		<szName>穿刺等级3</szName>
		<n32RaiseSpeed>45</n32RaiseSpeed>
		<n32AccSpeed>-225</n32AccSpeed>
		<n32FallSpeed>0</n32FallSpeed>
		<n32FallAccSpeed>225</n32FallAccSpeed>
		<n32StayTime>0</n32StayTime>
		<bIsCanBeRecover>1</bIsCanBeRecover>
		<n32MoveEffect>0</n32MoveEffect>
		<n32StartMoveEffect>0</n32StartMoveEffect>
		<n32EndMoveEffect>0</n32EndMoveEffect>
		<n32MoveAction>0</n32MoveAction>
	</info>
	<info un32ID="3008">
		<szName>穿刺EX</szName>
		<n32RaiseSpeed>45</n32RaiseSpeed>
		<n32AccSpeed>-225</n32AccSpeed>
		<n32FallSpeed>0</n32FallSpeed>
		<n32FallAccSpeed>225</n32FallAccSpeed>
		<n32StayTime>0</n32StayTime>
		<bIsCanBeRecover>1</bIsCanBeRecover>
		<n32MoveEffect>0</n32MoveEffect>
		<n32StartMoveEffect>0</n32StartMoveEffect>
		<n32EndMoveEffect>0</n32EndMoveEffect>
		<n32MoveAction>0</n32MoveAction>
	</info>
	<info un32ID="3009">
		<szName>暗涌喷泉</szName>
		<n32RaiseSpeed>14</n32RaiseSpeed>
		<n32AccSpeed>-20</n32AccSpeed>
		<n32FallSpeed>0</n32FallSpeed>
		<n32FallAccSpeed>20</n32FallAccSpeed>
		<n32StayTime>0</n32StayTime>
		<bIsCanBeRecover>1</bIsCanBeRecover>
		<n32MoveEffect>0</n32MoveEffect>
		<n32StartMoveEffect>0</n32StartMoveEffect>
		<n32EndMoveEffect>0</n32EndMoveEffect>
		<n32MoveAction>0</n32MoveAction>
	</info>
	<info un32ID="3010">
		<szName>龙卷风等级1</szName>
		<n32RaiseSpeed>16</n32RaiseSpeed>
		<n32AccSpeed>-32</n32AccSpeed>
		<n32FallSpeed>0</n32FallSpeed>
		<n32FallAccSpeed>32</n32FallAccSpeed>
		<n32StayTime>0</n32StayTime>
		<bIsCanBeRecover>1</bIsCanBeRecover>
		<n32MoveEffect>0</n32MoveEffect>
		<n32StartMoveEffect>0</n32StartMoveEffect>
		<n32EndMoveEffect>0</n32EndMoveEffect>
		<n32MoveAction>0</n32MoveAction>
	</info>
	<info un32ID="3011">
		<szName>龙卷风等级2</szName>
		<n32RaiseSpeed>16</n32RaiseSpeed>
		<n32AccSpeed>-32</n32AccSpeed>
		<n32FallSpeed>0</n32FallSpeed>
		<n32FallAccSpeed>32</n32FallAccSpeed>
		<n32StayTime>0</n32StayTime>
		<bIsCanBeRecover>1</bIsCanBeRecover>
		<n32MoveEffect>0</n32MoveEffect>
		<n32StartMoveEffect>0</n32StartMoveEffect>
		<n32EndMoveEffect>0</n32EndMoveEffect>
		<n32MoveAction>0</n32MoveAction>
	</info>
	<info un32ID="3012">
		<szName>龙卷风等级3</szName>
		<n32RaiseSpeed>16</n32RaiseSpeed>
		<n32AccSpeed>-32</n32AccSpeed>
		<n32FallSpeed>0</n32FallSpeed>
		<n32FallAccSpeed>32</n32FallAccSpeed>
		<n32StayTime>0</n32StayTime>
		<bIsCanBeRecover>1</bIsCanBeRecover>
		<n32MoveEffect>0</n32MoveEffect>
		<n32StartMoveEffect>0</n32StartMoveEffect>
		<n32EndMoveEffect>0</n32EndMoveEffect>
		<n32MoveAction>0</n32MoveAction>
	</info>
	<info un32ID="3013">
		<szName>龙卷风EX</szName>
		<n32RaiseSpeed>16</n32RaiseSpeed>
		<n32AccSpeed>-32</n32AccSpeed>
		<n32FallSpeed>0</n32FallSpeed>
		<n32FallAccSpeed>32</n32FallAccSpeed>
		<n32StayTime>0</n32StayTime>
		<bIsCanBeRecover>1</bIsCanBeRecover>
		<n32MoveEffect>0</n32MoveEffect>
		<n32StartMoveEffect>0</n32StartMoveEffect>
		<n32EndMoveEffect>0</n32EndMoveEffect>
		<n32MoveAction>0</n32MoveAction>
	</info>
</SkillCfg_fly>