<?xml version="1.0" encoding="UTF-8" standalone="yes"?>
<SkillCfg_move xmlns:xsi="http://www.w3.org/2001/XMLSchema-instance">
	<info un32ID="170001">
		<szName>回城</szName>
		<n32UseMP>0</n32UseMP>
		<n32UseHP>0</n32UseHP>
		<n32UseCP>0</n32UseCP>
		<bIsCoolDown>1</bIsCoolDown>
		<bIsCanBreak>1</bIsCanBreak>
		<bIsCanMove>1</bIsCanMove>
		<n32TriggerRate>1000</n32TriggerRate>
		<bIfAffectBuilding>0</bIfAffectBuilding>
		<bIfAffectHero>1</bIfAffectHero>
		<bIfAffectMonster>0</bIfAffectMonster>
		<eMoveType>1</eMoveType>
		<eMovedTarget>1</eMovedTarget>
		<eMoveToTarget>0</eMoveToTarget>
		<n32Angle>0</n32Angle>
		<n32Distance>0</n32Distance>
		<n32Speed>0</n32Speed>
		<n32FlyEffect>0</n32FlyEffect>
		<n32MoveSound>0</n32MoveSound>
		<MoveBeginEffect>0</MoveBeginEffect>
		<MoveEndEffect>0</MoveEndEffect>
		<MoveAction>free</MoveAction>
		<EventID>0</EventID>
	</info>
	<info/>
	<info un32ID="170003">
		<szName>瞬刺等级1</szName>
		<n32UseMP>0</n32UseMP>
		<n32UseHP>0</n32UseHP>
		<n32UseCP>0</n32UseCP>
		<bIsCoolDown>1</bIsCoolDown>
		<bIsCanBreak>1</bIsCanBreak>
		<bIsCanMove>1</bIsCanMove>
		<n32TriggerRate>1000</n32TriggerRate>
		<bIfAffectBuilding>0</bIfAffectBuilding>
		<bIfAffectHero>1</bIfAffectHero>
		<bIfAffectMonster>0</bIfAffectMonster>
		<eMoveType>2</eMoveType>
		<eMovedTarget>1</eMovedTarget>
		<eMoveToTarget>2</eMoveToTarget>
		<n32Angle>0</n32Angle>
		<n32Distance>4000</n32Distance>
		<n32Speed>0</n32Speed>
		<n32FlyEffect>0</n32FlyEffect>
		<n32MoveSound>0</n32MoveSound>
		<MoveBeginEffect>disappear_gws</MoveBeginEffect>
		<MoveEndEffect>appear_gws</MoveEndEffect>
		<MoveAction>free</MoveAction>
		<EventID>0</EventID>
	</info>
	<info un32ID="170004">
		<szName>瞬刺等级2</szName>
		<n32UseMP>0</n32UseMP>
		<n32UseHP>0</n32UseHP>
		<n32UseCP>0</n32UseCP>
		<bIsCoolDown>1</bIsCoolDown>
		<bIsCanBreak>1</bIsCanBreak>
		<bIsCanMove>1</bIsCanMove>
		<n32TriggerRate>1000</n32TriggerRate>
		<bIfAffectBuilding>0</bIfAffectBuilding>
		<bIfAffectHero>1</bIfAffectHero>
		<bIfAffectMonster>0</bIfAffectMonster>
		<eMoveType>2</eMoveType>
		<eMovedTarget>1</eMovedTarget>
		<eMoveToTarget>2</eMoveToTarget>
		<n32Angle>0</n32Angle>
		<n32Distance>4000</n32Distance>
		<n32Speed>0</n32Speed>
		<n32FlyEffect>0</n32FlyEffect>
		<n32MoveSound>0</n32MoveSound>
		<MoveBeginEffect>disappear_gws</MoveBeginEffect>
		<MoveEndEffect>appear_gws</MoveEndEffect>
		<MoveAction>free</MoveAction>
		<EventID>0</EventID>
	</info>
	<info un32ID="170005">
		<szName>瞬刺等级3</szName>
		<n32UseMP>0</n32UseMP>
		<n32UseHP>0</n32UseHP>
		<n32UseCP>0</n32UseCP>
		<bIsCoolDown>1</bIsCoolDown>
		<bIsCanBreak>1</bIsCanBreak>
		<bIsCanMove>1</bIsCanMove>
		<n32TriggerRate>1000</n32TriggerRate>
		<bIfAffectBuilding>0</bIfAffectBuilding>
		<bIfAffectHero>1</bIfAffectHero>
		<bIfAffectMonster>0</bIfAffectMonster>
		<eMoveType>2</eMoveType>
		<eMovedTarget>1</eMovedTarget>
		<eMoveToTarget>2</eMoveToTarget>
		<n32Angle>0</n32Angle>
		<n32Distance>4000</n32Distance>
		<n32Speed>0</n32Speed>
		<n32FlyEffect>0</n32FlyEffect>
		<n32MoveSound>0</n32MoveSound>
		<MoveBeginEffect>disappear_gws</MoveBeginEffect>
		<MoveEndEffect>appear_gws</MoveEndEffect>
		<MoveAction>free</MoveAction>
		<EventID>0</EventID>
	</info>
	<info un32ID="170006">
		<szName>瞬刺EX</szName>
		<n32UseMP>0</n32UseMP>
		<n32UseHP>0</n32UseHP>
		<n32UseCP>0</n32UseCP>
		<bIsCoolDown>0</bIsCoolDown>
		<bIsCanBreak>1</bIsCanBreak>
		<bIsCanMove>1</bIsCanMove>
		<n32TriggerRate>1000</n32TriggerRate>
		<bIfAffectBuilding>0</bIfAffectBuilding>
		<bIfAffectHero>1</bIfAffectHero>
		<bIfAffectMonster>0</bIfAffectMonster>
		<eMoveType>3</eMoveType>
		<eMovedTarget>1</eMovedTarget>
		<eMoveToTarget>0</eMoveToTarget>
		<n32Angle>0</n32Angle>
		<n32Distance>1500</n32Distance>
		<n32Speed>0</n32Speed>
		<n32FlyEffect>0</n32FlyEffect>
		<n32MoveSound>0</n32MoveSound>
		<MoveBeginEffect>disappear_gws</MoveBeginEffect>
		<MoveEndEffect>appear_gws</MoveEndEffect>
		<MoveAction>free</MoveAction>
		<EventID>0</EventID>
	</info>
	<info un32ID="170007">
		<szName>主动-传送</szName>
		<n32UseMP>0</n32UseMP>
		<n32UseHP>0</n32UseHP>
		<n32UseCP>0</n32UseCP>
		<bIsCoolDown>1</bIsCoolDown>
		<bIsCanBreak>1</bIsCanBreak>
		<bIsCanMove>1</bIsCanMove>
		<n32TriggerRate>1000</n32TriggerRate>
		<bIfAffectBuilding>0</bIfAffectBuilding>
		<bIfAffectHero>1</bIfAffectHero>
		<bIfAffectMonster>0</bIfAffectMonster>
		<eMoveType>3</eMoveType>
		<eMovedTarget>1</eMovedTarget>
		<eMoveToTarget>0</eMoveToTarget>
		<n32Angle>0</n32Angle>
		<n32Distance>1500</n32Distance>
		<n32Speed>0</n32Speed>
		<n32FlyEffect>0</n32FlyEffect>
		<n32MoveSound>0</n32MoveSound>
		<MoveBeginEffect>disappear</MoveBeginEffect>
		<MoveEndEffect>appear</MoveEndEffect>
		<MoveAction>free</MoveAction>
		<EventID>0</EventID>
	</info>
	<info un32ID="170008">
		<szName>锁链长勾</szName>
		<n32UseMP>0</n32UseMP>
		<n32UseHP>0</n32UseHP>
		<n32UseCP>0</n32UseCP>
		<bIsCoolDown>0</bIsCoolDown>
		<bIsCanBreak>0</bIsCanBreak>
		<bIsCanMove>0</bIsCanMove>
		<n32TriggerRate>1000</n32TriggerRate>
		<bIfAffectBuilding>0</bIfAffectBuilding>
		<bIfAffectHero>1</bIfAffectHero>
		<bIfAffectMonster>1</bIfAffectMonster>
		<eMoveType>2</eMoveType>
		<eMovedTarget>2</eMovedTarget>
		<eMoveToTarget>1</eMoveToTarget>
		<n32Angle>0</n32Angle>
		<n32Distance>3500</n32Distance>
		<n32Speed>2000</n32Speed>
		<n32FlyEffect>0</n32FlyEffect>
		<n32MoveSound>0</n32MoveSound>
		<MoveBeginEffect>0</MoveBeginEffect>
		<MoveEndEffect>0</MoveEndEffect>
		<MoveAction>free</MoveAction>
		<EventID>0</EventID>
	</info>
	<info un32ID="170009">
		<szName>野蛮冲撞等级1</szName>
		<n32UseMP>0</n32UseMP>
		<n32UseHP>0</n32UseHP>
		<n32UseCP>0</n32UseCP>
		<bIsCoolDown>1</bIsCoolDown>
		<bIsCanBreak>1</bIsCanBreak>
		<bIsCanMove>0</bIsCanMove>
		<n32TriggerRate>1000</n32TriggerRate>
		<bIfAffectBuilding>0</bIfAffectBuilding>
		<bIfAffectHero>1</bIfAffectHero>
		<bIfAffectMonster>1</bIfAffectMonster>
		<eMoveType>2</eMoveType>
		<eMovedTarget>1</eMovedTarget>
		<eMoveToTarget>2</eMoveToTarget>
		<n32Angle>0</n32Angle>
		<n32Distance>4000</n32Distance>
		<n32Speed>1500</n32Speed>
		<n32FlyEffect>0</n32FlyEffect>
		<n32MoveSound>Renma_Skill 1FX</n32MoveSound>
		<MoveBeginEffect>0</MoveBeginEffect>
		<MoveEndEffect>0</MoveEndEffect>
		<MoveAction>skill3</MoveAction>
		<EventID>140076</EventID>
	</info>
	<info un32ID="170010">
		<szName>野蛮冲撞等级2</szName>
		<n32UseMP>0</n32UseMP>
		<n32UseHP>0</n32UseHP>
		<n32UseCP>0</n32UseCP>
		<bIsCoolDown>1</bIsCoolDown>
		<bIsCanBreak>1</bIsCanBreak>
		<bIsCanMove>0</bIsCanMove>
		<n32TriggerRate>1000</n32TriggerRate>
		<bIfAffectBuilding>0</bIfAffectBuilding>
		<bIfAffectHero>1</bIfAffectHero>
		<bIfAffectMonster>1</bIfAffectMonster>
		<eMoveType>2</eMoveType>
		<eMovedTarget>1</eMovedTarget>
		<eMoveToTarget>2</eMoveToTarget>
		<n32Angle>0</n32Angle>
		<n32Distance>4000</n32Distance>
		<n32Speed>1500</n32Speed>
		<n32FlyEffect>0</n32FlyEffect>
		<n32MoveSound>Renma_Skill 1FX</n32MoveSound>
		<MoveBeginEffect>0</MoveBeginEffect>
		<MoveEndEffect>0</MoveEndEffect>
		<MoveAction>skill3</MoveAction>
		<EventID>140077</EventID>
	</info>
	<info un32ID="170011">
		<szName>野蛮冲撞等级3</szName>
		<n32UseMP>0</n32UseMP>
		<n32UseHP>0</n32UseHP>
		<n32UseCP>0</n32UseCP>
		<bIsCoolDown>1</bIsCoolDown>
		<bIsCanBreak>1</bIsCanBreak>
		<bIsCanMove>0</bIsCanMove>
		<n32TriggerRate>1000</n32TriggerRate>
		<bIfAffectBuilding>0</bIfAffectBuilding>
		<bIfAffectHero>1</bIfAffectHero>
		<bIfAffectMonster>1</bIfAffectMonster>
		<eMoveType>2</eMoveType>
		<eMovedTarget>1</eMovedTarget>
		<eMoveToTarget>2</eMoveToTarget>
		<n32Angle>0</n32Angle>
		<n32Distance>4000</n32Distance>
		<n32Speed>1500</n32Speed>
		<n32FlyEffect>0</n32FlyEffect>
		<n32MoveSound>Renma_Skill 1FX</n32MoveSound>
		<MoveBeginEffect>0</MoveBeginEffect>
		<MoveEndEffect>0</MoveEndEffect>
		<MoveAction>skill3</MoveAction>
		<EventID>140078</EventID>
	</info>
	<info un32ID="170012">
		<szName>扭曲强击</szName>
		<n32UseMP>0</n32UseMP>
		<n32UseHP>0</n32UseHP>
		<n32UseCP>0</n32UseCP>
		<bIsCoolDown>0</bIsCoolDown>
		<bIsCanBreak>0</bIsCanBreak>
		<bIsCanMove>0</bIsCanMove>
		<n32TriggerRate>1000</n32TriggerRate>
		<bIfAffectBuilding>0</bIfAffectBuilding>
		<bIfAffectHero>1</bIfAffectHero>
		<bIfAffectMonster>1</bIfAffectMonster>
		<eMoveType>2</eMoveType>
		<eMovedTarget>2</eMovedTarget>
		<eMoveToTarget>1</eMoveToTarget>
		<n32Angle>0</n32Angle>
		<n32Distance>0</n32Distance>
		<n32Speed>1000</n32Speed>
		<n32FlyEffect>0</n32FlyEffect>
		<n32MoveSound>0</n32MoveSound>
		<MoveBeginEffect>0</MoveBeginEffect>
		<MoveEndEffect>0</MoveEndEffect>
		<MoveAction>free</MoveAction>
		<EventID>0</EventID>
	</info>
	<info un32ID="170013">
		<szName>主动-推送</szName>
		<n32UseMP>0</n32UseMP>
		<n32UseHP>0</n32UseHP>
		<n32UseCP>0</n32UseCP>
		<bIsCoolDown>1</bIsCoolDown>
		<bIsCanBreak>0</bIsCanBreak>
		<bIsCanMove>1</bIsCanMove>
		<n32TriggerRate>1000</n32TriggerRate>
		<bIfAffectBuilding>0</bIfAffectBuilding>
		<bIfAffectHero>1</bIfAffectHero>
		<bIfAffectMonster>1</bIfAffectMonster>
		<eMoveType>3</eMoveType>
		<eMovedTarget>2</eMovedTarget>
		<eMoveToTarget>3</eMoveToTarget>
		<n32Angle>0</n32Angle>
		<n32Distance>1500</n32Distance>
		<n32Speed>3000</n32Speed>
		<n32FlyEffect>0</n32FlyEffect>
		<n32MoveSound>0</n32MoveSound>
		<MoveBeginEffect>0</MoveBeginEffect>
		<MoveEndEffect>0</MoveEndEffect>
		<MoveAction>free</MoveAction>
		<EventID>0</EventID>
	</info>
	<info un32ID="170014">
		<szName>呼煞之风等级1</szName>
		<n32UseMP>0</n32UseMP>
		<n32UseHP>0</n32UseHP>
		<n32UseCP>0</n32UseCP>
		<bIsCoolDown>0</bIsCoolDown>
		<bIsCanBreak>0</bIsCanBreak>
		<bIsCanMove>1</bIsCanMove>
		<n32TriggerRate>1000</n32TriggerRate>
		<bIfAffectBuilding>0</bIfAffectBuilding>
		<bIfAffectHero>1</bIfAffectHero>
		<bIfAffectMonster>1</bIfAffectMonster>
		<eMoveType>3</eMoveType>
		<eMovedTarget>2</eMovedTarget>
		<eMoveToTarget>0</eMoveToTarget>
		<n32Angle>0</n32Angle>
		<n32Distance>700</n32Distance>
		<n32Speed>1800</n32Speed>
		<n32FlyEffect>0</n32FlyEffect>
		<n32MoveSound>0</n32MoveSound>
		<MoveBeginEffect>0</MoveBeginEffect>
		<MoveEndEffect>0</MoveEndEffect>
		<MoveAction>free</MoveAction>
		<EventID>0</EventID>
	</info>
	<info un32ID="170015">
		<szName>呼煞之风等级2</szName>
		<n32UseMP>0</n32UseMP>
		<n32UseHP>0</n32UseHP>
		<n32UseCP>0</n32UseCP>
		<bIsCoolDown>0</bIsCoolDown>
		<bIsCanBreak>0</bIsCanBreak>
		<bIsCanMove>1</bIsCanMove>
		<n32TriggerRate>1000</n32TriggerRate>
		<bIfAffectBuilding>0</bIfAffectBuilding>
		<bIfAffectHero>1</bIfAffectHero>
		<bIfAffectMonster>1</bIfAffectMonster>
		<eMoveType>3</eMoveType>
		<eMovedTarget>2</eMovedTarget>
		<eMoveToTarget>0</eMoveToTarget>
		<n32Angle>0</n32Angle>
		<n32Distance>700</n32Distance>
		<n32Speed>1800</n32Speed>
		<n32FlyEffect>0</n32FlyEffect>
		<n32MoveSound>0</n32MoveSound>
		<MoveBeginEffect>0</MoveBeginEffect>
		<MoveEndEffect>0</MoveEndEffect>
		<MoveAction>free</MoveAction>
		<EventID>0</EventID>
	</info>
	<info un32ID="170016">
		<szName>呼煞之风等级3</szName>
		<n32UseMP>0</n32UseMP>
		<n32UseHP>0</n32UseHP>
		<n32UseCP>0</n32UseCP>
		<bIsCoolDown>0</bIsCoolDown>
		<bIsCanBreak>0</bIsCanBreak>
		<bIsCanMove>1</bIsCanMove>
		<n32TriggerRate>1000</n32TriggerRate>
		<bIfAffectBuilding>0</bIfAffectBuilding>
		<bIfAffectHero>1</bIfAffectHero>
		<bIfAffectMonster>1</bIfAffectMonster>
		<eMoveType>3</eMoveType>
		<eMovedTarget>2</eMovedTarget>
		<eMoveToTarget>0</eMoveToTarget>
		<n32Angle>0</n32Angle>
		<n32Distance>700</n32Distance>
		<n32Speed>1800</n32Speed>
		<n32FlyEffect>0</n32FlyEffect>
		<n32MoveSound>0</n32MoveSound>
		<MoveBeginEffect>0</MoveBeginEffect>
		<MoveEndEffect>0</MoveEndEffect>
		<MoveAction>free</MoveAction>
		<EventID>0</EventID>
	</info>
	<info un32ID="170017">
		<szName>呼煞之风EX</szName>
		<n32UseMP>0</n32UseMP>
		<n32UseHP>0</n32UseHP>
		<n32UseCP>0</n32UseCP>
		<bIsCoolDown>0</bIsCoolDown>
		<bIsCanBreak>0</bIsCanBreak>
		<bIsCanMove>1</bIsCanMove>
		<n32TriggerRate>1000</n32TriggerRate>
		<bIfAffectBuilding>0</bIfAffectBuilding>
		<bIfAffectHero>1</bIfAffectHero>
		<bIfAffectMonster>1</bIfAffectMonster>
		<eMoveType>3</eMoveType>
		<eMovedTarget>2</eMovedTarget>
		<eMoveToTarget>0</eMoveToTarget>
		<n32Angle>0</n32Angle>
		<n32Distance>700</n32Distance>
		<n32Speed>1800</n32Speed>
		<n32FlyEffect>0</n32FlyEffect>
		<n32MoveSound>0</n32MoveSound>
		<MoveBeginEffect>0</MoveBeginEffect>
		<MoveEndEffect>0</MoveEndEffect>
		<MoveAction>free</MoveAction>
		<EventID>160148</EventID>
	</info>
	<info un32ID="170018">
		<szName>暗影利刃等级1</szName>
		<n32UseMP>0</n32UseMP>
		<n32UseHP>0</n32UseHP>
		<n32UseCP>0</n32UseCP>
		<bIsCoolDown>1</bIsCoolDown>
		<bIsCanBreak>1</bIsCanBreak>
		<bIsCanMove>0</bIsCanMove>
		<n32TriggerRate>1000</n32TriggerRate>
		<bIfAffectBuilding>0</bIfAffectBuilding>
		<bIfAffectHero>1</bIfAffectHero>
		<bIfAffectMonster>0</bIfAffectMonster>
		<eMoveType>2</eMoveType>
		<eMovedTarget>1</eMovedTarget>
		<eMoveToTarget>2</eMoveToTarget>
		<n32Angle>0</n32Angle>
		<n32Distance>4000</n32Distance>
		<n32Speed>5000</n32Speed>
		<n32FlyEffect>0</n32FlyEffect>
		<n32MoveSound>0</n32MoveSound>
		<MoveBeginEffect>0</MoveBeginEffect>
		<MoveEndEffect>0</MoveEndEffect>
		<MoveAction>skill2</MoveAction>
		<EventID>140095</EventID>
	</info>
	<info un32ID="170019">
		<szName>暗影利刃等级2</szName>
		<n32UseMP>0</n32UseMP>
		<n32UseHP>0</n32UseHP>
		<n32UseCP>0</n32UseCP>
		<bIsCoolDown>1</bIsCoolDown>
		<bIsCanBreak>1</bIsCanBreak>
		<bIsCanMove>0</bIsCanMove>
		<n32TriggerRate>1000</n32TriggerRate>
		<bIfAffectBuilding>0</bIfAffectBuilding>
		<bIfAffectHero>1</bIfAffectHero>
		<bIfAffectMonster>0</bIfAffectMonster>
		<eMoveType>2</eMoveType>
		<eMovedTarget>1</eMovedTarget>
		<eMoveToTarget>2</eMoveToTarget>
		<n32Angle>0</n32Angle>
		<n32Distance>4000</n32Distance>
		<n32Speed>5000</n32Speed>
		<n32FlyEffect>0</n32FlyEffect>
		<n32MoveSound>0</n32MoveSound>
		<MoveBeginEffect>0</MoveBeginEffect>
		<MoveEndEffect>0</MoveEndEffect>
		<MoveAction>skill2</MoveAction>
		<EventID>140096</EventID>
	</info>
	<info un32ID="170020">
		<szName>暗影利刃等级3</szName>
		<n32UseMP>0</n32UseMP>
		<n32UseHP>0</n32UseHP>
		<n32UseCP>0</n32UseCP>
		<bIsCoolDown>1</bIsCoolDown>
		<bIsCanBreak>1</bIsCanBreak>
		<bIsCanMove>0</bIsCanMove>
		<n32TriggerRate>1000</n32TriggerRate>
		<bIfAffectBuilding>0</bIfAffectBuilding>
		<bIfAffectHero>1</bIfAffectHero>
		<bIfAffectMonster>0</bIfAffectMonster>
		<eMoveType>2</eMoveType>
		<eMovedTarget>1</eMovedTarget>
		<eMoveToTarget>2</eMoveToTarget>
		<n32Angle>0</n32Angle>
		<n32Distance>4000</n32Distance>
		<n32Speed>5000</n32Speed>
		<n32FlyEffect>0</n32FlyEffect>
		<n32MoveSound>0</n32MoveSound>
		<MoveBeginEffect>0</MoveBeginEffect>
		<MoveEndEffect>0</MoveEndEffect>
		<MoveAction>skill2</MoveAction>
		<EventID>140097</EventID>
	</info>
	<info un32ID="170021">
		<szName>秘术射线等级1</szName>
		<n32UseMP>0</n32UseMP>
		<n32UseHP>0</n32UseHP>
		<n32UseCP>0</n32UseCP>
		<bIsCoolDown>0</bIsCoolDown>
		<bIsCanBreak>0</bIsCanBreak>
		<bIsCanMove>1</bIsCanMove>
		<n32TriggerRate>1000</n32TriggerRate>
		<bIfAffectBuilding>0</bIfAffectBuilding>
		<bIfAffectHero>1</bIfAffectHero>
		<bIfAffectMonster>0</bIfAffectMonster>
		<eMoveType>2</eMoveType>
		<eMovedTarget>2</eMovedTarget>
		<eMoveToTarget>1</eMoveToTarget>
		<n32Angle>0</n32Angle>
		<n32Distance>4000</n32Distance>
		<n32Speed>0</n32Speed>
		<n32FlyEffect>0</n32FlyEffect>
		<n32MoveSound>0</n32MoveSound>
		<MoveBeginEffect>heimolv_disappear</MoveBeginEffect>
		<MoveEndEffect>heimolv_appear</MoveEndEffect>
		<MoveAction>free</MoveAction>
		<EventID>0</EventID>
	</info>
	<info un32ID="170022">
		<szName>秘术射线等级2</szName>
		<n32UseMP>0</n32UseMP>
		<n32UseHP>0</n32UseHP>
		<n32UseCP>0</n32UseCP>
		<bIsCoolDown>0</bIsCoolDown>
		<bIsCanBreak>0</bIsCanBreak>
		<bIsCanMove>1</bIsCanMove>
		<n32TriggerRate>1000</n32TriggerRate>
		<bIfAffectBuilding>0</bIfAffectBuilding>
		<bIfAffectHero>1</bIfAffectHero>
		<bIfAffectMonster>0</bIfAffectMonster>
		<eMoveType>2</eMoveType>
		<eMovedTarget>2</eMovedTarget>
		<eMoveToTarget>1</eMoveToTarget>
		<n32Angle>0</n32Angle>
		<n32Distance>4000</n32Distance>
		<n32Speed>0</n32Speed>
		<n32FlyEffect>0</n32FlyEffect>
		<n32MoveSound>0</n32MoveSound>
		<MoveBeginEffect>heimolv_disappear</MoveBeginEffect>
		<MoveEndEffect>heimolv_appear</MoveEndEffect>
		<MoveAction>free</MoveAction>
		<EventID>0</EventID>
	</info>
	<info un32ID="170023">
		<szName>秘术射线等级3</szName>
		<n32UseMP>0</n32UseMP>
		<n32UseHP>0</n32UseHP>
		<n32UseCP>0</n32UseCP>
		<bIsCoolDown>0</bIsCoolDown>
		<bIsCanBreak>0</bIsCanBreak>
		<bIsCanMove>1</bIsCanMove>
		<n32TriggerRate>1000</n32TriggerRate>
		<bIfAffectBuilding>0</bIfAffectBuilding>
		<bIfAffectHero>1</bIfAffectHero>
		<bIfAffectMonster>0</bIfAffectMonster>
		<eMoveType>2</eMoveType>
		<eMovedTarget>2</eMovedTarget>
		<eMoveToTarget>1</eMoveToTarget>
		<n32Angle>0</n32Angle>
		<n32Distance>4000</n32Distance>
		<n32Speed>0</n32Speed>
		<n32FlyEffect>0</n32FlyEffect>
		<n32MoveSound>0</n32MoveSound>
		<MoveBeginEffect>heimolv_disappear</MoveBeginEffect>
		<MoveEndEffect>heimolv_appear</MoveEndEffect>
		<MoveAction>free</MoveAction>
		<EventID>0</EventID>
	</info>
	<info un32ID="170024">
		<szName>秘术射线EX</szName>
		<n32UseMP>0</n32UseMP>
		<n32UseHP>0</n32UseHP>
		<n32UseCP>0</n32UseCP>
		<bIsCoolDown>0</bIsCoolDown>
		<bIsCanBreak>0</bIsCanBreak>
		<bIsCanMove>1</bIsCanMove>
		<n32TriggerRate>1000</n32TriggerRate>
		<bIfAffectBuilding>0</bIfAffectBuilding>
		<bIfAffectHero>1</bIfAffectHero>
		<bIfAffectMonster>0</bIfAffectMonster>
		<eMoveType>2</eMoveType>
		<eMovedTarget>2</eMovedTarget>
		<eMoveToTarget>1</eMoveToTarget>
		<n32Angle>0</n32Angle>
		<n32Distance>4000</n32Distance>
		<n32Speed>0</n32Speed>
		<n32FlyEffect>0</n32FlyEffect>
		<n32MoveSound>0</n32MoveSound>
		<MoveBeginEffect>heimolv_disappear</MoveBeginEffect>
		<MoveEndEffect>heimolv_appear</MoveEndEffect>
		<MoveAction>free</MoveAction>
		<EventID>0</EventID>
	</info>
	<info un32ID="170025">
		<szName>时空倒转等级1</szName>
		<n32UseMP>0</n32UseMP>
		<n32UseHP>0</n32UseHP>
		<n32UseCP>0</n32UseCP>
		<bIsCoolDown>0</bIsCoolDown>
		<bIsCanBreak>1</bIsCanBreak>
		<bIsCanMove>1</bIsCanMove>
		<n32TriggerRate>1000</n32TriggerRate>
		<bIfAffectBuilding>0</bIfAffectBuilding>
		<bIfAffectHero>1</bIfAffectHero>
		<bIfAffectMonster>0</bIfAffectMonster>
		<eMoveType>2</eMoveType>
		<eMovedTarget>1</eMovedTarget>
		<eMoveToTarget>2</eMoveToTarget>
		<n32Angle>0</n32Angle>
		<n32Distance>4000</n32Distance>
		<n32Speed>0</n32Speed>
		<n32FlyEffect>0</n32FlyEffect>
		<n32MoveSound>0</n32MoveSound>
		<MoveBeginEffect>heimolv_disappear</MoveBeginEffect>
		<MoveEndEffect>heimolv_appear</MoveEndEffect>
		<MoveAction>free</MoveAction>
		<EventID>0</EventID>
	</info>
	<info un32ID="170026">
		<szName>时空倒转等级2</szName>
		<n32UseMP>0</n32UseMP>
		<n32UseHP>0</n32UseHP>
		<n32UseCP>0</n32UseCP>
		<bIsCoolDown>0</bIsCoolDown>
		<bIsCanBreak>1</bIsCanBreak>
		<bIsCanMove>1</bIsCanMove>
		<n32TriggerRate>1000</n32TriggerRate>
		<bIfAffectBuilding>0</bIfAffectBuilding>
		<bIfAffectHero>1</bIfAffectHero>
		<bIfAffectMonster>0</bIfAffectMonster>
		<eMoveType>2</eMoveType>
		<eMovedTarget>1</eMovedTarget>
		<eMoveToTarget>2</eMoveToTarget>
		<n32Angle>0</n32Angle>
		<n32Distance>4000</n32Distance>
		<n32Speed>0</n32Speed>
		<n32FlyEffect>0</n32FlyEffect>
		<n32MoveSound>0</n32MoveSound>
		<MoveBeginEffect>heimolv_disappear</MoveBeginEffect>
		<MoveEndEffect>heimolv_appear</MoveEndEffect>
		<MoveAction>free</MoveAction>
		<EventID>0</EventID>
	</info>
	<info un32ID="170027">
		<szName>时空倒转等级3</szName>
		<n32UseMP>0</n32UseMP>
		<n32UseHP>0</n32UseHP>
		<n32UseCP>0</n32UseCP>
		<bIsCoolDown>0</bIsCoolDown>
		<bIsCanBreak>1</bIsCanBreak>
		<bIsCanMove>1</bIsCanMove>
		<n32TriggerRate>1000</n32TriggerRate>
		<bIfAffectBuilding>0</bIfAffectBuilding>
		<bIfAffectHero>1</bIfAffectHero>
		<bIfAffectMonster>0</bIfAffectMonster>
		<eMoveType>2</eMoveType>
		<eMovedTarget>1</eMovedTarget>
		<eMoveToTarget>2</eMoveToTarget>
		<n32Angle>0</n32Angle>
		<n32Distance>4000</n32Distance>
		<n32Speed>0</n32Speed>
		<n32FlyEffect>0</n32FlyEffect>
		<n32MoveSound>0</n32MoveSound>
		<MoveBeginEffect>heimolv_disappear</MoveBeginEffect>
		<MoveEndEffect>heimolv_appear</MoveEndEffect>
		<MoveAction>free</MoveAction>
		<EventID>0</EventID>
	</info>
</SkillCfg_move>