<?xml version="1.0" encoding="UTF-8" standalone="yes"?>
<SkillCfg_emit xmlns:xsi="http://www.w3.org/2001/XMLSchema-instance">
	<info un32ID="130001">
		<szName>冻法师攻击</szName>
		<n32UseMP>0</n32UseMP>
		<n32UseHP>0</n32UseHP>
		<n32UseCP>0</n32UseCP>
		<bIsCoolDown>1</bIsCoolDown>
		<bIsCanMove>1</bIsCanMove>
		<bIsCanBreak>1</bIsCanBreak>
		<n32TriggerRate>1000</n32TriggerRate>
		<bIfAffectBuilding>1</bIfAffectBuilding>
		<bIfAffectHero>1</bIfAffectHero>
		<bIfAffectMonster>1</bIfAffectMonster>
		<EmitTarget>2</EmitTarget>
		<EmitType>1</EmitType>
		<FlySpeed>2700</FlySpeed>
		<FlyPar1>0</FlyPar1>
		<FlyPar2>0</FlyPar2>
		<FlyPar3>0</FlyPar3>
		<n32ProjectileNum>1</n32ProjectileNum>
		<n32ProjEmitInter>0</n32ProjEmitInter>
		<bIsPenetrate>0</bIsPenetrate>
		<eCollideRadius>100</eCollideRadius>
		<eLifeTime>3000</eLifeTime>
		<attackEffect>bingqiutuowei2</attackEffect>
		<FlySound>Dongfashi5_Attack</FlySound>
		<EventID>120001</EventID>
	</info>
	<info un32ID="130002">
		<szName>飞龙攻击</szName>
		<n32UseMP>0</n32UseMP>
		<n32UseHP>0</n32UseHP>
		<n32UseCP>0</n32UseCP>
		<bIsCoolDown>1</bIsCoolDown>
		<bIsCanMove>1</bIsCanMove>
		<bIsCanBreak>1</bIsCanBreak>
		<n32TriggerRate>1000</n32TriggerRate>
		<bIfAffectBuilding>1</bIfAffectBuilding>
		<bIfAffectHero>1</bIfAffectHero>
		<bIfAffectMonster>1</bIfAffectMonster>
		<EmitTarget>2</EmitTarget>
		<EmitType>1</EmitType>
		<FlySpeed>2700</FlySpeed>
		<FlyPar1>0</FlyPar1>
		<FlyPar2>0</FlyPar2>
		<FlyPar3>0</FlyPar3>
		<n32ProjectileNum>1</n32ProjectileNum>
		<n32ProjEmitInter>0</n32ProjEmitInter>
		<bIsPenetrate>0</bIsPenetrate>
		<eCollideRadius>100</eCollideRadius>
		<eLifeTime>3000</eLifeTime>
		<attackEffect>firerotate</attackEffect>
		<FlySound>Feilong5_Attack</FlySound>
		<EventID>120003</EventID>
	</info>
	<info un32ID="130003">
		<szName>蜘蛛攻击</szName>
		<n32UseMP>0</n32UseMP>
		<n32UseHP>0</n32UseHP>
		<n32UseCP>0</n32UseCP>
		<bIsCoolDown>1</bIsCoolDown>
		<bIsCanMove>1</bIsCanMove>
		<bIsCanBreak>1</bIsCanBreak>
		<n32TriggerRate>1000</n32TriggerRate>
		<bIfAffectBuilding>1</bIfAffectBuilding>
		<bIfAffectHero>1</bIfAffectHero>
		<bIfAffectMonster>1</bIfAffectMonster>
		<EmitTarget>2</EmitTarget>
		<EmitType>1</EmitType>
		<FlySpeed>3000</FlySpeed>
		<FlyPar1>0</FlyPar1>
		<FlyPar2>0</FlyPar2>
		<FlyPar3>0</FlyPar3>
		<n32ProjectileNum>1</n32ProjectileNum>
		<n32ProjEmitInter>0</n32ProjEmitInter>
		<bIsPenetrate>0</bIsPenetrate>
		<eCollideRadius>100</eCollideRadius>
		<eLifeTime>3000</eLifeTime>
		<attackEffect>zhizhuattack</attackEffect>
		<FlySound>Zhizhu5_Attack</FlySound>
		<EventID>120005</EventID>
	</info>
	<info un32ID="130004">
		<szName>智子攻击</szName>
		<n32UseMP>0</n32UseMP>
		<n32UseHP>0</n32UseHP>
		<n32UseCP>0</n32UseCP>
		<bIsCoolDown>1</bIsCoolDown>
		<bIsCanMove>1</bIsCanMove>
		<bIsCanBreak>1</bIsCanBreak>
		<n32TriggerRate>1000</n32TriggerRate>
		<bIfAffectBuilding>1</bIfAffectBuilding>
		<bIfAffectHero>1</bIfAffectHero>
		<bIfAffectMonster>1</bIfAffectMonster>
		<EmitTarget>2</EmitTarget>
		<EmitType>1</EmitType>
		<FlySpeed>3000</FlySpeed>
		<FlyPar1>0</FlyPar1>
		<FlyPar2>0</FlyPar2>
		<FlyPar3>0</FlyPar3>
		<n32ProjectileNum>1</n32ProjectileNum>
		<n32ProjEmitInter>0</n32ProjEmitInter>
		<bIsPenetrate>0</bIsPenetrate>
		<eCollideRadius>100</eCollideRadius>
		<eLifeTime>3000</eLifeTime>
		<attackEffect>sakuraattack</attackEffect>
		<FlySound>Nvyao5_Attack</FlySound>
		<EventID>120006</EventID>
	</info>
	<info un32ID="130005">
		<szName>精灵女攻击</szName>
		<n32UseMP>0</n32UseMP>
		<n32UseHP>0</n32UseHP>
		<n32UseCP>0</n32UseCP>
		<bIsCoolDown>1</bIsCoolDown>
		<bIsCanMove>1</bIsCanMove>
		<bIsCanBreak>1</bIsCanBreak>
		<n32TriggerRate>1000</n32TriggerRate>
		<bIfAffectBuilding>1</bIfAffectBuilding>
		<bIfAffectHero>1</bIfAffectHero>
		<bIfAffectMonster>1</bIfAffectMonster>
		<EmitTarget>2</EmitTarget>
		<EmitType>1</EmitType>
		<FlySpeed>4300</FlySpeed>
		<FlyPar1>0</FlyPar1>
		<FlyPar2>0</FlyPar2>
		<FlyPar3>0</FlyPar3>
		<n32ProjectileNum>1</n32ProjectileNum>
		<n32ProjEmitInter>0</n32ProjEmitInter>
		<bIsPenetrate>0</bIsPenetrate>
		<eCollideRadius>100</eCollideRadius>
		<eLifeTime>3000</eLifeTime>
		<attackEffect>arrow</attackEffect>
		<FlySound>Jinglingnv5_Attack</FlySound>
		<EventID>120007</EventID>
	</info>
	<info un32ID="130006">
		<szName>箭塔A攻击</szName>
		<n32UseMP>0</n32UseMP>
		<n32UseHP>0</n32UseHP>
		<n32UseCP>0</n32UseCP>
		<bIsCoolDown>1</bIsCoolDown>
		<bIsCanMove>1</bIsCanMove>
		<bIsCanBreak>1</bIsCanBreak>
		<n32TriggerRate>1000</n32TriggerRate>
		<bIfAffectBuilding>1</bIfAffectBuilding>
		<bIfAffectHero>1</bIfAffectHero>
		<bIfAffectMonster>1</bIfAffectMonster>
		<EmitTarget>2</EmitTarget>
		<EmitType>1</EmitType>
		<FlySpeed>2300</FlySpeed>
		<FlyPar1>0</FlyPar1>
		<FlyPar2>0</FlyPar2>
		<FlyPar3>0</FlyPar3>
		<n32ProjectileNum>1</n32ProjectileNum>
		<n32ProjEmitInter>0</n32ProjEmitInter>
		<bIsPenetrate>0</bIsPenetrate>
		<eCollideRadius>100</eCollideRadius>
		<eLifeTime>3000</eLifeTime>
		<attackEffect>jiantaattack_A</attackEffect>
		<FlySound>wanglingjianta</FlySound>
		<EventID>120011:0;120050:0</EventID>
	</info>
	<info un32ID="130007">
		<szName>箭塔B攻击</szName>
		<n32UseMP>0</n32UseMP>
		<n32UseHP>0</n32UseHP>
		<n32UseCP>0</n32UseCP>
		<bIsCoolDown>1</bIsCoolDown>
		<bIsCanMove>1</bIsCanMove>
		<bIsCanBreak>1</bIsCanBreak>
		<n32TriggerRate>1000</n32TriggerRate>
		<bIfAffectBuilding>1</bIfAffectBuilding>
		<bIfAffectHero>1</bIfAffectHero>
		<bIfAffectMonster>1</bIfAffectMonster>
		<EmitTarget>2</EmitTarget>
		<EmitType>1</EmitType>
		<FlySpeed>2300</FlySpeed>
		<FlyPar1>0</FlyPar1>
		<FlyPar2>0</FlyPar2>
		<FlyPar3>0</FlyPar3>
		<n32ProjectileNum>1</n32ProjectileNum>
		<n32ProjEmitInter>0</n32ProjEmitInter>
		<bIsPenetrate>0</bIsPenetrate>
		<eCollideRadius>100</eCollideRadius>
		<eLifeTime>3000</eLifeTime>
		<attackEffect>jiantaattack_B</attackEffect>
		<FlySound>jinglingjianta</FlySound>
		<EventID>120012:0;120051:0</EventID>
	</info>
	<info un32ID="130008">
		<szName>精灵远程攻击</szName>
		<n32UseMP>0</n32UseMP>
		<n32UseHP>0</n32UseHP>
		<n32UseCP>0</n32UseCP>
		<bIsCoolDown>1</bIsCoolDown>
		<bIsCanMove>1</bIsCanMove>
		<bIsCanBreak>1</bIsCanBreak>
		<n32TriggerRate>1000</n32TriggerRate>
		<bIfAffectBuilding>1</bIfAffectBuilding>
		<bIfAffectHero>1</bIfAffectHero>
		<bIfAffectMonster>1</bIfAffectMonster>
		<EmitTarget>2</EmitTarget>
		<EmitType>1</EmitType>
		<FlySpeed>2300</FlySpeed>
		<FlyPar1>0</FlyPar1>
		<FlyPar2>0</FlyPar2>
		<FlyPar3>0</FlyPar3>
		<n32ProjectileNum>1</n32ProjectileNum>
		<n32ProjEmitInter>0</n32ProjEmitInter>
		<bIsPenetrate>0</bIsPenetrate>
		<eCollideRadius>100</eCollideRadius>
		<eLifeTime>3000</eLifeTime>
		<attackEffect>jlxb_ycattack</attackEffect>
		<FlySound>Emo5_Attack</FlySound>
		<EventID>120014</EventID>
	</info>
	<info un32ID="130009">
		<szName>亡灵远程B攻击</szName>
		<n32UseMP>0</n32UseMP>
		<n32UseHP>0</n32UseHP>
		<n32UseCP>0</n32UseCP>
		<bIsCoolDown>1</bIsCoolDown>
		<bIsCanMove>1</bIsCanMove>
		<bIsCanBreak>1</bIsCanBreak>
		<n32TriggerRate>1000</n32TriggerRate>
		<bIfAffectBuilding>1</bIfAffectBuilding>
		<bIfAffectHero>1</bIfAffectHero>
		<bIfAffectMonster>1</bIfAffectMonster>
		<EmitTarget>2</EmitTarget>
		<EmitType>1</EmitType>
		<FlySpeed>2300</FlySpeed>
		<FlyPar1>0</FlyPar1>
		<FlyPar2>0</FlyPar2>
		<FlyPar3>0</FlyPar3>
		<n32ProjectileNum>1</n32ProjectileNum>
		<n32ProjEmitInter>0</n32ProjEmitInter>
		<bIsPenetrate>0</bIsPenetrate>
		<eCollideRadius>100</eCollideRadius>
		<eLifeTime>3000</eLifeTime>
		<attackEffect>wlxb_ycattack</attackEffect>
		<FlySound>Emo5_Attack</FlySound>
		<EventID>120016</EventID>
	</info>
	<info un32ID="130010">
		<szName>雷灵攻击</szName>
		<n32UseMP>0</n32UseMP>
		<n32UseHP>0</n32UseHP>
		<n32UseCP>0</n32UseCP>
		<bIsCoolDown>1</bIsCoolDown>
		<bIsCanMove>1</bIsCanMove>
		<bIsCanBreak>1</bIsCanBreak>
		<n32TriggerRate>1000</n32TriggerRate>
		<bIfAffectBuilding>1</bIfAffectBuilding>
		<bIfAffectHero>1</bIfAffectHero>
		<bIfAffectMonster>1</bIfAffectMonster>
		<EmitTarget>2</EmitTarget>
		<EmitType>1</EmitType>
		<FlySpeed>1200</FlySpeed>
		<FlyPar1>0</FlyPar1>
		<FlyPar2>0</FlyPar2>
		<FlyPar3>0</FlyPar3>
		<n32ProjectileNum>1</n32ProjectileNum>
		<n32ProjEmitInter>0</n32ProjEmitInter>
		<bIsPenetrate>0</bIsPenetrate>
		<eCollideRadius>100</eCollideRadius>
		<eLifeTime>3000</eLifeTime>
		<attackEffect>thunderattack</attackEffect>
		<FlySound>Dianmanren5_Attack</FlySound>
		<EventID>120017</EventID>
	</info>
	<info un32ID="130011">
		<szName>鱼人攻击</szName>
		<n32UseMP>0</n32UseMP>
		<n32UseHP>0</n32UseHP>
		<n32UseCP>0</n32UseCP>
		<bIsCoolDown>1</bIsCoolDown>
		<bIsCanMove>1</bIsCanMove>
		<bIsCanBreak>1</bIsCanBreak>
		<n32TriggerRate>1000</n32TriggerRate>
		<bIfAffectBuilding>1</bIfAffectBuilding>
		<bIfAffectHero>1</bIfAffectHero>
		<bIfAffectMonster>1</bIfAffectMonster>
		<EmitTarget>2</EmitTarget>
		<EmitType>2</EmitType>
		<FlySpeed>3000</FlySpeed>
		<FlyPar1>0</FlyPar1>
		<FlyPar2>0</FlyPar2>
		<FlyPar3>0</FlyPar3>
		<n32ProjectileNum>1</n32ProjectileNum>
		<n32ProjEmitInter>0</n32ProjEmitInter>
		<bIsPenetrate>1</bIsPenetrate>
		<BackPoint>1</BackPoint>
		<BackArea>0</BackArea>
		<BackFlyType>2</BackFlyType>
		<BackIsPenetrate>1</BackIsPenetrate>
		<eCollideRadius>200</eCollideRadius>
		<eLifeTime>700</eLifeTime>
		<attackEffect>watergun</attackEffect>
		<FlySound>Yuren5_Attack</FlySound>
		<EventID>120020</EventID>
		<BackEventID>120020</BackEventID>
	</info>
	<info un32ID="130012">
		<szName>亡灵远程超级兵攻击</szName>
		<n32UseMP>0</n32UseMP>
		<n32UseHP>0</n32UseHP>
		<n32UseCP>0</n32UseCP>
		<bIsCoolDown>1</bIsCoolDown>
		<bIsCanMove>1</bIsCanMove>
		<bIsCanBreak>1</bIsCanBreak>
		<n32TriggerRate>1000</n32TriggerRate>
		<bIfAffectBuilding>1</bIfAffectBuilding>
		<bIfAffectHero>1</bIfAffectHero>
		<bIfAffectMonster>1</bIfAffectMonster>
		<EmitTarget>2</EmitTarget>
		<EmitType>1</EmitType>
		<FlySpeed>2300</FlySpeed>
		<FlyPar1>0</FlyPar1>
		<FlyPar2>0</FlyPar2>
		<FlyPar3>0</FlyPar3>
		<n32ProjectileNum>1</n32ProjectileNum>
		<n32ProjEmitInter>0</n32ProjEmitInter>
		<bIsPenetrate>0</bIsPenetrate>
		<eCollideRadius>100</eCollideRadius>
		<eLifeTime>3000</eLifeTime>
		<attackEffect>wlxb_ycattack</attackEffect>
		<FlySound>Emo5_Attack</FlySound>
		<EventID>120027</EventID>
	</info>
	<info un32ID="130013">
		<szName>精灵远程超级兵攻击</szName>
		<n32UseMP>0</n32UseMP>
		<n32UseHP>0</n32UseHP>
		<n32UseCP>0</n32UseCP>
		<bIsCoolDown>1</bIsCoolDown>
		<bIsCanMove>1</bIsCanMove>
		<bIsCanBreak>1</bIsCanBreak>
		<n32TriggerRate>1000</n32TriggerRate>
		<bIfAffectBuilding>1</bIfAffectBuilding>
		<bIfAffectHero>1</bIfAffectHero>
		<bIfAffectMonster>1</bIfAffectMonster>
		<EmitTarget>2</EmitTarget>
		<EmitType>1</EmitType>
		<FlySpeed>2300</FlySpeed>
		<FlyPar1>0</FlyPar1>
		<FlyPar2>0</FlyPar2>
		<FlyPar3>0</FlyPar3>
		<n32ProjectileNum>1</n32ProjectileNum>
		<n32ProjEmitInter>0</n32ProjEmitInter>
		<bIsPenetrate>0</bIsPenetrate>
		<eCollideRadius>100</eCollideRadius>
		<eLifeTime>3000</eLifeTime>
		<attackEffect>jlxb_ycattack</attackEffect>
		<FlySound>Emo5_Attack</FlySound>
		<EventID>120029</EventID>
	</info>
	<info un32ID="130014">
		<szName>图腾攻击</szName>
		<n32UseMP>0</n32UseMP>
		<n32UseHP>0</n32UseHP>
		<n32UseCP>0</n32UseCP>
		<bIsCoolDown>1</bIsCoolDown>
		<bIsCanMove>1</bIsCanMove>
		<bIsCanBreak>1</bIsCanBreak>
		<n32TriggerRate>1000</n32TriggerRate>
		<bIfAffectBuilding>1</bIfAffectBuilding>
		<bIfAffectHero>1</bIfAffectHero>
		<bIfAffectMonster>1</bIfAffectMonster>
		<EmitTarget>2</EmitTarget>
		<EmitType>1</EmitType>
		<FlySpeed>2300</FlySpeed>
		<FlyPar1>0</FlyPar1>
		<FlyPar2>0</FlyPar2>
		<FlyPar3>0</FlyPar3>
		<n32ProjectileNum>1</n32ProjectileNum>
		<n32ProjEmitInter>0</n32ProjEmitInter>
		<bIsPenetrate>0</bIsPenetrate>
		<eCollideRadius>100</eCollideRadius>
		<eLifeTime>3000</eLifeTime>
		<attackEffect>bingqiutuowei_pao</attackEffect>
		<FlySound>Beinuyideyuanren5_Skill 1</FlySound>
		<EventID>120030:0;120031:0</EventID>
	</info>
	<info un32ID="130015">
		<szName>风暴女攻击</szName>
		<n32UseMP>0</n32UseMP>
		<n32UseHP>0</n32UseHP>
		<n32UseCP>0</n32UseCP>
		<bIsCoolDown>1</bIsCoolDown>
		<bIsCanMove>1</bIsCanMove>
		<bIsCanBreak>1</bIsCanBreak>
		<n32TriggerRate>1000</n32TriggerRate>
		<bIfAffectBuilding>1</bIfAffectBuilding>
		<bIfAffectHero>1</bIfAffectHero>
		<bIfAffectMonster>1</bIfAffectMonster>
		<EmitTarget>2</EmitTarget>
		<EmitType>1</EmitType>
		<FlySpeed>2700</FlySpeed>
		<FlyPar1>0</FlyPar1>
		<FlyPar2>0</FlyPar2>
		<FlyPar3>0</FlyPar3>
		<n32ProjectileNum>1</n32ProjectileNum>
		<n32ProjEmitInter>0</n32ProjEmitInter>
		<bIsPenetrate>0</bIsPenetrate>
		<eCollideRadius>100</eCollideRadius>
		<eLifeTime>3000</eLifeTime>
		<attackEffect>Storm_bullet</attackEffect>
		<FlySound>Feilong5_Attack</FlySound>
		<EventID>120033</EventID>
	</info>
	<info un32ID="130016">
		<szName>寒辉之羽攻击</szName>
		<n32UseMP>0</n32UseMP>
		<n32UseHP>0</n32UseHP>
		<n32UseCP>0</n32UseCP>
		<bIsCoolDown>1</bIsCoolDown>
		<bIsCanMove>1</bIsCanMove>
		<bIsCanBreak>1</bIsCanBreak>
		<n32TriggerRate>1000</n32TriggerRate>
		<bIfAffectBuilding>1</bIfAffectBuilding>
		<bIfAffectHero>1</bIfAffectHero>
		<bIfAffectMonster>1</bIfAffectMonster>
		<EmitTarget>2</EmitTarget>
		<EmitType>1</EmitType>
		<FlySpeed>2700</FlySpeed>
		<FlyPar1>0</FlyPar1>
		<FlyPar2>0</FlyPar2>
		<FlyPar3>0</FlyPar3>
		<n32ProjectileNum>1</n32ProjectileNum>
		<n32ProjEmitInter>0</n32ProjEmitInter>
		<bIsPenetrate>0</bIsPenetrate>
		<eCollideRadius>100</eCollideRadius>
		<eLifeTime>3000</eLifeTime>
		<attackEffect>ice_bullet</attackEffect>
		<FlySound>Dongfashi5_Attack</FlySound>
		<EventID>120034</EventID>
	</info>
	<info un32ID="130017">
		<szName>雷灵攻击-弹跳</szName>
		<n32UseMP>0</n32UseMP>
		<n32UseHP>0</n32UseHP>
		<n32UseCP>0</n32UseCP>
		<bIsCoolDown>1</bIsCoolDown>
		<bIsCanMove>1</bIsCanMove>
		<bIsCanBreak>1</bIsCanBreak>
		<n32TriggerRate>1000</n32TriggerRate>
		<bIfAffectBuilding>0</bIfAffectBuilding>
		<bIfAffectHero>1</bIfAffectHero>
		<bIfAffectMonster>1</bIfAffectMonster>
		<EmitTarget>2</EmitTarget>
		<EmitType>5</EmitType>
		<FlySpeed>1200</FlySpeed>
		<FlyPar1>4</FlyPar1>
		<FlyPar2>800</FlyPar2>
		<FlyPar3>2</FlyPar3>
		<n32ProjectileNum>1</n32ProjectileNum>
		<n32ProjEmitInter>0</n32ProjEmitInter>
		<bIsPenetrate>0</bIsPenetrate>
		<eCollideRadius>100</eCollideRadius>
		<eLifeTime>3000</eLifeTime>
		<attackEffect>thunderattack</attackEffect>
		<FlySound>Dianmanren5_Attack</FlySound>
		<EventID>120017</EventID>
	</info>
	<info un32ID="130018">
		<szName>精灵攻城车攻击</szName>
		<n32UseMP>0</n32UseMP>
		<n32UseHP>0</n32UseHP>
		<n32UseCP>0</n32UseCP>
		<bIsCoolDown>1</bIsCoolDown>
		<bIsCanMove>1</bIsCanMove>
		<bIsCanBreak>1</bIsCanBreak>
		<n32TriggerRate>1000</n32TriggerRate>
		<bIfAffectBuilding>1</bIfAffectBuilding>
		<bIfAffectHero>1</bIfAffectHero>
		<bIfAffectMonster>1</bIfAffectMonster>
		<EmitTarget>2</EmitTarget>
		<EmitType>1</EmitType>
		<FlySpeed>2300</FlySpeed>
		<FlyPar1>0</FlyPar1>
		<FlyPar2>0</FlyPar2>
		<FlyPar3>0</FlyPar3>
		<n32ProjectileNum>1</n32ProjectileNum>
		<n32ProjEmitInter>0</n32ProjEmitInter>
		<bIsPenetrate>0</bIsPenetrate>
		<eCollideRadius>100</eCollideRadius>
		<eLifeTime>3000</eLifeTime>
		<attackEffect>huoqiu1</attackEffect>
		<FlySound>Gongchenche_Attack</FlySound>
		<EventID>120037:0;120038:0;120039:0</EventID>
	</info>
	<info un32ID="130019">
		<szName>亡灵攻城车攻击</szName>
		<n32UseMP>0</n32UseMP>
		<n32UseHP>0</n32UseHP>
		<n32UseCP>0</n32UseCP>
		<bIsCoolDown>1</bIsCoolDown>
		<bIsCanMove>1</bIsCanMove>
		<bIsCanBreak>1</bIsCanBreak>
		<n32TriggerRate>1000</n32TriggerRate>
		<bIfAffectBuilding>1</bIfAffectBuilding>
		<bIfAffectHero>1</bIfAffectHero>
		<bIfAffectMonster>1</bIfAffectMonster>
		<EmitTarget>2</EmitTarget>
		<EmitType>1</EmitType>
		<FlySpeed>2300</FlySpeed>
		<FlyPar1>0</FlyPar1>
		<FlyPar2>0</FlyPar2>
		<FlyPar3>0</FlyPar3>
		<n32ProjectileNum>1</n32ProjectileNum>
		<n32ProjEmitInter>0</n32ProjEmitInter>
		<bIsPenetrate>0</bIsPenetrate>
		<eCollideRadius>100</eCollideRadius>
		<eLifeTime>3000</eLifeTime>
		<attackEffect>huoqiu1</attackEffect>
		<FlySound>Gongchenche_Attack</FlySound>
		<EventID>120040:0;120041:0;120042:0</EventID>
	</info>
	<info un32ID="130020">
		<szName>洞窟蝙蝠攻击</szName>
		<n32UseMP>0</n32UseMP>
		<n32UseHP>0</n32UseHP>
		<n32UseCP>0</n32UseCP>
		<bIsCoolDown>1</bIsCoolDown>
		<bIsCanMove>1</bIsCanMove>
		<bIsCanBreak>1</bIsCanBreak>
		<n32TriggerRate>1000</n32TriggerRate>
		<bIfAffectBuilding>1</bIfAffectBuilding>
		<bIfAffectHero>1</bIfAffectHero>
		<bIfAffectMonster>1</bIfAffectMonster>
		<EmitTarget>2</EmitTarget>
		<EmitType>1</EmitType>
		<FlySpeed>2700</FlySpeed>
		<FlyPar1>0</FlyPar1>
		<FlyPar2>0</FlyPar2>
		<FlyPar3>0</FlyPar3>
		<n32ProjectileNum>1</n32ProjectileNum>
		<n32ProjEmitInter>0</n32ProjEmitInter>
		<bIsPenetrate>0</bIsPenetrate>
		<eCollideRadius>100</eCollideRadius>
		<eLifeTime>3000</eLifeTime>
		<attackEffect>sonic_bullet</attackEffect>
		<FlySound>Feilong5_Attack</FlySound>
		<EventID>120043</EventID>
	</info>
	<info un32ID="130021">
		<szName>瘟疫巫师攻击</szName>
		<n32UseMP>0</n32UseMP>
		<n32UseHP>0</n32UseHP>
		<n32UseCP>0</n32UseCP>
		<bIsCoolDown>1</bIsCoolDown>
		<bIsCanMove>1</bIsCanMove>
		<bIsCanBreak>1</bIsCanBreak>
		<n32TriggerRate>1000</n32TriggerRate>
		<bIfAffectBuilding>1</bIfAffectBuilding>
		<bIfAffectHero>1</bIfAffectHero>
		<bIfAffectMonster>1</bIfAffectMonster>
		<EmitTarget>2</EmitTarget>
		<EmitType>1</EmitType>
		<FlySpeed>2300</FlySpeed>
		<FlyPar1>0</FlyPar1>
		<FlyPar2>0</FlyPar2>
		<FlyPar3>0</FlyPar3>
		<n32ProjectileNum>1</n32ProjectileNum>
		<n32ProjEmitInter>0</n32ProjEmitInter>
		<bIsPenetrate>0</bIsPenetrate>
		<eCollideRadius>100</eCollideRadius>
		<eLifeTime>3000</eLifeTime>
		<attackEffect>plaguewizard_bullet</attackEffect>
		<FlySound>Wenyiwushi_Attack</FlySound>
		<EventID>120044</EventID>
	</info>
	<info un32ID="130022">
		<szName>腐蚀龙攻击</szName>
		<n32UseMP>0</n32UseMP>
		<n32UseHP>0</n32UseHP>
		<n32UseCP>0</n32UseCP>
		<bIsCoolDown>1</bIsCoolDown>
		<bIsCanMove>1</bIsCanMove>
		<bIsCanBreak>1</bIsCanBreak>
		<n32TriggerRate>1000</n32TriggerRate>
		<bIfAffectBuilding>1</bIfAffectBuilding>
		<bIfAffectHero>1</bIfAffectHero>
		<bIfAffectMonster>1</bIfAffectMonster>
		<EmitTarget>2</EmitTarget>
		<EmitType>1</EmitType>
		<FlySpeed>2700</FlySpeed>
		<FlyPar1>0</FlyPar1>
		<FlyPar2>0</FlyPar2>
		<FlyPar3>0</FlyPar3>
		<n32ProjectileNum>1</n32ProjectileNum>
		<n32ProjEmitInter>0</n32ProjEmitInter>
		<bIsPenetrate>0</bIsPenetrate>
		<eCollideRadius>100</eCollideRadius>
		<eLifeTime>3000</eLifeTime>
		<attackEffect>Corrosion_bullet</attackEffect>
		<FlySound>0</FlySound>
		<EventID>120047</EventID>
	</info>
	<info un32ID="130023">
		<szName>贪噬鬼攻击</szName>
		<n32UseMP>0</n32UseMP>
		<n32UseHP>0</n32UseHP>
		<n32UseCP>0</n32UseCP>
		<bIsCoolDown>1</bIsCoolDown>
		<bIsCanMove>1</bIsCanMove>
		<bIsCanBreak>1</bIsCanBreak>
		<n32TriggerRate>1000</n32TriggerRate>
		<bIfAffectBuilding>1</bIfAffectBuilding>
		<bIfAffectHero>1</bIfAffectHero>
		<bIfAffectMonster>1</bIfAffectMonster>
		<EmitTarget>2</EmitTarget>
		<EmitType>1</EmitType>
		<FlySpeed>2800</FlySpeed>
		<FlyPar1>0</FlyPar1>
		<FlyPar2>0</FlyPar2>
		<FlyPar3>0</FlyPar3>
		<n32ProjectileNum>1</n32ProjectileNum>
		<n32ProjEmitInter>0</n32ProjEmitInter>
		<bIsPenetrate>0</bIsPenetrate>
		<eCollideRadius>100</eCollideRadius>
		<eLifeTime>3000</eLifeTime>
		<attackEffect>dagger_bullet</attackEffect>
		<FlySound>Tanshigui_Attack</FlySound>
		<EventID>120049</EventID>
	</info>
	<info/>
	<info un32ID="131001">
		<szName>樱花之风等级1</szName>
		<n32UseMP>0</n32UseMP>
		<n32UseHP>0</n32UseHP>
		<n32UseCP>0</n32UseCP>
		<bIsCoolDown>1</bIsCoolDown>
		<bIsCanMove>1</bIsCanMove>
		<bIsCanBreak>1</bIsCanBreak>
		<n32TriggerRate>1000</n32TriggerRate>
		<bIfAffectBuilding>0</bIfAffectBuilding>
		<bIfAffectHero>1</bIfAffectHero>
		<bIfAffectMonster>1</bIfAffectMonster>
		<EmitTarget>2</EmitTarget>
		<EmitType>2</EmitType>
		<FlySpeed>2500</FlySpeed>
		<FlyPar1>0</FlyPar1>
		<FlyPar2>0</FlyPar2>
		<FlyPar3>0</FlyPar3>
		<n32ProjectileNum>1</n32ProjectileNum>
		<n32ProjEmitInter>0</n32ProjEmitInter>
		<bIsPenetrate>1</bIsPenetrate>
		<eCollideRadius>300</eCollideRadius>
		<eLifeTime>800</eLifeTime>
		<attackEffect>sakuraline</attackEffect>
		<FlySound>Nvyao5_Skill 1</FlySound>
		<EventID>121001:0;160019:0</EventID>
	</info>
	<info un32ID="131002">
		<szName>樱花之风等级2</szName>
		<n32UseMP>0</n32UseMP>
		<n32UseHP>0</n32UseHP>
		<n32UseCP>0</n32UseCP>
		<bIsCoolDown>1</bIsCoolDown>
		<bIsCanMove>1</bIsCanMove>
		<bIsCanBreak>1</bIsCanBreak>
		<n32TriggerRate>1000</n32TriggerRate>
		<bIfAffectBuilding>0</bIfAffectBuilding>
		<bIfAffectHero>1</bIfAffectHero>
		<bIfAffectMonster>1</bIfAffectMonster>
		<EmitTarget>2</EmitTarget>
		<EmitType>2</EmitType>
		<FlySpeed>2500</FlySpeed>
		<FlyPar1>0</FlyPar1>
		<FlyPar2>0</FlyPar2>
		<FlyPar3>0</FlyPar3>
		<n32ProjectileNum>1</n32ProjectileNum>
		<n32ProjEmitInter>0</n32ProjEmitInter>
		<bIsPenetrate>1</bIsPenetrate>
		<eCollideRadius>300</eCollideRadius>
		<eLifeTime>800</eLifeTime>
		<attackEffect>sakuraline</attackEffect>
		<FlySound>Nvyao5_Skill 1</FlySound>
		<EventID>121002:0;160020:0</EventID>
	</info>
	<info un32ID="131003">
		<szName>樱花之风等级3</szName>
		<n32UseMP>0</n32UseMP>
		<n32UseHP>0</n32UseHP>
		<n32UseCP>0</n32UseCP>
		<bIsCoolDown>1</bIsCoolDown>
		<bIsCanMove>1</bIsCanMove>
		<bIsCanBreak>1</bIsCanBreak>
		<n32TriggerRate>1000</n32TriggerRate>
		<bIfAffectBuilding>0</bIfAffectBuilding>
		<bIfAffectHero>1</bIfAffectHero>
		<bIfAffectMonster>1</bIfAffectMonster>
		<EmitTarget>2</EmitTarget>
		<EmitType>2</EmitType>
		<FlySpeed>2500</FlySpeed>
		<FlyPar1>0</FlyPar1>
		<FlyPar2>0</FlyPar2>
		<FlyPar3>0</FlyPar3>
		<n32ProjectileNum>1</n32ProjectileNum>
		<n32ProjEmitInter>0</n32ProjEmitInter>
		<bIsPenetrate>1</bIsPenetrate>
		<eCollideRadius>300</eCollideRadius>
		<eLifeTime>800</eLifeTime>
		<attackEffect>sakuraline</attackEffect>
		<FlySound>Nvyao5_Skill 1</FlySound>
		<EventID>121003:0;160021:0</EventID>
	</info>
	<info/>
	<info/>
	<info/>
	<info un32ID="131007">
		<szName>鬼影斩等级1</szName>
		<n32UseMP>0</n32UseMP>
		<n32UseHP>0</n32UseHP>
		<n32UseCP>0</n32UseCP>
		<bIsCoolDown>1</bIsCoolDown>
		<bIsCanMove>1</bIsCanMove>
		<bIsCanBreak>1</bIsCanBreak>
		<n32TriggerRate>1000</n32TriggerRate>
		<bIfAffectBuilding>0</bIfAffectBuilding>
		<bIfAffectHero>1</bIfAffectHero>
		<bIfAffectMonster>1</bIfAffectMonster>
		<EmitTarget>2</EmitTarget>
		<EmitType>4</EmitType>
		<FlySpeed>2200</FlySpeed>
		<FlyPar1>3</FlyPar1>
		<FlyPar2>1000</FlyPar2>
		<FlyPar3>1</FlyPar3>
		<n32ProjectileNum>1</n32ProjectileNum>
		<n32ProjEmitInter>0</n32ProjEmitInter>
		<bIsPenetrate>0</bIsPenetrate>
		<eCollideRadius>100</eCollideRadius>
		<eLifeTime>10000</eLifeTime>
		<attackEffect>guirenzhan</attackEffect>
		<FlySound>Xiyiren5_Skill 2</FlySound>
		<EventID>121016:0;160028:0;121110:0</EventID>
	</info>
	<info un32ID="131008">
		<szName>鬼影斩等级2</szName>
		<n32UseMP>0</n32UseMP>
		<n32UseHP>0</n32UseHP>
		<n32UseCP>0</n32UseCP>
		<bIsCoolDown>1</bIsCoolDown>
		<bIsCanMove>1</bIsCanMove>
		<bIsCanBreak>1</bIsCanBreak>
		<n32TriggerRate>1000</n32TriggerRate>
		<bIfAffectBuilding>0</bIfAffectBuilding>
		<bIfAffectHero>1</bIfAffectHero>
		<bIfAffectMonster>1</bIfAffectMonster>
		<EmitTarget>2</EmitTarget>
		<EmitType>4</EmitType>
		<FlySpeed>2200</FlySpeed>
		<FlyPar1>3</FlyPar1>
		<FlyPar2>1000</FlyPar2>
		<FlyPar3>1</FlyPar3>
		<n32ProjectileNum>1</n32ProjectileNum>
		<n32ProjEmitInter>0</n32ProjEmitInter>
		<bIsPenetrate>0</bIsPenetrate>
		<eCollideRadius>100</eCollideRadius>
		<eLifeTime>10000</eLifeTime>
		<attackEffect>guirenzhan</attackEffect>
		<FlySound>Xiyiren5_Skill 2</FlySound>
		<EventID>121017:0;160029:0;121111:0</EventID>
	</info>
	<info un32ID="131009">
		<szName>鬼影斩等级3</szName>
		<n32UseMP>0</n32UseMP>
		<n32UseHP>0</n32UseHP>
		<n32UseCP>0</n32UseCP>
		<bIsCoolDown>1</bIsCoolDown>
		<bIsCanMove>1</bIsCanMove>
		<bIsCanBreak>1</bIsCanBreak>
		<n32TriggerRate>1000</n32TriggerRate>
		<bIfAffectBuilding>0</bIfAffectBuilding>
		<bIfAffectHero>1</bIfAffectHero>
		<bIfAffectMonster>1</bIfAffectMonster>
		<EmitTarget>2</EmitTarget>
		<EmitType>4</EmitType>
		<FlySpeed>2200</FlySpeed>
		<FlyPar1>3</FlyPar1>
		<FlyPar2>1000</FlyPar2>
		<FlyPar3>1</FlyPar3>
		<n32ProjectileNum>1</n32ProjectileNum>
		<n32ProjEmitInter>0</n32ProjEmitInter>
		<bIsPenetrate>0</bIsPenetrate>
		<eCollideRadius>100</eCollideRadius>
		<eLifeTime>10000</eLifeTime>
		<attackEffect>guirenzhan</attackEffect>
		<FlySound>Xiyiren5_Skill 2</FlySound>
		<EventID>121018:0;160030:0;121112:0</EventID>
	</info>
	<info un32ID="131010">
		<szName>霜冻之球等级1</szName>
		<n32UseMP>0</n32UseMP>
		<n32UseHP>0</n32UseHP>
		<n32UseCP>0</n32UseCP>
		<bIsCoolDown>1</bIsCoolDown>
		<bIsCanMove>1</bIsCanMove>
		<bIsCanBreak>1</bIsCanBreak>
		<n32TriggerRate>1000</n32TriggerRate>
		<bIfAffectBuilding>0</bIfAffectBuilding>
		<bIfAffectHero>1</bIfAffectHero>
		<bIfAffectMonster>1</bIfAffectMonster>
		<EmitTarget>3</EmitTarget>
		<EmitType>1</EmitType>
		<FlySpeed>2500</FlySpeed>
		<FlyPar1>0</FlyPar1>
		<FlyPar2>0</FlyPar2>
		<FlyPar3>0</FlyPar3>
		<n32ProjectileNum>1</n32ProjectileNum>
		<n32ProjEmitInter>0</n32ProjEmitInter>
		<bIsPenetrate>0</bIsPenetrate>
		<eCollideRadius>100</eCollideRadius>
		<eLifeTime>4000</eLifeTime>
		<attackEffect>icewall</attackEffect>
		<FlySound>Dongfashi5_Skill 2</FlySound>
		<EventID>121081:0;160031:0;160034:0</EventID>
	</info>
	<info un32ID="131011">
		<szName>霜冻之球等级2</szName>
		<n32UseMP>0</n32UseMP>
		<n32UseHP>0</n32UseHP>
		<n32UseCP>0</n32UseCP>
		<bIsCoolDown>1</bIsCoolDown>
		<bIsCanMove>1</bIsCanMove>
		<bIsCanBreak>1</bIsCanBreak>
		<n32TriggerRate>1000</n32TriggerRate>
		<bIfAffectBuilding>0</bIfAffectBuilding>
		<bIfAffectHero>1</bIfAffectHero>
		<bIfAffectMonster>1</bIfAffectMonster>
		<EmitTarget>3</EmitTarget>
		<EmitType>1</EmitType>
		<FlySpeed>2500</FlySpeed>
		<FlyPar1>0</FlyPar1>
		<FlyPar2>0</FlyPar2>
		<FlyPar3>0</FlyPar3>
		<n32ProjectileNum>1</n32ProjectileNum>
		<n32ProjEmitInter>0</n32ProjEmitInter>
		<bIsPenetrate>0</bIsPenetrate>
		<eCollideRadius>100</eCollideRadius>
		<eLifeTime>4000</eLifeTime>
		<attackEffect>icewall</attackEffect>
		<FlySound>Dongfashi5_Skill 2</FlySound>
		<EventID>121081:0;160032:0;160035:0</EventID>
	</info>
	<info un32ID="131012">
		<szName>霜冻之球等级3</szName>
		<n32UseMP>0</n32UseMP>
		<n32UseHP>0</n32UseHP>
		<n32UseCP>0</n32UseCP>
		<bIsCoolDown>1</bIsCoolDown>
		<bIsCanMove>1</bIsCanMove>
		<bIsCanBreak>1</bIsCanBreak>
		<n32TriggerRate>1000</n32TriggerRate>
		<bIfAffectBuilding>0</bIfAffectBuilding>
		<bIfAffectHero>1</bIfAffectHero>
		<bIfAffectMonster>1</bIfAffectMonster>
		<EmitTarget>3</EmitTarget>
		<EmitType>1</EmitType>
		<FlySpeed>2500</FlySpeed>
		<FlyPar1>0</FlyPar1>
		<FlyPar2>0</FlyPar2>
		<FlyPar3>0</FlyPar3>
		<n32ProjectileNum>1</n32ProjectileNum>
		<n32ProjEmitInter>0</n32ProjEmitInter>
		<bIsPenetrate>0</bIsPenetrate>
		<eCollideRadius>100</eCollideRadius>
		<eLifeTime>4000</eLifeTime>
		<attackEffect>icewall</attackEffect>
		<FlySound>Dongfashi5_Skill 2</FlySound>
		<EventID>121081:0;160033:0;160036:0</EventID>
	</info>
	<info/>
	<info/>
	<info un32ID="131015">
		<szName>火球喷吐EX</szName>
		<n32UseMP>0</n32UseMP>
		<n32UseHP>0</n32UseHP>
		<n32UseCP>0</n32UseCP>
		<bIsCoolDown>1</bIsCoolDown>
		<bIsCanMove>1</bIsCanMove>
		<bIsCanBreak>1</bIsCanBreak>
		<n32TriggerRate>1000</n32TriggerRate>
		<bIfAffectBuilding>0</bIfAffectBuilding>
		<bIfAffectHero>1</bIfAffectHero>
		<bIfAffectMonster>1</bIfAffectMonster>
		<EmitTarget>2</EmitTarget>
		<EmitType>1</EmitType>
		<FlySpeed>2700</FlySpeed>
		<FlyPar1>0</FlyPar1>
		<FlyPar2>0</FlyPar2>
		<FlyPar3>0</FlyPar3>
		<n32ProjectileNum>1</n32ProjectileNum>
		<n32ProjEmitInter>0</n32ProjEmitInter>
		<bIsPenetrate>0</bIsPenetrate>
		<eCollideRadius>100</eCollideRadius>
		<eLifeTime>5000</eLifeTime>
		<attackEffect>firespear</attackEffect>
		<FlySound>Feilong5_Skill 2</FlySound>
		<EventID>121057:0;140029:0</EventID>
	</info>
	<info un32ID="131016">
		<szName>月神之箭等级1</szName>
		<n32UseMP>0</n32UseMP>
		<n32UseHP>0</n32UseHP>
		<n32UseCP>0</n32UseCP>
		<bIsCoolDown>1</bIsCoolDown>
		<bIsCanMove>1</bIsCanMove>
		<bIsCanBreak>1</bIsCanBreak>
		<n32TriggerRate>1000</n32TriggerRate>
		<bIfAffectBuilding>0</bIfAffectBuilding>
		<bIfAffectHero>1</bIfAffectHero>
		<bIfAffectMonster>1</bIfAffectMonster>
		<EmitTarget>2</EmitTarget>
		<EmitType>1</EmitType>
		<FlySpeed>3500</FlySpeed>
		<FlyPar1>0</FlyPar1>
		<FlyPar2>0</FlyPar2>
		<FlyPar3>0</FlyPar3>
		<n32ProjectileNum>1</n32ProjectileNum>
		<n32ProjEmitInter>0</n32ProjEmitInter>
		<bIsPenetrate>0</bIsPenetrate>
		<eCollideRadius>100</eCollideRadius>
		<eLifeTime>3000</eLifeTime>
		<attackEffect>icearrow</attackEffect>
		<FlySound>Jinglingnv5_Skill 1</FlySound>
		<EventID>121083:0;160004:0</EventID>
	</info>
	<info un32ID="131017">
		<szName>月神之箭等级2</szName>
		<n32UseMP>0</n32UseMP>
		<n32UseHP>0</n32UseHP>
		<n32UseCP>0</n32UseCP>
		<bIsCoolDown>1</bIsCoolDown>
		<bIsCanMove>1</bIsCanMove>
		<bIsCanBreak>1</bIsCanBreak>
		<n32TriggerRate>1000</n32TriggerRate>
		<bIfAffectBuilding>0</bIfAffectBuilding>
		<bIfAffectHero>1</bIfAffectHero>
		<bIfAffectMonster>1</bIfAffectMonster>
		<EmitTarget>2</EmitTarget>
		<EmitType>1</EmitType>
		<FlySpeed>3500</FlySpeed>
		<FlyPar1>0</FlyPar1>
		<FlyPar2>0</FlyPar2>
		<FlyPar3>0</FlyPar3>
		<n32ProjectileNum>1</n32ProjectileNum>
		<n32ProjEmitInter>0</n32ProjEmitInter>
		<bIsPenetrate>0</bIsPenetrate>
		<eCollideRadius>100</eCollideRadius>
		<eLifeTime>3000</eLifeTime>
		<attackEffect>icearrow</attackEffect>
		<FlySound>Jinglingnv5_Skill 1</FlySound>
		<EventID>121084:0;160005:0</EventID>
	</info>
	<info un32ID="131018">
		<szName>月神之箭等级3</szName>
		<n32UseMP>0</n32UseMP>
		<n32UseHP>0</n32UseHP>
		<n32UseCP>0</n32UseCP>
		<bIsCoolDown>1</bIsCoolDown>
		<bIsCanMove>1</bIsCanMove>
		<bIsCanBreak>1</bIsCanBreak>
		<n32TriggerRate>1000</n32TriggerRate>
		<bIfAffectBuilding>0</bIfAffectBuilding>
		<bIfAffectHero>1</bIfAffectHero>
		<bIfAffectMonster>1</bIfAffectMonster>
		<EmitTarget>2</EmitTarget>
		<EmitType>1</EmitType>
		<FlySpeed>3500</FlySpeed>
		<FlyPar1>0</FlyPar1>
		<FlyPar2>0</FlyPar2>
		<FlyPar3>0</FlyPar3>
		<n32ProjectileNum>1</n32ProjectileNum>
		<n32ProjEmitInter>0</n32ProjEmitInter>
		<bIsPenetrate>0</bIsPenetrate>
		<eCollideRadius>100</eCollideRadius>
		<eLifeTime>3000</eLifeTime>
		<attackEffect>icearrow</attackEffect>
		<FlySound>Jinglingnv5_Skill 1</FlySound>
		<EventID>121085:0;160006:0</EventID>
	</info>
	<info un32ID="131019">
		<szName>剧毒之种等级1</szName>
		<n32UseMP>0</n32UseMP>
		<n32UseHP>0</n32UseHP>
		<n32UseCP>0</n32UseCP>
		<bIsCoolDown>1</bIsCoolDown>
		<bIsCanMove>1</bIsCanMove>
		<bIsCanBreak>1</bIsCanBreak>
		<n32TriggerRate>1000</n32TriggerRate>
		<bIfAffectBuilding>0</bIfAffectBuilding>
		<bIfAffectHero>1</bIfAffectHero>
		<bIfAffectMonster>1</bIfAffectMonster>
		<EmitTarget>2</EmitTarget>
		<EmitType>1</EmitType>
		<FlySpeed>3000</FlySpeed>
		<FlyPar1>0</FlyPar1>
		<FlyPar2>0</FlyPar2>
		<FlyPar3>0</FlyPar3>
		<n32ProjectileNum>1</n32ProjectileNum>
		<n32ProjEmitInter>0</n32ProjEmitInter>
		<bIsPenetrate>0</bIsPenetrate>
		<eCollideRadius>100</eCollideRadius>
		<eLifeTime>4000</eLifeTime>
		<attackEffect>poisonseed</attackEffect>
		<FlySound>Zhizhu5_Skill 1</FlySound>
		<EventID>160037</EventID>
	</info>
	<info un32ID="131020">
		<szName>剧毒之种等级2</szName>
		<n32UseMP>0</n32UseMP>
		<n32UseHP>0</n32UseHP>
		<n32UseCP>0</n32UseCP>
		<bIsCoolDown>1</bIsCoolDown>
		<bIsCanMove>1</bIsCanMove>
		<bIsCanBreak>1</bIsCanBreak>
		<n32TriggerRate>1000</n32TriggerRate>
		<bIfAffectBuilding>0</bIfAffectBuilding>
		<bIfAffectHero>1</bIfAffectHero>
		<bIfAffectMonster>1</bIfAffectMonster>
		<EmitTarget>2</EmitTarget>
		<EmitType>1</EmitType>
		<FlySpeed>3000</FlySpeed>
		<FlyPar1>0</FlyPar1>
		<FlyPar2>0</FlyPar2>
		<FlyPar3>0</FlyPar3>
		<n32ProjectileNum>1</n32ProjectileNum>
		<n32ProjEmitInter>0</n32ProjEmitInter>
		<bIsPenetrate>0</bIsPenetrate>
		<eCollideRadius>100</eCollideRadius>
		<eLifeTime>4000</eLifeTime>
		<attackEffect>poisonseed</attackEffect>
		<FlySound>Zhizhu5_Skill 1</FlySound>
		<EventID>160038</EventID>
	</info>
	<info un32ID="131021">
		<szName>剧毒之种等级3</szName>
		<n32UseMP>0</n32UseMP>
		<n32UseHP>0</n32UseHP>
		<n32UseCP>0</n32UseCP>
		<bIsCoolDown>1</bIsCoolDown>
		<bIsCanMove>1</bIsCanMove>
		<bIsCanBreak>1</bIsCanBreak>
		<n32TriggerRate>1000</n32TriggerRate>
		<bIfAffectBuilding>0</bIfAffectBuilding>
		<bIfAffectHero>1</bIfAffectHero>
		<bIfAffectMonster>1</bIfAffectMonster>
		<EmitTarget>2</EmitTarget>
		<EmitType>1</EmitType>
		<FlySpeed>3000</FlySpeed>
		<FlyPar1>0</FlyPar1>
		<FlyPar2>0</FlyPar2>
		<FlyPar3>0</FlyPar3>
		<n32ProjectileNum>1</n32ProjectileNum>
		<n32ProjEmitInter>0</n32ProjEmitInter>
		<bIsPenetrate>0</bIsPenetrate>
		<eCollideRadius>100</eCollideRadius>
		<eLifeTime>4000</eLifeTime>
		<attackEffect>poisonseed</attackEffect>
		<FlySound>Zhizhu5_Skill 1</FlySound>
		<EventID>160039</EventID>
	</info>
	<info un32ID="131022">
		<szName>蛛网束缚等级1</szName>
		<n32UseMP>0</n32UseMP>
		<n32UseHP>0</n32UseHP>
		<n32UseCP>0</n32UseCP>
		<bIsCoolDown>1</bIsCoolDown>
		<bIsCanMove>1</bIsCanMove>
		<bIsCanBreak>1</bIsCanBreak>
		<n32TriggerRate>1000</n32TriggerRate>
		<bIfAffectBuilding>0</bIfAffectBuilding>
		<bIfAffectHero>1</bIfAffectHero>
		<bIfAffectMonster>1</bIfAffectMonster>
		<EmitTarget>2</EmitTarget>
		<EmitType>1</EmitType>
		<FlySpeed>3500</FlySpeed>
		<FlyPar1>0</FlyPar1>
		<FlyPar2>0</FlyPar2>
		<FlyPar3>0</FlyPar3>
		<n32ProjectileNum>1</n32ProjectileNum>
		<n32ProjEmitInter>0</n32ProjEmitInter>
		<bIsPenetrate>0</bIsPenetrate>
		<eCollideRadius>100</eCollideRadius>
		<eLifeTime>4000</eLifeTime>
		<attackEffect>zhuwangfeixing</attackEffect>
		<FlySound>Zhizhu5_Skill 2</FlySound>
		<EventID>160007:0;121087:0</EventID>
	</info>
	<info un32ID="131023">
		<szName>蛛网束缚等级2</szName>
		<n32UseMP>0</n32UseMP>
		<n32UseHP>0</n32UseHP>
		<n32UseCP>0</n32UseCP>
		<bIsCoolDown>1</bIsCoolDown>
		<bIsCanMove>1</bIsCanMove>
		<bIsCanBreak>1</bIsCanBreak>
		<n32TriggerRate>1000</n32TriggerRate>
		<bIfAffectBuilding>0</bIfAffectBuilding>
		<bIfAffectHero>1</bIfAffectHero>
		<bIfAffectMonster>1</bIfAffectMonster>
		<EmitTarget>2</EmitTarget>
		<EmitType>1</EmitType>
		<FlySpeed>3500</FlySpeed>
		<FlyPar1>0</FlyPar1>
		<FlyPar2>0</FlyPar2>
		<FlyPar3>0</FlyPar3>
		<n32ProjectileNum>1</n32ProjectileNum>
		<n32ProjEmitInter>0</n32ProjEmitInter>
		<bIsPenetrate>0</bIsPenetrate>
		<eCollideRadius>100</eCollideRadius>
		<eLifeTime>4000</eLifeTime>
		<attackEffect>zhuwangfeixing</attackEffect>
		<FlySound>Zhizhu5_Skill 2</FlySound>
		<EventID>160008:0;121088:0</EventID>
	</info>
	<info un32ID="131024">
		<szName>蛛网束缚等级3</szName>
		<n32UseMP>0</n32UseMP>
		<n32UseHP>0</n32UseHP>
		<n32UseCP>0</n32UseCP>
		<bIsCoolDown>1</bIsCoolDown>
		<bIsCanMove>1</bIsCanMove>
		<bIsCanBreak>1</bIsCanBreak>
		<n32TriggerRate>1000</n32TriggerRate>
		<bIfAffectBuilding>0</bIfAffectBuilding>
		<bIfAffectHero>1</bIfAffectHero>
		<bIfAffectMonster>1</bIfAffectMonster>
		<EmitTarget>2</EmitTarget>
		<EmitType>1</EmitType>
		<FlySpeed>3500</FlySpeed>
		<FlyPar1>0</FlyPar1>
		<FlyPar2>0</FlyPar2>
		<FlyPar3>0</FlyPar3>
		<n32ProjectileNum>1</n32ProjectileNum>
		<n32ProjEmitInter>0</n32ProjEmitInter>
		<bIsPenetrate>0</bIsPenetrate>
		<eCollideRadius>100</eCollideRadius>
		<eLifeTime>4000</eLifeTime>
		<attackEffect>zhuwangfeixing</attackEffect>
		<FlySound>Zhizhu5_Skill 2</FlySound>
		<EventID>160009:0;121089:0</EventID>
	</info>
	<info un32ID="131025">
		<szName>旋风飞斧等级1</szName>
		<n32UseMP>0</n32UseMP>
		<n32UseHP>0</n32UseHP>
		<n32UseCP>0</n32UseCP>
		<bIsCoolDown>1</bIsCoolDown>
		<bIsCanMove>1</bIsCanMove>
		<bIsCanBreak>1</bIsCanBreak>
		<n32TriggerRate>1000</n32TriggerRate>
		<bIfAffectBuilding>0</bIfAffectBuilding>
		<bIfAffectHero>1</bIfAffectHero>
		<bIfAffectMonster>1</bIfAffectMonster>
		<EmitTarget>2</EmitTarget>
		<EmitType>2</EmitType>
		<FlySpeed>2500</FlySpeed>
		<FlyPar1>0</FlyPar1>
		<FlyPar2>0</FlyPar2>
		<FlyPar3>0</FlyPar3>
		<n32ProjectileNum>1</n32ProjectileNum>
		<n32ProjEmitInter>0</n32ProjEmitInter>
		<bIsPenetrate>0</bIsPenetrate>
		<eCollideRadius>300</eCollideRadius>
		<eLifeTime>800</eLifeTime>
		<attackEffect>feifu</attackEffect>
		<FlySound>Renma_Skill 2</FlySound>
		<EventID>140079</EventID>
	</info>
	<info un32ID="131026">
		<szName>旋风飞斧等级2</szName>
		<n32UseMP>0</n32UseMP>
		<n32UseHP>0</n32UseHP>
		<n32UseCP>0</n32UseCP>
		<bIsCoolDown>1</bIsCoolDown>
		<bIsCanMove>1</bIsCanMove>
		<bIsCanBreak>1</bIsCanBreak>
		<n32TriggerRate>1000</n32TriggerRate>
		<bIfAffectBuilding>0</bIfAffectBuilding>
		<bIfAffectHero>1</bIfAffectHero>
		<bIfAffectMonster>1</bIfAffectMonster>
		<EmitTarget>2</EmitTarget>
		<EmitType>2</EmitType>
		<FlySpeed>2500</FlySpeed>
		<FlyPar1>0</FlyPar1>
		<FlyPar2>0</FlyPar2>
		<FlyPar3>0</FlyPar3>
		<n32ProjectileNum>1</n32ProjectileNum>
		<n32ProjEmitInter>0</n32ProjEmitInter>
		<bIsPenetrate>0</bIsPenetrate>
		<eCollideRadius>300</eCollideRadius>
		<eLifeTime>800</eLifeTime>
		<attackEffect>feifu</attackEffect>
		<FlySound>Renma_Skill 2</FlySound>
		<EventID>140080</EventID>
	</info>
	<info un32ID="131027">
		<szName>旋风飞斧等级3</szName>
		<n32UseMP>0</n32UseMP>
		<n32UseHP>0</n32UseHP>
		<n32UseCP>0</n32UseCP>
		<bIsCoolDown>1</bIsCoolDown>
		<bIsCanMove>1</bIsCanMove>
		<bIsCanBreak>1</bIsCanBreak>
		<n32TriggerRate>1000</n32TriggerRate>
		<bIfAffectBuilding>0</bIfAffectBuilding>
		<bIfAffectHero>1</bIfAffectHero>
		<bIfAffectMonster>1</bIfAffectMonster>
		<EmitTarget>2</EmitTarget>
		<EmitType>2</EmitType>
		<FlySpeed>2500</FlySpeed>
		<FlyPar1>0</FlyPar1>
		<FlyPar2>0</FlyPar2>
		<FlyPar3>0</FlyPar3>
		<n32ProjectileNum>1</n32ProjectileNum>
		<n32ProjEmitInter>0</n32ProjEmitInter>
		<bIsPenetrate>0</bIsPenetrate>
		<eCollideRadius>300</eCollideRadius>
		<eLifeTime>800</eLifeTime>
		<attackEffect>feifu</attackEffect>
		<FlySound>Renma_Skill 2</FlySound>
		<EventID>140081</EventID>
	</info>
	<info un32ID="131028">
		<szName>凯撒锐爪等级1</szName>
		<n32UseMP>0</n32UseMP>
		<n32UseHP>0</n32UseHP>
		<n32UseCP>0</n32UseCP>
		<bIsCoolDown>1</bIsCoolDown>
		<bIsCanMove>1</bIsCanMove>
		<bIsCanBreak>1</bIsCanBreak>
		<n32TriggerRate>1000</n32TriggerRate>
		<bIfAffectBuilding>0</bIfAffectBuilding>
		<bIfAffectHero>1</bIfAffectHero>
		<bIfAffectMonster>1</bIfAffectMonster>
		<EmitTarget>2</EmitTarget>
		<EmitType>2</EmitType>
		<FlySpeed>2500</FlySpeed>
		<FlyPar1>0</FlyPar1>
		<FlyPar2>0</FlyPar2>
		<FlyPar3>0</FlyPar3>
		<n32ProjectileNum>1</n32ProjectileNum>
		<n32ProjEmitInter>0</n32ProjEmitInter>
		<bIsPenetrate>1</bIsPenetrate>
		<eCollideRadius>300</eCollideRadius>
		<eLifeTime>900</eLifeTime>
		<attackEffect>kaisaruizhua</attackEffect>
		<FlySound>Xiong5_Skill 1</FlySound>
		<EventID>121037:0;160040:0;121136:0</EventID>
	</info>
	<info un32ID="131029">
		<szName>凯撒锐爪等级2</szName>
		<n32UseMP>0</n32UseMP>
		<n32UseHP>0</n32UseHP>
		<n32UseCP>0</n32UseCP>
		<bIsCoolDown>1</bIsCoolDown>
		<bIsCanMove>1</bIsCanMove>
		<bIsCanBreak>1</bIsCanBreak>
		<n32TriggerRate>1000</n32TriggerRate>
		<bIfAffectBuilding>0</bIfAffectBuilding>
		<bIfAffectHero>1</bIfAffectHero>
		<bIfAffectMonster>1</bIfAffectMonster>
		<EmitTarget>2</EmitTarget>
		<EmitType>2</EmitType>
		<FlySpeed>2500</FlySpeed>
		<FlyPar1>0</FlyPar1>
		<FlyPar2>0</FlyPar2>
		<FlyPar3>0</FlyPar3>
		<n32ProjectileNum>1</n32ProjectileNum>
		<n32ProjEmitInter>0</n32ProjEmitInter>
		<bIsPenetrate>1</bIsPenetrate>
		<eCollideRadius>300</eCollideRadius>
		<eLifeTime>900</eLifeTime>
		<attackEffect>kaisaruizhua</attackEffect>
		<FlySound>Xiong5_Skill 1</FlySound>
		<EventID>121038:0;160041:0;121137:0</EventID>
	</info>
	<info un32ID="131030">
		<szName>凯撒锐爪等级3</szName>
		<n32UseMP>0</n32UseMP>
		<n32UseHP>0</n32UseHP>
		<n32UseCP>0</n32UseCP>
		<bIsCoolDown>1</bIsCoolDown>
		<bIsCanMove>1</bIsCanMove>
		<bIsCanBreak>1</bIsCanBreak>
		<n32TriggerRate>1000</n32TriggerRate>
		<bIfAffectBuilding>0</bIfAffectBuilding>
		<bIfAffectHero>1</bIfAffectHero>
		<bIfAffectMonster>1</bIfAffectMonster>
		<EmitTarget>2</EmitTarget>
		<EmitType>2</EmitType>
		<FlySpeed>2500</FlySpeed>
		<FlyPar1>0</FlyPar1>
		<FlyPar2>0</FlyPar2>
		<FlyPar3>0</FlyPar3>
		<n32ProjectileNum>1</n32ProjectileNum>
		<n32ProjEmitInter>0</n32ProjEmitInter>
		<bIsPenetrate>1</bIsPenetrate>
		<eCollideRadius>300</eCollideRadius>
		<eLifeTime>900</eLifeTime>
		<attackEffect>kaisaruizhua</attackEffect>
		<FlySound>Xiong5_Skill 1</FlySound>
		<EventID>121039:0;160042:0;121138:0</EventID>
	</info>
	<info/>
	<info un32ID="131031">
		<szName>蛛网束缚EX</szName>
		<n32UseMP>0</n32UseMP>
		<n32UseHP>0</n32UseHP>
		<n32UseCP>0</n32UseCP>
		<bIsCoolDown>1</bIsCoolDown>
		<bIsCanMove>1</bIsCanMove>
		<bIsCanBreak>1</bIsCanBreak>
		<n32TriggerRate>1000</n32TriggerRate>
		<bIfAffectBuilding>0</bIfAffectBuilding>
		<bIfAffectHero>1</bIfAffectHero>
		<bIfAffectMonster>1</bIfAffectMonster>
		<EmitTarget>2</EmitTarget>
		<EmitType>7</EmitType>
		<FlySpeed>3500</FlySpeed>
		<FlyPar1>0</FlyPar1>
		<FlyPar2>1300</FlyPar2>
		<FlyPar3>0</FlyPar3>
		<n32ProjectileNum>4</n32ProjectileNum>
		<n32ProjEmitInter>0</n32ProjEmitInter>
		<bIsPenetrate>0</bIsPenetrate>
		<eCollideRadius>100</eCollideRadius>
		<eLifeTime>3000</eLifeTime>
		<attackEffect>zhuwangfeixing</attackEffect>
		<FlySound>Zhizhu5_Skill 2</FlySound>
		<EventID>160053:0;121090:0</EventID>
	</info>
	<info un32ID="131032">
		<szName>锁链长勾</szName>
		<n32UseMP>0</n32UseMP>
		<n32UseHP>0</n32UseHP>
		<n32UseCP>0</n32UseCP>
		<bIsCoolDown>1</bIsCoolDown>
		<bIsCanMove>0</bIsCanMove>
		<bIsCanBreak>0</bIsCanBreak>
		<n32TriggerRate>1000</n32TriggerRate>
		<bIfAffectBuilding>0</bIfAffectBuilding>
		<bIfAffectHero>1</bIfAffectHero>
		<bIfAffectMonster>1</bIfAffectMonster>
		<EmitTarget>2</EmitTarget>
		<EmitType>2</EmitType>
		<FlySpeed>2000</FlySpeed>
		<FlyPar1>0</FlyPar1>
		<FlyPar2>0</FlyPar2>
		<FlyPar3>0</FlyPar3>
		<n32ProjectileNum>1</n32ProjectileNum>
		<n32ProjEmitInter>0</n32ProjEmitInter>
		<bIsPenetrate>0</bIsPenetrate>
		<eCollideRadius>300</eCollideRadius>
		<eLifeTime>1000</eLifeTime>
		<attackEffect>suolian</attackEffect>
		<FlySound>Kulouqishi5_Skill 1</FlySound>
		<EventID>121109:0;170008:0</EventID>
	</info>
	<info un32ID="131033">
		<szName>鬼影斩EX</szName>
		<n32UseMP>0</n32UseMP>
		<n32UseHP>0</n32UseHP>
		<n32UseCP>0</n32UseCP>
		<bIsCoolDown>1</bIsCoolDown>
		<bIsCanMove>1</bIsCanMove>
		<bIsCanBreak>1</bIsCanBreak>
		<n32TriggerRate>1000</n32TriggerRate>
		<bIfAffectBuilding>0</bIfAffectBuilding>
		<bIfAffectHero>1</bIfAffectHero>
		<bIfAffectMonster>1</bIfAffectMonster>
		<EmitTarget>2</EmitTarget>
		<EmitType>4</EmitType>
		<FlySpeed>2200</FlySpeed>
		<FlyPar1>5</FlyPar1>
		<FlyPar2>1200</FlyPar2>
		<FlyPar3>1</FlyPar3>
		<n32ProjectileNum>1</n32ProjectileNum>
		<n32ProjEmitInter>0</n32ProjEmitInter>
		<bIsPenetrate>0</bIsPenetrate>
		<eCollideRadius>100</eCollideRadius>
		<eLifeTime>10000</eLifeTime>
		<attackEffect>guirenzhan</attackEffect>
		<FlySound>Xiyiren5_Skill 2</FlySound>
		<EventID>121054:0;160047:0;121113:0</EventID>
	</info>
	<info un32ID="131034">
		<szName>霜冻之球EX</szName>
		<n32UseMP>0</n32UseMP>
		<n32UseHP>0</n32UseHP>
		<n32UseCP>0</n32UseCP>
		<bIsCoolDown>1</bIsCoolDown>
		<bIsCanMove>1</bIsCanMove>
		<bIsCanBreak>1</bIsCanBreak>
		<n32TriggerRate>1000</n32TriggerRate>
		<bIfAffectBuilding>0</bIfAffectBuilding>
		<bIfAffectHero>1</bIfAffectHero>
		<bIfAffectMonster>1</bIfAffectMonster>
		<EmitTarget>3</EmitTarget>
		<EmitType>2</EmitType>
		<FlySpeed>2500</FlySpeed>
		<FlyPar1>0</FlyPar1>
		<FlyPar2>0</FlyPar2>
		<FlyPar3>0</FlyPar3>
		<n32ProjectileNum>1</n32ProjectileNum>
		<n32ProjEmitInter>0</n32ProjEmitInter>
		<bIsPenetrate>1</bIsPenetrate>
		<eCollideRadius>300</eCollideRadius>
		<eLifeTime>800</eLifeTime>
		<attackEffect>icewall_ex</attackEffect>
		<FlySound>Dongfashi5_Skill 2</FlySound>
		<EventID>121081:0;160048:0;160049:0</EventID>
	</info>
	<info un32ID="131035">
		<szName>月神之箭EX</szName>
		<n32UseMP>0</n32UseMP>
		<n32UseHP>0</n32UseHP>
		<n32UseCP>0</n32UseCP>
		<bIsCoolDown>1</bIsCoolDown>
		<bIsCanMove>1</bIsCanMove>
		<bIsCanBreak>1</bIsCanBreak>
		<n32TriggerRate>1000</n32TriggerRate>
		<bIfAffectBuilding>0</bIfAffectBuilding>
		<bIfAffectHero>1</bIfAffectHero>
		<bIfAffectMonster>1</bIfAffectMonster>
		<EmitTarget>2</EmitTarget>
		<EmitType>1</EmitType>
		<FlySpeed>3500</FlySpeed>
		<FlyPar1>0</FlyPar1>
		<FlyPar2>0</FlyPar2>
		<FlyPar3>0</FlyPar3>
		<n32ProjectileNum>1</n32ProjectileNum>
		<n32ProjEmitInter>0</n32ProjEmitInter>
		<bIsPenetrate>0</bIsPenetrate>
		<eCollideRadius>100</eCollideRadius>
		<eLifeTime>3000</eLifeTime>
		<attackEffect>icearrow_ex</attackEffect>
		<FlySound>Jinglingnv5_Skill 1</FlySound>
		<EventID>140055</EventID>
	</info>
	<info un32ID="131036">
		<szName>剧毒之种EX</szName>
		<n32UseMP>0</n32UseMP>
		<n32UseHP>0</n32UseHP>
		<n32UseCP>0</n32UseCP>
		<bIsCoolDown>1</bIsCoolDown>
		<bIsCanMove>1</bIsCanMove>
		<bIsCanBreak>1</bIsCanBreak>
		<n32TriggerRate>1000</n32TriggerRate>
		<bIfAffectBuilding>0</bIfAffectBuilding>
		<bIfAffectHero>1</bIfAffectHero>
		<bIfAffectMonster>1</bIfAffectMonster>
		<EmitTarget>2</EmitTarget>
		<EmitType>1</EmitType>
		<FlySpeed>3000</FlySpeed>
		<FlyPar1>0</FlyPar1>
		<FlyPar2>0</FlyPar2>
		<FlyPar3>0</FlyPar3>
		<n32ProjectileNum>1</n32ProjectileNum>
		<n32ProjEmitInter>0</n32ProjEmitInter>
		<bIsPenetrate>0</bIsPenetrate>
		<eCollideRadius>100</eCollideRadius>
		<eLifeTime>4000</eLifeTime>
		<attackEffect>poisonseed</attackEffect>
		<FlySound>Zhizhu5_Skill 1</FlySound>
		<EventID>160061</EventID>
	</info>
	<info un32ID="131037">
		<szName>被动-连锁闪电</szName>
		<n32UseMP>0</n32UseMP>
		<n32UseHP>0</n32UseHP>
		<n32UseCP>0</n32UseCP>
		<bIsCoolDown>1</bIsCoolDown>
		<bIsCanMove>1</bIsCanMove>
		<bIsCanBreak>1</bIsCanBreak>
		<n32TriggerRate>1000</n32TriggerRate>
		<bIfAffectBuilding>0</bIfAffectBuilding>
		<bIfAffectHero>1</bIfAffectHero>
		<bIfAffectMonster>1</bIfAffectMonster>
		<EmitTarget>2</EmitTarget>
		<EmitType>5</EmitType>
		<FlySpeed>2000</FlySpeed>
		<FlyPar1>4</FlyPar1>
		<FlyPar2>1200</FlyPar2>
		<FlyPar3>2</FlyPar3>
		<n32ProjectileNum>1</n32ProjectileNum>
		<n32ProjEmitInter>0</n32ProjEmitInter>
		<bIsPenetrate>0</bIsPenetrate>
		<eCollideRadius>100</eCollideRadius>
		<eLifeTime>10000</eLifeTime>
		<attackEffect>thunderchain</attackEffect>
		<FlySound>0</FlySound>
		<EventID>121074</EventID>
	</info>
	<info un32ID="131038">
		<szName>蛛网束缚EX-选定目标</szName>
		<n32UseMP>0</n32UseMP>
		<n32UseHP>0</n32UseHP>
		<n32UseCP>0</n32UseCP>
		<bIsCoolDown>0</bIsCoolDown>
		<bIsCanMove>1</bIsCanMove>
		<bIsCanBreak>1</bIsCanBreak>
		<n32TriggerRate>1000</n32TriggerRate>
		<bIfAffectBuilding>0</bIfAffectBuilding>
		<bIfAffectHero>1</bIfAffectHero>
		<bIfAffectMonster>1</bIfAffectMonster>
		<EmitTarget>2</EmitTarget>
		<EmitType>1</EmitType>
		<FlySpeed>2500</FlySpeed>
		<FlyPar1>0</FlyPar1>
		<FlyPar2>0</FlyPar2>
		<FlyPar3>0</FlyPar3>
		<n32ProjectileNum>1</n32ProjectileNum>
		<n32ProjEmitInter>0</n32ProjEmitInter>
		<bIsPenetrate>0</bIsPenetrate>
		<eCollideRadius>100</eCollideRadius>
		<eLifeTime>3000</eLifeTime>
		<attackEffect>zhuwangfeixing</attackEffect>
		<FlySound>0</FlySound>
		<EventID>160053:0;121090:0</EventID>
	</info>
	<info un32ID="131039">
		<szName>巨岩撞击</szName>
		<n32UseMP>0</n32UseMP>
		<n32UseHP>0</n32UseHP>
		<n32UseCP>0</n32UseCP>
		<bIsCoolDown>1</bIsCoolDown>
		<bIsCanMove>1</bIsCanMove>
		<bIsCanBreak>1</bIsCanBreak>
		<n32TriggerRate>1000</n32TriggerRate>
		<bIfAffectBuilding>0</bIfAffectBuilding>
		<bIfAffectHero>1</bIfAffectHero>
		<bIfAffectMonster>1</bIfAffectMonster>
		<EmitTarget>2</EmitTarget>
		<EmitType>2</EmitType>
		<FlySpeed>1800</FlySpeed>
		<FlyPar1>0</FlyPar1>
		<FlyPar2>0</FlyPar2>
		<FlyPar3>0</FlyPar3>
		<n32ProjectileNum>1</n32ProjectileNum>
		<n32ProjEmitInter>0</n32ProjEmitInter>
		<bIsPenetrate>0</bIsPenetrate>
		<eCollideRadius>300</eCollideRadius>
		<eLifeTime>1100</eLifeTime>
		<attackEffect>diliewave</attackEffect>
		<FlySound>Yanmo5_Skill 2</FlySound>
		<EventID>160070:0;121073:0</EventID>
	</info>
	<info/>
	<info un32ID="131044">
		<szName>凯撒锐爪EX</szName>
		<n32UseMP>0</n32UseMP>
		<n32UseHP>0</n32UseHP>
		<n32UseCP>0</n32UseCP>
		<bIsCoolDown>1</bIsCoolDown>
		<bIsCanMove>1</bIsCanMove>
		<bIsCanBreak>1</bIsCanBreak>
		<n32TriggerRate>1000</n32TriggerRate>
		<bIfAffectBuilding>0</bIfAffectBuilding>
		<bIfAffectHero>1</bIfAffectHero>
		<bIfAffectMonster>1</bIfAffectMonster>
		<EmitTarget>2</EmitTarget>
		<EmitType>2</EmitType>
		<FlySpeed>2500</FlySpeed>
		<FlyPar1>0</FlyPar1>
		<FlyPar2>0</FlyPar2>
		<FlyPar3>0</FlyPar3>
		<n32ProjectileNum>1</n32ProjectileNum>
		<n32ProjEmitInter>0</n32ProjEmitInter>
		<bIsPenetrate>1</bIsPenetrate>
		<eCollideRadius>500</eCollideRadius>
		<eLifeTime>900</eLifeTime>
		<attackEffect>kaisaruizhua_ex</attackEffect>
		<FlySound>Xiong5_Skill 1</FlySound>
		<EventID>121062:0;160056:0;121139:0;160071:0</EventID>
	</info>
	<info un32ID="131045">
		<szName>主动-魔法冲击</szName>
		<n32UseMP>0</n32UseMP>
		<n32UseHP>0</n32UseHP>
		<n32UseCP>0</n32UseCP>
		<bIsCoolDown>1</bIsCoolDown>
		<bIsCanMove>1</bIsCanMove>
		<bIsCanBreak>1</bIsCanBreak>
		<n32TriggerRate>1000</n32TriggerRate>
		<bIfAffectBuilding>0</bIfAffectBuilding>
		<bIfAffectHero>1</bIfAffectHero>
		<bIfAffectMonster>1</bIfAffectMonster>
		<EmitTarget>2</EmitTarget>
		<EmitType>1</EmitType>
		<FlySpeed>2500</FlySpeed>
		<FlyPar1>0</FlyPar1>
		<FlyPar2>0</FlyPar2>
		<FlyPar3>0</FlyPar3>
		<n32ProjectileNum>1</n32ProjectileNum>
		<n32ProjEmitInter>0</n32ProjEmitInter>
		<bIsPenetrate>0</bIsPenetrate>
		<eCollideRadius>100</eCollideRadius>
		<eLifeTime>2000</eLifeTime>
		<attackEffect>suoming</attackEffect>
		<FlySound>0</FlySound>
		<EventID>121108</EventID>
	</info>
	<info/>
	<info/>
	<info un32ID="131047">
		<szName>多重追踪箭</szName>
		<n32UseMP>0</n32UseMP>
		<n32UseHP>0</n32UseHP>
		<n32UseCP>0</n32UseCP>
		<bIsCoolDown>1</bIsCoolDown>
		<bIsCanMove>1</bIsCanMove>
		<bIsCanBreak>1</bIsCanBreak>
		<n32TriggerRate>1000</n32TriggerRate>
		<bIfAffectBuilding>0</bIfAffectBuilding>
		<bIfAffectHero>1</bIfAffectHero>
		<bIfAffectMonster>1</bIfAffectMonster>
		<EmitTarget>2</EmitTarget>
		<EmitType>7</EmitType>
		<FlySpeed>2000</FlySpeed>
		<FlyPar1>0</FlyPar1>
		<FlyPar2>1500</FlyPar2>
		<FlyPar3>0</FlyPar3>
		<n32ProjectileNum>5</n32ProjectileNum>
		<n32ProjEmitInter>0</n32ProjEmitInter>
		<bIsPenetrate>0</bIsPenetrate>
		<eCollideRadius>100</eCollideRadius>
		<eLifeTime>3000</eLifeTime>
		<attackEffect>icearrow</attackEffect>
		<FlySound>Jinglingnv5_Skill 1</FlySound>
		<EventID>121083:0;160004:0</EventID>
	</info>
	<info un32ID="131048">
		<szName>龙卷风等级1</szName>
		<n32UseMP>0</n32UseMP>
		<n32UseHP>0</n32UseHP>
		<n32UseCP>0</n32UseCP>
		<bIsCoolDown>1</bIsCoolDown>
		<bIsCanMove>1</bIsCanMove>
		<bIsCanBreak>1</bIsCanBreak>
		<n32TriggerRate>1000</n32TriggerRate>
		<bIfAffectBuilding>0</bIfAffectBuilding>
		<bIfAffectHero>1</bIfAffectHero>
		<bIfAffectMonster>1</bIfAffectMonster>
		<EmitTarget>2</EmitTarget>
		<EmitType>2</EmitType>
		<FlySpeed>2500</FlySpeed>
		<FlyPar1>0</FlyPar1>
		<FlyPar2>0</FlyPar2>
		<FlyPar3>0</FlyPar3>
		<n32ProjectileNum>1</n32ProjectileNum>
		<n32ProjEmitInter>0</n32ProjEmitInter>
		<bIsPenetrate>1</bIsPenetrate>
		<eCollideRadius>300</eCollideRadius>
		<eLifeTime>800</eLifeTime>
		<attackEffect>Storm_skill1</attackEffect>
		<FlySound>Feilong5_Attack</FlySound>
		<EventID>121144:0;160298:0</EventID>
	</info>
	<info un32ID="131049">
		<szName>龙卷风等级2</szName>
		<n32UseMP>0</n32UseMP>
		<n32UseHP>0</n32UseHP>
		<n32UseCP>0</n32UseCP>
		<bIsCoolDown>1</bIsCoolDown>
		<bIsCanMove>1</bIsCanMove>
		<bIsCanBreak>1</bIsCanBreak>
		<n32TriggerRate>1000</n32TriggerRate>
		<bIfAffectBuilding>0</bIfAffectBuilding>
		<bIfAffectHero>1</bIfAffectHero>
		<bIfAffectMonster>1</bIfAffectMonster>
		<EmitTarget>2</EmitTarget>
		<EmitType>2</EmitType>
		<FlySpeed>2500</FlySpeed>
		<FlyPar1>0</FlyPar1>
		<FlyPar2>0</FlyPar2>
		<FlyPar3>0</FlyPar3>
		<n32ProjectileNum>1</n32ProjectileNum>
		<n32ProjEmitInter>0</n32ProjEmitInter>
		<bIsPenetrate>1</bIsPenetrate>
		<eCollideRadius>300</eCollideRadius>
		<eLifeTime>800</eLifeTime>
		<attackEffect>Storm_skill1</attackEffect>
		<FlySound>Feilong5_Attack</FlySound>
		<EventID>121145:0;160299:0</EventID>
	</info>
	<info un32ID="131050">
		<szName>龙卷风等级3</szName>
		<n32UseMP>0</n32UseMP>
		<n32UseHP>0</n32UseHP>
		<n32UseCP>0</n32UseCP>
		<bIsCoolDown>1</bIsCoolDown>
		<bIsCanMove>1</bIsCanMove>
		<bIsCanBreak>1</bIsCanBreak>
		<n32TriggerRate>1000</n32TriggerRate>
		<bIfAffectBuilding>0</bIfAffectBuilding>
		<bIfAffectHero>1</bIfAffectHero>
		<bIfAffectMonster>1</bIfAffectMonster>
		<EmitTarget>2</EmitTarget>
		<EmitType>2</EmitType>
		<FlySpeed>2500</FlySpeed>
		<FlyPar1>0</FlyPar1>
		<FlyPar2>0</FlyPar2>
		<FlyPar3>0</FlyPar3>
		<n32ProjectileNum>1</n32ProjectileNum>
		<n32ProjEmitInter>0</n32ProjEmitInter>
		<bIsPenetrate>1</bIsPenetrate>
		<eCollideRadius>300</eCollideRadius>
		<eLifeTime>800</eLifeTime>
		<attackEffect>Storm_skill1</attackEffect>
		<FlySound>Feilong5_Attack</FlySound>
		<EventID>121146:0;160300:0</EventID>
	</info>
	<info un32ID="131051">
		<szName>龙卷风EX</szName>
		<n32UseMP>0</n32UseMP>
		<n32UseHP>0</n32UseHP>
		<n32UseCP>0</n32UseCP>
		<bIsCoolDown>1</bIsCoolDown>
		<bIsCanMove>1</bIsCanMove>
		<bIsCanBreak>1</bIsCanBreak>
		<n32TriggerRate>1000</n32TriggerRate>
		<bIfAffectBuilding>0</bIfAffectBuilding>
		<bIfAffectHero>1</bIfAffectHero>
		<bIfAffectMonster>1</bIfAffectMonster>
		<EmitTarget>2</EmitTarget>
		<EmitType>2</EmitType>
		<FlySpeed>2500</FlySpeed>
		<FlyPar1>0</FlyPar1>
		<FlyPar2>0</FlyPar2>
		<FlyPar3>0</FlyPar3>
		<n32ProjectileNum>1</n32ProjectileNum>
		<n32ProjEmitInter>0</n32ProjEmitInter>
		<bIsPenetrate>1</bIsPenetrate>
		<eCollideRadius>500</eCollideRadius>
		<eLifeTime>800</eLifeTime>
		<attackEffect>Storm_skill1_ex</attackEffect>
		<FlySound>Feilong5_Attack</FlySound>
		<EventID>121147:0;160301:0</EventID>
	</info>
	<info un32ID="131052">
		<szName>黑色风暴等级1-乌鸦</szName>
		<n32UseMP>0</n32UseMP>
		<n32UseHP>0</n32UseHP>
		<n32UseCP>0</n32UseCP>
		<bIsCoolDown>0</bIsCoolDown>
		<bIsCanMove>1</bIsCanMove>
		<bIsCanBreak>1</bIsCanBreak>
		<n32TriggerRate>1000</n32TriggerRate>
		<bIfAffectBuilding>0</bIfAffectBuilding>
		<bIfAffectHero>1</bIfAffectHero>
		<bIfAffectMonster>0</bIfAffectMonster>
		<EmitTarget>2</EmitTarget>
		<EmitType>7</EmitType>
		<FlySpeed>2200</FlySpeed>
		<FlyPar1>0</FlyPar1>
		<FlyPar2>1800</FlyPar2>
		<FlyPar3>0</FlyPar3>
		<n32ProjectileNum>1</n32ProjectileNum>
		<n32ProjEmitInter>0</n32ProjEmitInter>
		<bIsPenetrate>0</bIsPenetrate>
		<eCollideRadius>100</eCollideRadius>
		<eLifeTime>4000</eLifeTime>
		<attackEffect>bat_follow</attackEffect>
		<FlySound>0</FlySound>
		<EventID>160155</EventID>
	</info>
	<info un32ID="131053">
		<szName>黑色风暴等级2-乌鸦</szName>
		<n32UseMP>0</n32UseMP>
		<n32UseHP>0</n32UseHP>
		<n32UseCP>0</n32UseCP>
		<bIsCoolDown>0</bIsCoolDown>
		<bIsCanMove>1</bIsCanMove>
		<bIsCanBreak>1</bIsCanBreak>
		<n32TriggerRate>1000</n32TriggerRate>
		<bIfAffectBuilding>0</bIfAffectBuilding>
		<bIfAffectHero>1</bIfAffectHero>
		<bIfAffectMonster>0</bIfAffectMonster>
		<EmitTarget>2</EmitTarget>
		<EmitType>7</EmitType>
		<FlySpeed>2200</FlySpeed>
		<FlyPar1>0</FlyPar1>
		<FlyPar2>1800</FlyPar2>
		<FlyPar3>0</FlyPar3>
		<n32ProjectileNum>1</n32ProjectileNum>
		<n32ProjEmitInter>0</n32ProjEmitInter>
		<bIsPenetrate>0</bIsPenetrate>
		<eCollideRadius>100</eCollideRadius>
		<eLifeTime>4000</eLifeTime>
		<attackEffect>bat_follow</attackEffect>
		<FlySound>0</FlySound>
		<EventID>160156</EventID>
	</info>
	<info un32ID="131054">
		<szName>黑色风暴等级3-乌鸦</szName>
		<n32UseMP>0</n32UseMP>
		<n32UseHP>0</n32UseHP>
		<n32UseCP>0</n32UseCP>
		<bIsCoolDown>0</bIsCoolDown>
		<bIsCanMove>1</bIsCanMove>
		<bIsCanBreak>1</bIsCanBreak>
		<n32TriggerRate>1000</n32TriggerRate>
		<bIfAffectBuilding>0</bIfAffectBuilding>
		<bIfAffectHero>1</bIfAffectHero>
		<bIfAffectMonster>0</bIfAffectMonster>
		<EmitTarget>2</EmitTarget>
		<EmitType>7</EmitType>
		<FlySpeed>2200</FlySpeed>
		<FlyPar1>0</FlyPar1>
		<FlyPar2>1800</FlyPar2>
		<FlyPar3>0</FlyPar3>
		<n32ProjectileNum>1</n32ProjectileNum>
		<n32ProjEmitInter>0</n32ProjEmitInter>
		<bIsPenetrate>0</bIsPenetrate>
		<eCollideRadius>100</eCollideRadius>
		<eLifeTime>4000</eLifeTime>
		<attackEffect>bat_follow</attackEffect>
		<FlySound>0</FlySound>
		<EventID>160157</EventID>
	</info>
	<info un32ID="131055">
		<szName>黑色风暴EX-乌鸦</szName>
		<n32UseMP>0</n32UseMP>
		<n32UseHP>0</n32UseHP>
		<n32UseCP>0</n32UseCP>
		<bIsCoolDown>0</bIsCoolDown>
		<bIsCanMove>1</bIsCanMove>
		<bIsCanBreak>1</bIsCanBreak>
		<n32TriggerRate>1000</n32TriggerRate>
		<bIfAffectBuilding>0</bIfAffectBuilding>
		<bIfAffectHero>1</bIfAffectHero>
		<bIfAffectMonster>0</bIfAffectMonster>
		<EmitTarget>2</EmitTarget>
		<EmitType>7</EmitType>
		<FlySpeed>2200</FlySpeed>
		<FlyPar1>0</FlyPar1>
		<FlyPar2>1800</FlyPar2>
		<FlyPar3>0</FlyPar3>
		<n32ProjectileNum>3</n32ProjectileNum>
		<n32ProjEmitInter>0</n32ProjEmitInter>
		<bIsPenetrate>0</bIsPenetrate>
		<eCollideRadius>100</eCollideRadius>
		<eLifeTime>4000</eLifeTime>
		<attackEffect>bat_follow</attackEffect>
		<FlySound>0</FlySound>
		<EventID>160158</EventID>
	</info>
	<info un32ID="131056">
		<szName>魔法能量等级1</szName>
		<n32UseMP>0</n32UseMP>
		<n32UseHP>0</n32UseHP>
		<n32UseCP>0</n32UseCP>
		<bIsCoolDown>1</bIsCoolDown>
		<bIsCanMove>1</bIsCanMove>
		<bIsCanBreak>1</bIsCanBreak>
		<n32TriggerRate>1000</n32TriggerRate>
		<bIfAffectBuilding>0</bIfAffectBuilding>
		<bIfAffectHero>1</bIfAffectHero>
		<bIfAffectMonster>1</bIfAffectMonster>
		<EmitTarget>2</EmitTarget>
		<EmitType>1</EmitType>
		<FlySpeed>2500</FlySpeed>
		<FlyPar1>0</FlyPar1>
		<FlyPar2>0</FlyPar2>
		<FlyPar3>0</FlyPar3>
		<n32ProjectileNum>1</n32ProjectileNum>
		<n32ProjEmitInter>0</n32ProjEmitInter>
		<bIsPenetrate>0</bIsPenetrate>
		<eCollideRadius>100</eCollideRadius>
		<eLifeTime>4000</eLifeTime>
		<attackEffect>Magicburn_bullet</attackEffect>
		<FlySound>0</FlySound>
		<EventID>121188:0;121192:0;160214:0</EventID>
	</info>
	<info un32ID="131057">
		<szName>魔法能量等级2</szName>
		<n32UseMP>0</n32UseMP>
		<n32UseHP>0</n32UseHP>
		<n32UseCP>0</n32UseCP>
		<bIsCoolDown>1</bIsCoolDown>
		<bIsCanMove>1</bIsCanMove>
		<bIsCanBreak>1</bIsCanBreak>
		<n32TriggerRate>1000</n32TriggerRate>
		<bIfAffectBuilding>0</bIfAffectBuilding>
		<bIfAffectHero>1</bIfAffectHero>
		<bIfAffectMonster>1</bIfAffectMonster>
		<EmitTarget>2</EmitTarget>
		<EmitType>1</EmitType>
		<FlySpeed>2500</FlySpeed>
		<FlyPar1>0</FlyPar1>
		<FlyPar2>0</FlyPar2>
		<FlyPar3>0</FlyPar3>
		<n32ProjectileNum>1</n32ProjectileNum>
		<n32ProjEmitInter>0</n32ProjEmitInter>
		<bIsPenetrate>0</bIsPenetrate>
		<eCollideRadius>100</eCollideRadius>
		<eLifeTime>4000</eLifeTime>
		<attackEffect>Magicburn_bullet</attackEffect>
		<FlySound>0</FlySound>
		<EventID>121189:0;121193:0;160215:0</EventID>
	</info>
	<info un32ID="131058">
		<szName>魔法能量等级3</szName>
		<n32UseMP>0</n32UseMP>
		<n32UseHP>0</n32UseHP>
		<n32UseCP>0</n32UseCP>
		<bIsCoolDown>1</bIsCoolDown>
		<bIsCanMove>1</bIsCanMove>
		<bIsCanBreak>1</bIsCanBreak>
		<n32TriggerRate>1000</n32TriggerRate>
		<bIfAffectBuilding>0</bIfAffectBuilding>
		<bIfAffectHero>1</bIfAffectHero>
		<bIfAffectMonster>1</bIfAffectMonster>
		<EmitTarget>2</EmitTarget>
		<EmitType>1</EmitType>
		<FlySpeed>2500</FlySpeed>
		<FlyPar1>0</FlyPar1>
		<FlyPar2>0</FlyPar2>
		<FlyPar3>0</FlyPar3>
		<n32ProjectileNum>1</n32ProjectileNum>
		<n32ProjEmitInter>0</n32ProjEmitInter>
		<bIsPenetrate>0</bIsPenetrate>
		<eCollideRadius>100</eCollideRadius>
		<eLifeTime>4000</eLifeTime>
		<attackEffect>Magicburn_bullet</attackEffect>
		<FlySound>0</FlySound>
		<EventID>121190:0;121194:0;160216:0</EventID>
	</info>
	<info un32ID="131059">
		<szName>魔法能量EX</szName>
		<n32UseMP>0</n32UseMP>
		<n32UseHP>0</n32UseHP>
		<n32UseCP>0</n32UseCP>
		<bIsCoolDown>1</bIsCoolDown>
		<bIsCanMove>1</bIsCanMove>
		<bIsCanBreak>1</bIsCanBreak>
		<n32TriggerRate>1000</n32TriggerRate>
		<bIfAffectBuilding>0</bIfAffectBuilding>
		<bIfAffectHero>1</bIfAffectHero>
		<bIfAffectMonster>1</bIfAffectMonster>
		<EmitTarget>2</EmitTarget>
		<EmitType>1</EmitType>
		<FlySpeed>2500</FlySpeed>
		<FlyPar1>0</FlyPar1>
		<FlyPar2>0</FlyPar2>
		<FlyPar3>0</FlyPar3>
		<n32ProjectileNum>1</n32ProjectileNum>
		<n32ProjEmitInter>0</n32ProjEmitInter>
		<bIsPenetrate>0</bIsPenetrate>
		<eCollideRadius>100</eCollideRadius>
		<eLifeTime>4000</eLifeTime>
		<attackEffect>Magicburn_bullet</attackEffect>
		<FlySound>0</FlySound>
		<EventID>140070</EventID>
	</info>
	<info un32ID="131060">
		<szName>瘟疫药剂等级1</szName>
		<n32UseMP>0</n32UseMP>
		<n32UseHP>0</n32UseHP>
		<n32UseCP>0</n32UseCP>
		<bIsCoolDown>1</bIsCoolDown>
		<bIsCanMove>1</bIsCanMove>
		<bIsCanBreak>1</bIsCanBreak>
		<n32TriggerRate>1000</n32TriggerRate>
		<bIfAffectBuilding>0</bIfAffectBuilding>
		<bIfAffectHero>1</bIfAffectHero>
		<bIfAffectMonster>1</bIfAffectMonster>
		<EmitTarget>2</EmitTarget>
		<EmitType>1</EmitType>
		<FlySpeed>1500</FlySpeed>
		<FlyPar1>0</FlyPar1>
		<FlyPar2>0</FlyPar2>
		<FlyPar3>0</FlyPar3>
		<n32ProjectileNum>1</n32ProjectileNum>
		<n32ProjEmitInter>0</n32ProjEmitInter>
		<bIsPenetrate>0</bIsPenetrate>
		<eCollideRadius>100</eCollideRadius>
		<eLifeTime>4000</eLifeTime>
		<attackEffect>plaguewizard_skill2_bullet</attackEffect>
		<FlySound>Wenyiwushi_Skill 1</FlySound>
		<EventID>160239</EventID>
	</info>
	<info un32ID="131061">
		<szName>瘟疫药剂等级2</szName>
		<n32UseMP>0</n32UseMP>
		<n32UseHP>0</n32UseHP>
		<n32UseCP>0</n32UseCP>
		<bIsCoolDown>1</bIsCoolDown>
		<bIsCanMove>1</bIsCanMove>
		<bIsCanBreak>1</bIsCanBreak>
		<n32TriggerRate>1000</n32TriggerRate>
		<bIfAffectBuilding>0</bIfAffectBuilding>
		<bIfAffectHero>1</bIfAffectHero>
		<bIfAffectMonster>1</bIfAffectMonster>
		<EmitTarget>2</EmitTarget>
		<EmitType>1</EmitType>
		<FlySpeed>1500</FlySpeed>
		<FlyPar1>0</FlyPar1>
		<FlyPar2>0</FlyPar2>
		<FlyPar3>0</FlyPar3>
		<n32ProjectileNum>1</n32ProjectileNum>
		<n32ProjEmitInter>0</n32ProjEmitInter>
		<bIsPenetrate>0</bIsPenetrate>
		<eCollideRadius>100</eCollideRadius>
		<eLifeTime>4000</eLifeTime>
		<attackEffect>plaguewizard_skill2_bullet</attackEffect>
		<FlySound>Wenyiwushi_Skill 1</FlySound>
		<EventID>160240</EventID>
	</info>
	<info un32ID="131062">
		<szName>瘟疫药剂等级3</szName>
		<n32UseMP>0</n32UseMP>
		<n32UseHP>0</n32UseHP>
		<n32UseCP>0</n32UseCP>
		<bIsCoolDown>1</bIsCoolDown>
		<bIsCanMove>1</bIsCanMove>
		<bIsCanBreak>1</bIsCanBreak>
		<n32TriggerRate>1000</n32TriggerRate>
		<bIfAffectBuilding>0</bIfAffectBuilding>
		<bIfAffectHero>1</bIfAffectHero>
		<bIfAffectMonster>1</bIfAffectMonster>
		<EmitTarget>2</EmitTarget>
		<EmitType>1</EmitType>
		<FlySpeed>1500</FlySpeed>
		<FlyPar1>0</FlyPar1>
		<FlyPar2>0</FlyPar2>
		<FlyPar3>0</FlyPar3>
		<n32ProjectileNum>1</n32ProjectileNum>
		<n32ProjEmitInter>0</n32ProjEmitInter>
		<bIsPenetrate>0</bIsPenetrate>
		<eCollideRadius>100</eCollideRadius>
		<eLifeTime>4000</eLifeTime>
		<attackEffect>plaguewizard_skill2_bullet</attackEffect>
		<FlySound>Wenyiwushi_Skill 1</FlySound>
		<EventID>160241</EventID>
	</info>
	<info un32ID="131063">
		<szName>瘟疫药剂EX</szName>
		<n32UseMP>0</n32UseMP>
		<n32UseHP>0</n32UseHP>
		<n32UseCP>0</n32UseCP>
		<bIsCoolDown>1</bIsCoolDown>
		<bIsCanMove>1</bIsCanMove>
		<bIsCanBreak>1</bIsCanBreak>
		<n32TriggerRate>1000</n32TriggerRate>
		<bIfAffectBuilding>0</bIfAffectBuilding>
		<bIfAffectHero>1</bIfAffectHero>
		<bIfAffectMonster>1</bIfAffectMonster>
		<EmitTarget>2</EmitTarget>
		<EmitType>5</EmitType>
		<FlySpeed>1500</FlySpeed>
		<FlyPar1>5</FlyPar1>
		<FlyPar2>1200</FlyPar2>
		<FlyPar3>1</FlyPar3>
		<n32ProjectileNum>1</n32ProjectileNum>
		<n32ProjEmitInter>0</n32ProjEmitInter>
		<bIsPenetrate>0</bIsPenetrate>
		<eCollideRadius>100</eCollideRadius>
		<eLifeTime>4000</eLifeTime>
		<attackEffect>plaguewizard_skill2_bullet</attackEffect>
		<FlySound>Wenyiwushi_Skill 1</FlySound>
		<EventID>160245</EventID>
	</info>
	<info un32ID="131064">
		<szName>游魂之舞等级1</szName>
		<n32UseMP>0</n32UseMP>
		<n32UseHP>0</n32UseHP>
		<n32UseCP>0</n32UseCP>
		<bIsCoolDown>0</bIsCoolDown>
		<bIsCanMove>1</bIsCanMove>
		<bIsCanBreak>1</bIsCanBreak>
		<n32TriggerRate>1000</n32TriggerRate>
		<bIfAffectBuilding>0</bIfAffectBuilding>
		<bIfAffectHero>1</bIfAffectHero>
		<bIfAffectMonster>1</bIfAffectMonster>
		<EmitTarget>2</EmitTarget>
		<EmitType>4</EmitType>
		<FlySpeed>1500</FlySpeed>
		<FlyPar1>5</FlyPar1>
		<FlyPar2>1500</FlyPar2>
		<FlyPar3>1</FlyPar3>
		<n32ProjectileNum>1</n32ProjectileNum>
		<n32ProjEmitInter>0</n32ProjEmitInter>
		<bIsPenetrate>0</bIsPenetrate>
		<eCollideRadius>100</eCollideRadius>
		<eLifeTime>4000</eLifeTime>
		<attackEffect>soul_bullet</attackEffect>
		<FlySound>Shihunzhe_Skill 1</FlySound>
		<EventID>121221</EventID>
	</info>
	<info un32ID="131065">
		<szName>游魂之舞等级2</szName>
		<n32UseMP>0</n32UseMP>
		<n32UseHP>0</n32UseHP>
		<n32UseCP>0</n32UseCP>
		<bIsCoolDown>0</bIsCoolDown>
		<bIsCanMove>1</bIsCanMove>
		<bIsCanBreak>1</bIsCanBreak>
		<n32TriggerRate>1000</n32TriggerRate>
		<bIfAffectBuilding>0</bIfAffectBuilding>
		<bIfAffectHero>1</bIfAffectHero>
		<bIfAffectMonster>1</bIfAffectMonster>
		<EmitTarget>2</EmitTarget>
		<EmitType>4</EmitType>
		<FlySpeed>1500</FlySpeed>
		<FlyPar1>5</FlyPar1>
		<FlyPar2>1500</FlyPar2>
		<FlyPar3>1</FlyPar3>
		<n32ProjectileNum>1</n32ProjectileNum>
		<n32ProjEmitInter>0</n32ProjEmitInter>
		<bIsPenetrate>0</bIsPenetrate>
		<eCollideRadius>100</eCollideRadius>
		<eLifeTime>4000</eLifeTime>
		<attackEffect>soul_bullet</attackEffect>
		<FlySound>Shihunzhe_Skill 1</FlySound>
		<EventID>121222</EventID>
	</info>
	<info un32ID="131066">
		<szName>游魂之舞等级3</szName>
		<n32UseMP>0</n32UseMP>
		<n32UseHP>0</n32UseHP>
		<n32UseCP>0</n32UseCP>
		<bIsCoolDown>0</bIsCoolDown>
		<bIsCanMove>1</bIsCanMove>
		<bIsCanBreak>1</bIsCanBreak>
		<n32TriggerRate>1000</n32TriggerRate>
		<bIfAffectBuilding>0</bIfAffectBuilding>
		<bIfAffectHero>1</bIfAffectHero>
		<bIfAffectMonster>1</bIfAffectMonster>
		<EmitTarget>2</EmitTarget>
		<EmitType>4</EmitType>
		<FlySpeed>1500</FlySpeed>
		<FlyPar1>5</FlyPar1>
		<FlyPar2>1500</FlyPar2>
		<FlyPar3>1</FlyPar3>
		<n32ProjectileNum>1</n32ProjectileNum>
		<n32ProjEmitInter>0</n32ProjEmitInter>
		<bIsPenetrate>0</bIsPenetrate>
		<eCollideRadius>100</eCollideRadius>
		<eLifeTime>4000</eLifeTime>
		<attackEffect>soul_bullet</attackEffect>
		<FlySound>Shihunzhe_Skill 1</FlySound>
		<EventID>121223</EventID>
	</info>
	<info un32ID="131067">
		<szName>游魂之舞EX</szName>
		<n32UseMP>0</n32UseMP>
		<n32UseHP>0</n32UseHP>
		<n32UseCP>0</n32UseCP>
		<bIsCoolDown>0</bIsCoolDown>
		<bIsCanMove>1</bIsCanMove>
		<bIsCanBreak>1</bIsCanBreak>
		<n32TriggerRate>1000</n32TriggerRate>
		<bIfAffectBuilding>0</bIfAffectBuilding>
		<bIfAffectHero>1</bIfAffectHero>
		<bIfAffectMonster>1</bIfAffectMonster>
		<EmitTarget>2</EmitTarget>
		<EmitType>4</EmitType>
		<FlySpeed>1500</FlySpeed>
		<FlyPar1>5</FlyPar1>
		<FlyPar2>1500</FlyPar2>
		<FlyPar3>1</FlyPar3>
		<n32ProjectileNum>1</n32ProjectileNum>
		<n32ProjEmitInter>0</n32ProjEmitInter>
		<bIsPenetrate>0</bIsPenetrate>
		<eCollideRadius>100</eCollideRadius>
		<eLifeTime>4000</eLifeTime>
		<attackEffect>soul_bullet</attackEffect>
		<FlySound>Shihunzhe_Skill 1</FlySound>
		<EventID>121224</EventID>
	</info>
	<info un32ID="131068">
		<szName>连击等级1</szName>
		<n32UseMP>0</n32UseMP>
		<n32UseHP>0</n32UseHP>
		<n32UseCP>0</n32UseCP>
		<bIsCoolDown>1</bIsCoolDown>
		<bIsCanMove>1</bIsCanMove>
		<bIsCanBreak>1</bIsCanBreak>
		<n32TriggerRate>1000</n32TriggerRate>
		<bIfAffectBuilding>1</bIfAffectBuilding>
		<bIfAffectHero>1</bIfAffectHero>
		<bIfAffectMonster>1</bIfAffectMonster>
		<EmitTarget>2</EmitTarget>
		<EmitType>1</EmitType>
		<FlySpeed>2700</FlySpeed>
		<FlyPar1>0</FlyPar1>
		<FlyPar2>0</FlyPar2>
		<FlyPar3>0</FlyPar3>
		<n32ProjectileNum>1</n32ProjectileNum>
		<n32ProjEmitInter>0</n32ProjEmitInter>
		<bIsPenetrate>0</bIsPenetrate>
		<eCollideRadius>100</eCollideRadius>
		<eLifeTime>4000</eLifeTime>
		<attackEffect>Corrosion_bullet</attackEffect>
		<EventID>160275:0;160278:0;121242:0</EventID>
	</info>
	<info un32ID="131069">
		<szName>连击等级2</szName>
		<n32UseMP>0</n32UseMP>
		<n32UseHP>0</n32UseHP>
		<n32UseCP>0</n32UseCP>
		<bIsCoolDown>1</bIsCoolDown>
		<bIsCanMove>1</bIsCanMove>
		<bIsCanBreak>1</bIsCanBreak>
		<n32TriggerRate>1000</n32TriggerRate>
		<bIfAffectBuilding>1</bIfAffectBuilding>
		<bIfAffectHero>1</bIfAffectHero>
		<bIfAffectMonster>1</bIfAffectMonster>
		<EmitTarget>2</EmitTarget>
		<EmitType>1</EmitType>
		<FlySpeed>2700</FlySpeed>
		<FlyPar1>0</FlyPar1>
		<FlyPar2>0</FlyPar2>
		<FlyPar3>0</FlyPar3>
		<n32ProjectileNum>1</n32ProjectileNum>
		<n32ProjEmitInter>0</n32ProjEmitInter>
		<bIsPenetrate>0</bIsPenetrate>
		<eCollideRadius>100</eCollideRadius>
		<eLifeTime>4000</eLifeTime>
		<attackEffect>Corrosion_bullet</attackEffect>
		<EventID>160276:0;160279:0;121243:0</EventID>
	</info>
	<info un32ID="131070">
		<szName>连击等级3</szName>
		<n32UseMP>0</n32UseMP>
		<n32UseHP>0</n32UseHP>
		<n32UseCP>0</n32UseCP>
		<bIsCoolDown>1</bIsCoolDown>
		<bIsCanMove>1</bIsCanMove>
		<bIsCanBreak>1</bIsCanBreak>
		<n32TriggerRate>1000</n32TriggerRate>
		<bIfAffectBuilding>1</bIfAffectBuilding>
		<bIfAffectHero>1</bIfAffectHero>
		<bIfAffectMonster>1</bIfAffectMonster>
		<EmitTarget>2</EmitTarget>
		<EmitType>1</EmitType>
		<FlySpeed>2700</FlySpeed>
		<FlyPar1>0</FlyPar1>
		<FlyPar2>0</FlyPar2>
		<FlyPar3>0</FlyPar3>
		<n32ProjectileNum>1</n32ProjectileNum>
		<n32ProjEmitInter>0</n32ProjEmitInter>
		<bIsPenetrate>0</bIsPenetrate>
		<eCollideRadius>100</eCollideRadius>
		<eLifeTime>4000</eLifeTime>
		<attackEffect>Corrosion_bullet</attackEffect>
		<EventID>160277:0;160280:0;121244:0</EventID>
	</info>
	<info un32ID="131071">
		<szName>连击EX</szName>
		<n32UseMP>0</n32UseMP>
		<n32UseHP>0</n32UseHP>
		<n32UseCP>0</n32UseCP>
		<bIsCoolDown>1</bIsCoolDown>
		<bIsCanMove>1</bIsCanMove>
		<bIsCanBreak>1</bIsCanBreak>
		<n32TriggerRate>1000</n32TriggerRate>
		<bIfAffectBuilding>1</bIfAffectBuilding>
		<bIfAffectHero>1</bIfAffectHero>
		<bIfAffectMonster>1</bIfAffectMonster>
		<EmitTarget>2</EmitTarget>
		<EmitType>1</EmitType>
		<FlySpeed>2700</FlySpeed>
		<FlyPar1>0</FlyPar1>
		<FlyPar2>0</FlyPar2>
		<FlyPar3>0</FlyPar3>
		<n32ProjectileNum>1</n32ProjectileNum>
		<n32ProjEmitInter>0</n32ProjEmitInter>
		<bIsPenetrate>0</bIsPenetrate>
		<eCollideRadius>100</eCollideRadius>
		<eLifeTime>4000</eLifeTime>
		<attackEffect>Corrosion_bullet</attackEffect>
		<EventID>160277:0;160280:0;121245:0</EventID>
	</info>
	<info un32ID="131072">
		<szName>秘术射线等级1</szName>
		<n32UseMP>0</n32UseMP>
		<n32UseHP>0</n32UseHP>
		<n32UseCP>0</n32UseCP>
		<bIsCoolDown>1</bIsCoolDown>
		<bIsCanMove>1</bIsCanMove>
		<bIsCanBreak>1</bIsCanBreak>
		<n32TriggerRate>1000</n32TriggerRate>
		<bIfAffectBuilding>0</bIfAffectBuilding>
		<bIfAffectHero>1</bIfAffectHero>
		<bIfAffectMonster>0</bIfAffectMonster>
		<EmitTarget>3</EmitTarget>
		<EmitType>2</EmitType>
		<FlySpeed>2500</FlySpeed>
		<FlyPar1>0</FlyPar1>
		<FlyPar2>0</FlyPar2>
		<FlyPar3>0</FlyPar3>
		<n32ProjectileNum>1</n32ProjectileNum>
		<n32ProjEmitInter>0</n32ProjEmitInter>
		<bIsPenetrate>0</bIsPenetrate>
		<eCollideRadius>300</eCollideRadius>
		<eLifeTime>800</eLifeTime>
		<attackEffect>heimolv_skill2</attackEffect>
		<FlySound>Heimolv_Skill 2</FlySound>
		<EventID>121251:0;170021:0</EventID>
	</info>
	<info un32ID="131073">
		<szName>秘术射线等级2</szName>
		<n32UseMP>0</n32UseMP>
		<n32UseHP>0</n32UseHP>
		<n32UseCP>0</n32UseCP>
		<bIsCoolDown>1</bIsCoolDown>
		<bIsCanMove>1</bIsCanMove>
		<bIsCanBreak>1</bIsCanBreak>
		<n32TriggerRate>1000</n32TriggerRate>
		<bIfAffectBuilding>0</bIfAffectBuilding>
		<bIfAffectHero>1</bIfAffectHero>
		<bIfAffectMonster>0</bIfAffectMonster>
		<EmitTarget>3</EmitTarget>
		<EmitType>2</EmitType>
		<FlySpeed>2500</FlySpeed>
		<FlyPar1>0</FlyPar1>
		<FlyPar2>0</FlyPar2>
		<FlyPar3>0</FlyPar3>
		<n32ProjectileNum>1</n32ProjectileNum>
		<n32ProjEmitInter>0</n32ProjEmitInter>
		<bIsPenetrate>0</bIsPenetrate>
		<eCollideRadius>300</eCollideRadius>
		<eLifeTime>800</eLifeTime>
		<attackEffect>heimolv_skill2</attackEffect>
		<FlySound>Heimolv_Skill 2</FlySound>
		<EventID>121252:0;170022:0</EventID>
	</info>
	<info un32ID="131074">
		<szName>秘术射线等级3</szName>
		<n32UseMP>0</n32UseMP>
		<n32UseHP>0</n32UseHP>
		<n32UseCP>0</n32UseCP>
		<bIsCoolDown>1</bIsCoolDown>
		<bIsCanMove>1</bIsCanMove>
		<bIsCanBreak>1</bIsCanBreak>
		<n32TriggerRate>1000</n32TriggerRate>
		<bIfAffectBuilding>0</bIfAffectBuilding>
		<bIfAffectHero>1</bIfAffectHero>
		<bIfAffectMonster>0</bIfAffectMonster>
		<EmitTarget>3</EmitTarget>
		<EmitType>2</EmitType>
		<FlySpeed>2500</FlySpeed>
		<FlyPar1>0</FlyPar1>
		<FlyPar2>0</FlyPar2>
		<FlyPar3>0</FlyPar3>
		<n32ProjectileNum>1</n32ProjectileNum>
		<n32ProjEmitInter>0</n32ProjEmitInter>
		<bIsPenetrate>0</bIsPenetrate>
		<eCollideRadius>300</eCollideRadius>
		<eLifeTime>800</eLifeTime>
		<attackEffect>heimolv_skill2</attackEffect>
		<FlySound>Heimolv_Skill 2</FlySound>
		<EventID>121253:0;170023:0</EventID>
	</info>
	<info un32ID="131075">
		<szName>秘术射线EX</szName>
		<n32UseMP>0</n32UseMP>
		<n32UseHP>0</n32UseHP>
		<n32UseCP>0</n32UseCP>
		<bIsCoolDown>1</bIsCoolDown>
		<bIsCanMove>1</bIsCanMove>
		<bIsCanBreak>1</bIsCanBreak>
		<n32TriggerRate>1000</n32TriggerRate>
		<bIfAffectBuilding>0</bIfAffectBuilding>
		<bIfAffectHero>1</bIfAffectHero>
		<bIfAffectMonster>1</bIfAffectMonster>
		<EmitTarget>3</EmitTarget>
		<EmitType>2</EmitType>
		<FlySpeed>2500</FlySpeed>
		<FlyPar1>0</FlyPar1>
		<FlyPar2>0</FlyPar2>
		<FlyPar3>0</FlyPar3>
		<n32ProjectileNum>1</n32ProjectileNum>
		<n32ProjEmitInter>0</n32ProjEmitInter>
		<bIsPenetrate>1</bIsPenetrate>
		<eCollideRadius>300</eCollideRadius>
		<eLifeTime>800</eLifeTime>
		<attackEffect>heimolv_skill2_ex</attackEffect>
		<FlySound>Heimolv_Skill 2</FlySound>
		<EventID>121254:0;170024:0</EventID>
	</info>
	<info un32ID="131076">
		<szName>相位灵刃等级1</szName>
		<n32UseMP>0</n32UseMP>
		<n32UseHP>0</n32UseHP>
		<n32UseCP>0</n32UseCP>
		<bIsCoolDown>1</bIsCoolDown>
		<bIsCanMove>1</bIsCanMove>
		<bIsCanBreak>1</bIsCanBreak>
		<n32TriggerRate>1000</n32TriggerRate>
		<bIfAffectBuilding>0</bIfAffectBuilding>
		<bIfAffectHero>1</bIfAffectHero>
		<bIfAffectMonster>1</bIfAffectMonster>
		<EmitTarget>2</EmitTarget>
		<EmitType>2</EmitType>
		<FlySpeed>2500</FlySpeed>
		<FlyPar1>0</FlyPar1>
		<FlyPar2>0</FlyPar2>
		<FlyPar3>0</FlyPar3>
		<n32ProjectileNum>1</n32ProjectileNum>
		<n32ProjEmitInter>0</n32ProjEmitInter>
		<bIsPenetrate>0</bIsPenetrate>
		<eCollideRadius>200</eCollideRadius>
		<eLifeTime>800</eLifeTime>
		<attackEffect>dagger</attackEffect>
		<FlySound>Tanshigui_Skill 1</FlySound>
		<EventID>121262:0;160294:0</EventID>
	</info>
	<info un32ID="131077">
		<szName>相位灵刃等级2</szName>
		<n32UseMP>0</n32UseMP>
		<n32UseHP>0</n32UseHP>
		<n32UseCP>0</n32UseCP>
		<bIsCoolDown>1</bIsCoolDown>
		<bIsCanMove>1</bIsCanMove>
		<bIsCanBreak>1</bIsCanBreak>
		<n32TriggerRate>1000</n32TriggerRate>
		<bIfAffectBuilding>0</bIfAffectBuilding>
		<bIfAffectHero>1</bIfAffectHero>
		<bIfAffectMonster>1</bIfAffectMonster>
		<EmitTarget>2</EmitTarget>
		<EmitType>2</EmitType>
		<FlySpeed>2500</FlySpeed>
		<FlyPar1>0</FlyPar1>
		<FlyPar2>0</FlyPar2>
		<FlyPar3>0</FlyPar3>
		<n32ProjectileNum>1</n32ProjectileNum>
		<n32ProjEmitInter>0</n32ProjEmitInter>
		<bIsPenetrate>0</bIsPenetrate>
		<eCollideRadius>200</eCollideRadius>
		<eLifeTime>800</eLifeTime>
		<attackEffect>dagger</attackEffect>
		<FlySound>Tanshigui_Skill 1</FlySound>
		<EventID>121263:0;160295:0</EventID>
	</info>
	<info un32ID="131078">
		<szName>相位灵刃等级3</szName>
		<n32UseMP>0</n32UseMP>
		<n32UseHP>0</n32UseHP>
		<n32UseCP>0</n32UseCP>
		<bIsCoolDown>1</bIsCoolDown>
		<bIsCanMove>1</bIsCanMove>
		<bIsCanBreak>1</bIsCanBreak>
		<n32TriggerRate>1000</n32TriggerRate>
		<bIfAffectBuilding>0</bIfAffectBuilding>
		<bIfAffectHero>1</bIfAffectHero>
		<bIfAffectMonster>1</bIfAffectMonster>
		<EmitTarget>2</EmitTarget>
		<EmitType>2</EmitType>
		<FlySpeed>2500</FlySpeed>
		<FlyPar1>0</FlyPar1>
		<FlyPar2>0</FlyPar2>
		<FlyPar3>0</FlyPar3>
		<n32ProjectileNum>1</n32ProjectileNum>
		<n32ProjEmitInter>0</n32ProjEmitInter>
		<bIsPenetrate>0</bIsPenetrate>
		<eCollideRadius>200</eCollideRadius>
		<eLifeTime>800</eLifeTime>
		<attackEffect>dagger</attackEffect>
		<FlySound>Tanshigui_Skill 1</FlySound>
		<EventID>121264:0;160296:0</EventID>
	</info>
	<info un32ID="131079">
		<szName>相位灵刃EX</szName>
		<n32UseMP>0</n32UseMP>
		<n32UseHP>0</n32UseHP>
		<n32UseCP>0</n32UseCP>
		<bIsCoolDown>1</bIsCoolDown>
		<bIsCanMove>1</bIsCanMove>
		<bIsCanBreak>1</bIsCanBreak>
		<n32TriggerRate>1000</n32TriggerRate>
		<bIfAffectBuilding>0</bIfAffectBuilding>
		<bIfAffectHero>1</bIfAffectHero>
		<bIfAffectMonster>1</bIfAffectMonster>
		<EmitTarget>2</EmitTarget>
		<EmitType>2</EmitType>
		<FlySpeed>2500</FlySpeed>
		<FlyPar1>0</FlyPar1>
		<FlyPar2>0</FlyPar2>
		<FlyPar3>0</FlyPar3>
		<n32ProjectileNum>3</n32ProjectileNum>
		<n32ProjEmitInter>30</n32ProjEmitInter>
		<bIsPenetrate>0</bIsPenetrate>
		<eCollideRadius>200</eCollideRadius>
		<eLifeTime>800</eLifeTime>
		<attackEffect>dagger_ex</attackEffect>
		<FlySound>Tanshigui_Skill 1</FlySound>
		<EventID>121265:0;160297:0</EventID>
	</info>
	<info un32ID="131080">
		<szName>刃雨等级1</szName>
		<n32UseMP>0</n32UseMP>
		<n32UseHP>0</n32UseHP>
		<n32UseCP>0</n32UseCP>
		<bIsCoolDown>1</bIsCoolDown>
		<bIsCanMove>1</bIsCanMove>
		<bIsCanBreak>1</bIsCanBreak>
		<n32TriggerRate>1000</n32TriggerRate>
		<bIfAffectBuilding>0</bIfAffectBuilding>
		<bIfAffectHero>1</bIfAffectHero>
		<bIfAffectMonster>1</bIfAffectMonster>
		<EmitTarget>2</EmitTarget>
		<EmitType>2</EmitType>
		<FlySpeed>2500</FlySpeed>
		<FlyPar1>0</FlyPar1>
		<FlyPar2>0</FlyPar2>
		<FlyPar3>0</FlyPar3>
		<n32ProjectileNum>1</n32ProjectileNum>
		<n32ProjEmitInter>0</n32ProjEmitInter>
		<bIsPenetrate>0</bIsPenetrate>
		<eCollideRadius>200</eCollideRadius>
		<eLifeTime>800</eLifeTime>
		<attackEffect>dagger</attackEffect>
		<FlySound>Tanshigui_Skill 2</FlySound>
		<EventID>121266</EventID>
	</info>
	<info un32ID="131081">
		<szName>刃雨等级2</szName>
		<n32UseMP>0</n32UseMP>
		<n32UseHP>0</n32UseHP>
		<n32UseCP>0</n32UseCP>
		<bIsCoolDown>1</bIsCoolDown>
		<bIsCanMove>1</bIsCanMove>
		<bIsCanBreak>1</bIsCanBreak>
		<n32TriggerRate>1000</n32TriggerRate>
		<bIfAffectBuilding>0</bIfAffectBuilding>
		<bIfAffectHero>1</bIfAffectHero>
		<bIfAffectMonster>1</bIfAffectMonster>
		<EmitTarget>2</EmitTarget>
		<EmitType>2</EmitType>
		<FlySpeed>2500</FlySpeed>
		<FlyPar1>0</FlyPar1>
		<FlyPar2>0</FlyPar2>
		<FlyPar3>0</FlyPar3>
		<n32ProjectileNum>1</n32ProjectileNum>
		<n32ProjEmitInter>0</n32ProjEmitInter>
		<bIsPenetrate>0</bIsPenetrate>
		<eCollideRadius>200</eCollideRadius>
		<eLifeTime>800</eLifeTime>
		<attackEffect>dagger</attackEffect>
		<FlySound>Tanshigui_Skill 2</FlySound>
		<EventID>121267</EventID>
	</info>
	<info un32ID="131082">
		<szName>刃雨等级3</szName>
		<n32UseMP>0</n32UseMP>
		<n32UseHP>0</n32UseHP>
		<n32UseCP>0</n32UseCP>
		<bIsCoolDown>1</bIsCoolDown>
		<bIsCanMove>1</bIsCanMove>
		<bIsCanBreak>1</bIsCanBreak>
		<n32TriggerRate>1000</n32TriggerRate>
		<bIfAffectBuilding>0</bIfAffectBuilding>
		<bIfAffectHero>1</bIfAffectHero>
		<bIfAffectMonster>1</bIfAffectMonster>
		<EmitTarget>2</EmitTarget>
		<EmitType>2</EmitType>
		<FlySpeed>2500</FlySpeed>
		<FlyPar1>0</FlyPar1>
		<FlyPar2>0</FlyPar2>
		<FlyPar3>0</FlyPar3>
		<n32ProjectileNum>1</n32ProjectileNum>
		<n32ProjEmitInter>0</n32ProjEmitInter>
		<bIsPenetrate>0</bIsPenetrate>
		<eCollideRadius>200</eCollideRadius>
		<eLifeTime>800</eLifeTime>
		<attackEffect>dagger</attackEffect>
		<FlySound>Tanshigui_Skill 2</FlySound>
		<EventID>121268</EventID>
	</info>
	<info un32ID="131083">
		<szName>刃雨EX</szName>
		<n32UseMP>0</n32UseMP>
		<n32UseHP>0</n32UseHP>
		<n32UseCP>0</n32UseCP>
		<bIsCoolDown>1</bIsCoolDown>
		<bIsCanMove>1</bIsCanMove>
		<bIsCanBreak>1</bIsCanBreak>
		<n32TriggerRate>1000</n32TriggerRate>
		<bIfAffectBuilding>0</bIfAffectBuilding>
		<bIfAffectHero>1</bIfAffectHero>
		<bIfAffectMonster>1</bIfAffectMonster>
		<EmitTarget>2</EmitTarget>
		<EmitType>2</EmitType>
		<FlySpeed>2500</FlySpeed>
		<FlyPar1>0</FlyPar1>
		<FlyPar2>0</FlyPar2>
		<FlyPar3>0</FlyPar3>
		<n32ProjectileNum>1</n32ProjectileNum>
		<n32ProjEmitInter>0</n32ProjEmitInter>
		<bIsPenetrate>0</bIsPenetrate>
		<eCollideRadius>200</eCollideRadius>
		<eLifeTime>800</eLifeTime>
		<attackEffect>dagger_ex</attackEffect>
		<FlySound>Tanshigui_Skill 2</FlySound>
		<EventID>121269</EventID>
	</info>
</SkillCfg_emit>