<?xml version="1.0" encoding="UTF-8" standalone="yes"?>
<BuffCfg xmlns:xsi="http://www.w3.org/2001/XMLSchema-instance">
	<info un32ID="1001">
		<szName>中毒</szName>
		<bIsSendMsg>1</bIsSendMsg>
		<n32RepeatTimes>5</n32RepeatTimes>
		<n32ReplaceID>0</n32ReplaceID>
		<n32Effect0ID>3</n32Effect0ID>
		<eEffect0LastTick>3000</eEffect0LastTick>
		<eEffect0Trigger>1000</eEffect0Trigger>
		<bEffect0ClearWhenDie>1</bEffect0ClearWhenDie>
		<eEffect0EffectTimes>5</eEffect0EffectTimes>
		<eEffect0EffectInterval>1000</eEffect0EffectInterval>
		<eEffect0Value>-15</eEffect0Value>
		<eEffect0Rate>0</eEffect0Rate>
		<szEffectIcon>28</szEffectIcon>
		<szEffectSound>jiaxue</szEffectSound>
		<szEffectDes>大师的撒</szEffectDes>
		<szEffection>poison</szEffection>
	</info>
	<info un32ID="1002">
		<szName>灼伤</szName>
		<bIsSendMsg>1</bIsSendMsg>
		<n32RepeatTimes>5</n32RepeatTimes>
		<n32ReplaceID>0</n32ReplaceID>
		<n32Effect0ID>3</n32Effect0ID>
		<eEffect0LastTick>3000</eEffect0LastTick>
		<eEffect0Trigger>1000</eEffect0Trigger>
		<bEffect0ClearWhenDie>1</bEffect0ClearWhenDie>
		<eEffect0EffectTimes>5</eEffect0EffectTimes>
		<eEffect0EffectInterval>1000</eEffect0EffectInterval>
		<eEffect0Value>-15</eEffect0Value>
		<eEffect0Rate>0</eEffect0Rate>
		<szEffectIcon>09</szEffectIcon>
		<szEffectSound>jiaxue</szEffectSound>
		<szEffectDes>阿斯顿撒</szEffectDes>
		<szEffection>burning</szEffection>
	</info>
	<info un32ID="1003">
		<szName>治疗</szName>
		<bIsSendMsg>1</bIsSendMsg>
		<n32RepeatTimes>5</n32RepeatTimes>
		<n32ReplaceID>0</n32ReplaceID>
		<n32Effect0ID>3</n32Effect0ID>
		<eEffect0LastTick>6000</eEffect0LastTick>
		<eEffect0Trigger>1000</eEffect0Trigger>
		<bEffect0ClearWhenDie>1</bEffect0ClearWhenDie>
		<eEffect0EffectTimes>5</eEffect0EffectTimes>
		<eEffect0EffectInterval>2000</eEffect0EffectInterval>
		<eEffect0Value>50</eEffect0Value>
		<eEffect0Rate>0</eEffect0Rate>
		<szEffectIcon>24</szEffectIcon>
		<szEffectSound>jiaxue</szEffectSound>
		<szEffectDes>大师的撒</szEffectDes>
		<szEffection>heal_last</szEffection>
	</info>
	<info un32ID="1004">
		<szName>回魔</szName>
		<bIsSendMsg>1</bIsSendMsg>
		<n32RepeatTimes>5</n32RepeatTimes>
		<n32ReplaceID>0</n32ReplaceID>
		<n32Effect0ID>4</n32Effect0ID>
		<eEffect0LastTick>3000</eEffect0LastTick>
		<eEffect0Trigger>1000</eEffect0Trigger>
		<bEffect0ClearWhenDie>1</bEffect0ClearWhenDie>
		<eEffect0EffectTimes>5</eEffect0EffectTimes>
		<eEffect0EffectInterval>1000</eEffect0EffectInterval>
		<eEffect0Value>15</eEffect0Value>
		<eEffect0Rate>0</eEffect0Rate>
		<szEffectIcon>06</szEffectIcon>
		<szEffectSound>回魔</szEffectSound>
		<szEffectDes>阿斯顿撒</szEffectDes>
		<szEffection>magic_last</szEffection>
	</info>
	<info un32ID="1005">
		<szName>神圣祝福1</szName>
		<bIsSendMsg>1</bIsSendMsg>
		<n32RepeatTimes>2</n32RepeatTimes>
		<n32ReplaceID>2</n32ReplaceID>
		<n32Effect0ID>10</n32Effect0ID>
		<eEffect0LastTick>5000</eEffect0LastTick>
		<eEffect0Trigger>1000</eEffect0Trigger>
		<bEffect0ClearWhenDie>1</bEffect0ClearWhenDie>
		<eEffect0EffectTimes>1</eEffect0EffectTimes>
		<eEffect0EffectInterval>0</eEffect0EffectInterval>
		<eEffect0Value>0</eEffect0Value>
		<eEffect0Rate>500</eEffect0Rate>
		<szEffectIcon>10</szEffectIcon>
		<szEffectSound>回魔</szEffectSound>
		<szEffectDes>大师的撒</szEffectDes>
		<szEffection>jiagong_buff</szEffection>
	</info>
	<info un32ID="1006">
		<szName>魔力祝福</szName>
		<bIsSendMsg>1</bIsSendMsg>
		<n32RepeatTimes>2</n32RepeatTimes>
		<n32ReplaceID>0</n32ReplaceID>
		<n32Effect0ID>6</n32Effect0ID>
		<eEffect0LastTick>10000</eEffect0LastTick>
		<eEffect0Trigger>1000</eEffect0Trigger>
		<bEffect0ClearWhenDie>1</bEffect0ClearWhenDie>
		<eEffect0EffectTimes>1</eEffect0EffectTimes>
		<eEffect0EffectInterval>0</eEffect0EffectInterval>
		<eEffect0Value>15</eEffect0Value>
		<eEffect0Rate>0</eEffect0Rate>
		<szEffectIcon>12</szEffectIcon>
		<szEffectSound>回魔</szEffectSound>
		<szEffectDes>阿斯顿撒</szEffectDes>
		<szEffection>jiagong_buff</szEffection>
	</info>
	<info un32ID="1007">
		<szName>圣盾</szName>
		<bIsSendMsg>1</bIsSendMsg>
		<n32RepeatTimes>2</n32RepeatTimes>
		<n32ReplaceID>0</n32ReplaceID>
		<n32Effect0ID>7</n32Effect0ID>
		<eEffect0LastTick>10000</eEffect0LastTick>
		<eEffect0Trigger>1000</eEffect0Trigger>
		<bEffect0ClearWhenDie>1</bEffect0ClearWhenDie>
		<eEffect0EffectTimes>1</eEffect0EffectTimes>
		<eEffect0EffectInterval>0</eEffect0EffectInterval>
		<eEffect0Value>15</eEffect0Value>
		<eEffect0Rate>0</eEffect0Rate>
		<szEffectIcon>15</szEffectIcon>
		<szEffectSound>回魔</szEffectSound>
		<szEffectDes>大师的撒</szEffectDes>
		<szEffection>jiafang_buff</szEffection>
	</info>
	<info un32ID="1008">
		<szName>魔法盾</szName>
		<bIsSendMsg>1</bIsSendMsg>
		<n32RepeatTimes>2</n32RepeatTimes>
		<n32ReplaceID>0</n32ReplaceID>
		<n32Effect0ID>8</n32Effect0ID>
		<eEffect0LastTick>10000</eEffect0LastTick>
		<eEffect0Trigger>1000</eEffect0Trigger>
		<bEffect0ClearWhenDie>1</bEffect0ClearWhenDie>
		<eEffect0EffectTimes>1</eEffect0EffectTimes>
		<eEffect0EffectInterval>0</eEffect0EffectInterval>
		<eEffect0Value>15</eEffect0Value>
		<eEffect0Rate>0</eEffect0Rate>
		<szEffectIcon>11</szEffectIcon>
		<szEffectSound>回魔</szEffectSound>
		<szEffectDes>阿斯顿撒</szEffectDes>
		<szEffection>jiafang_buff</szEffection>
	</info>
	<info un32ID="1009">
		<szName>加速1</szName>
		<bIsSendMsg>1</bIsSendMsg>
		<n32RepeatTimes>2</n32RepeatTimes>
		<n32ReplaceID>3</n32ReplaceID>
		<n32Effect0ID>9</n32Effect0ID>
		<eEffect0LastTick>5000</eEffect0LastTick>
		<eEffect0Trigger>1000</eEffect0Trigger>
		<bEffect0ClearWhenDie>1</bEffect0ClearWhenDie>
		<eEffect0EffectTimes>1</eEffect0EffectTimes>
		<eEffect0EffectInterval>0</eEffect0EffectInterval>
		<eEffect0Value>0</eEffect0Value>
		<eEffect0Rate>1000</eEffect0Rate>
		<szEffectIcon>04</szEffectIcon>
		<szEffectSound>jiaxue</szEffectSound>
		<szEffectDes>大师的撒</szEffectDes>
		<szEffection>jiasu_yelang</szEffection>
	</info>
	<info un32ID="1010">
		<szName>激昂</szName>
		<bIsSendMsg>1</bIsSendMsg>
		<n32RepeatTimes>2</n32RepeatTimes>
		<n32ReplaceID>0</n32ReplaceID>
		<n32Effect0ID>10</n32Effect0ID>
		<eEffect0LastTick>10000</eEffect0LastTick>
		<eEffect0Trigger>1000</eEffect0Trigger>
		<bEffect0ClearWhenDie>1</bEffect0ClearWhenDie>
		<eEffect0EffectTimes>1</eEffect0EffectTimes>
		<eEffect0EffectInterval>0</eEffect0EffectInterval>
		<eEffect0Value>15</eEffect0Value>
		<eEffect0Rate>0</eEffect0Rate>
		<szEffectIcon>04</szEffectIcon>
		<szEffectSound>jiaxue</szEffectSound>
		<szEffectDes>阿斯顿撒</szEffectDes>
		<szEffection>jiagong_buff</szEffection>
	</info>
	<info un32ID="1011">
		<szName>活力果实</szName>
		<bIsSendMsg>1</bIsSendMsg>
		<n32RepeatTimes>2</n32RepeatTimes>
		<n32ReplaceID>0</n32ReplaceID>
		<n32Effect0ID>11</n32Effect0ID>
		<eEffect0LastTick>10000</eEffect0LastTick>
		<eEffect0Trigger>1000</eEffect0Trigger>
		<bEffect0ClearWhenDie>1</bEffect0ClearWhenDie>
		<eEffect0EffectTimes>1</eEffect0EffectTimes>
		<eEffect0EffectInterval>0</eEffect0EffectInterval>
		<eEffect0Value>15</eEffect0Value>
		<eEffect0Rate>0</eEffect0Rate>
		<szEffectIcon>28</szEffectIcon>
		<szEffectSound>jiaxue</szEffectSound>
		<szEffectDes>大师的撒</szEffectDes>
		<szEffection>heal_last</szEffection>
	</info>
	<info un32ID="1012">
		<szName>魔力果实</szName>
		<bIsSendMsg>1</bIsSendMsg>
		<n32RepeatTimes>2</n32RepeatTimes>
		<n32ReplaceID>0</n32ReplaceID>
		<n32Effect0ID>12</n32Effect0ID>
		<eEffect0LastTick>10000</eEffect0LastTick>
		<eEffect0Trigger>1000</eEffect0Trigger>
		<bEffect0ClearWhenDie>1</bEffect0ClearWhenDie>
		<eEffect0EffectTimes>1</eEffect0EffectTimes>
		<eEffect0EffectInterval>0</eEffect0EffectInterval>
		<eEffect0Value>15</eEffect0Value>
		<eEffect0Rate>0</eEffect0Rate>
		<szEffectIcon>27</szEffectIcon>
		<szEffectSound>回魔</szEffectSound>
		<szEffectDes>阿斯顿撒</szEffectDes>
		<szEffection>magic_last</szEffection>
	</info>
	<info un32ID="1013">
		<szName>生命源泉</szName>
		<bIsSendMsg>1</bIsSendMsg>
		<n32RepeatTimes>2</n32RepeatTimes>
		<n32ReplaceID>0</n32ReplaceID>
		<n32Effect0ID>13</n32Effect0ID>
		<eEffect0LastTick>10000</eEffect0LastTick>
		<eEffect0Trigger>1000</eEffect0Trigger>
		<bEffect0ClearWhenDie>1</bEffect0ClearWhenDie>
		<eEffect0EffectTimes>1</eEffect0EffectTimes>
		<eEffect0EffectInterval>0</eEffect0EffectInterval>
		<eEffect0Value>15</eEffect0Value>
		<eEffect0Rate>0</eEffect0Rate>
		<szEffectIcon>24</szEffectIcon>
		<szEffectSound>jiaxue</szEffectSound>
		<szEffectDes>大师的撒</szEffectDes>
		<szEffection>heal_last</szEffection>
	</info>
	<info un32ID="1014">
		<szName>魔法源泉</szName>
		<bIsSendMsg>1</bIsSendMsg>
		<n32RepeatTimes>2</n32RepeatTimes>
		<n32ReplaceID>0</n32ReplaceID>
		<n32Effect0ID>14</n32Effect0ID>
		<eEffect0LastTick>10000</eEffect0LastTick>
		<eEffect0Trigger>1000</eEffect0Trigger>
		<bEffect0ClearWhenDie>1</bEffect0ClearWhenDie>
		<eEffect0EffectTimes>1</eEffect0EffectTimes>
		<eEffect0EffectInterval>0</eEffect0EffectInterval>
		<eEffect0Value>15</eEffect0Value>
		<eEffect0Rate>0</eEffect0Rate>
		<szEffectIcon>12</szEffectIcon>
		<szEffectSound>回魔</szEffectSound>
		<szEffectDes>阿斯顿撒</szEffectDes>
		<szEffection>magic_last</szEffection>
	</info>
	<info un32ID="1015">
		<szName>冥界祝福</szName>
		<bIsSendMsg>1</bIsSendMsg>
		<n32RepeatTimes>2</n32RepeatTimes>
		<n32ReplaceID>0</n32ReplaceID>
		<n32Effect0ID>15</n32Effect0ID>
		<eEffect0LastTick>10000</eEffect0LastTick>
		<eEffect0Trigger>1000</eEffect0Trigger>
		<bEffect0ClearWhenDie>0</bEffect0ClearWhenDie>
		<eEffect0EffectTimes>1</eEffect0EffectTimes>
		<eEffect0EffectInterval>0</eEffect0EffectInterval>
		<eEffect0Value>15</eEffect0Value>
		<eEffect0Rate>0</eEffect0Rate>
		<szEffectIcon>06</szEffectIcon>
		<szEffectSound>jiaxue</szEffectSound>
		<szEffectDes>大师的撒</szEffectDes>
		<szEffection>heal_last</szEffection>
	</info>
	<info un32ID="1016">
		<szName>眩晕</szName>
		<bIsSendMsg>1</bIsSendMsg>
		<n32RepeatTimes>1</n32RepeatTimes>
		<n32ReplaceID>1</n32ReplaceID>
		<n32Effect0ID>16</n32Effect0ID>
		<eEffect0LastTick>3000</eEffect0LastTick>
		<eEffect0Trigger>1000</eEffect0Trigger>
		<bEffect0ClearWhenDie>1</bEffect0ClearWhenDie>
		<eEffect0EffectTimes>1</eEffect0EffectTimes>
		<eEffect0EffectInterval>0</eEffect0EffectInterval>
		<eEffect0Value>3</eEffect0Value>
		<eEffect0Rate>0</eEffect0Rate>
		<szEffectIcon>25</szEffectIcon>
		<szEffectSound>jiaxue</szEffectSound>
		<szEffectDes>阿斯顿撒</szEffectDes>
		<szEffection>stun</szEffection>
	</info>
	<info un32ID="1017">
		<szName>沉默</szName>
		<bIsSendMsg>1</bIsSendMsg>
		<n32RepeatTimes>1</n32RepeatTimes>
		<n32ReplaceID>1</n32ReplaceID>
		<n32Effect0ID>17</n32Effect0ID>
		<eEffect0LastTick>4000</eEffect0LastTick>
		<eEffect0Trigger>1000</eEffect0Trigger>
		<bEffect0ClearWhenDie>1</bEffect0ClearWhenDie>
		<eEffect0EffectTimes>1</eEffect0EffectTimes>
		<eEffect0EffectInterval>0</eEffect0EffectInterval>
		<eEffect0Value>3</eEffect0Value>
		<eEffect0Rate>0</eEffect0Rate>
		<szEffectIcon>26</szEffectIcon>
		<szEffectSound>jiaxue</szEffectSound>
		<szEffectDes>大师的撒</szEffectDes>
		<szEffection>chenmo</szEffection>
	</info>
	<info un32ID="1018">
		<szName>位移</szName>
		<bIsSendMsg>1</bIsSendMsg>
		<n32RepeatTimes>1</n32RepeatTimes>
		<n32ReplaceID>1</n32ReplaceID>
		<n32Effect0ID>18</n32Effect0ID>
		<eEffect0LastTick>3000</eEffect0LastTick>
		<eEffect0Trigger>1000</eEffect0Trigger>
		<bEffect0ClearWhenDie>1</bEffect0ClearWhenDie>
		<eEffect0EffectTimes>1</eEffect0EffectTimes>
		<eEffect0EffectInterval>0</eEffect0EffectInterval>
		<eEffect0Value>3</eEffect0Value>
		<eEffect0Rate>0</eEffect0Rate>
		<szEffectIcon>02</szEffectIcon>
		<szEffectSound>jiaxue</szEffectSound>
		<szEffectDes>阿斯顿撒</szEffectDes>
		<szEffection>bingdong</szEffection>
	</info>
	<info un32ID="1019">
		<szName>反弹</szName>
		<bIsSendMsg>1</bIsSendMsg>
		<n32RepeatTimes>1</n32RepeatTimes>
		<n32ReplaceID>0</n32ReplaceID>
		<n32Effect0ID>19</n32Effect0ID>
		<eEffect0LastTick>10000</eEffect0LastTick>
		<eEffect0Trigger>1000</eEffect0Trigger>
		<bEffect0ClearWhenDie>1</bEffect0ClearWhenDie>
		<eEffect0EffectTimes>1</eEffect0EffectTimes>
		<eEffect0EffectInterval>0</eEffect0EffectInterval>
		<eEffect0Value>15</eEffect0Value>
		<eEffect0Rate>0</eEffect0Rate>
		<szEffectIcon>11</szEffectIcon>
		<szEffectSound>jiaxue</szEffectSound>
		<szEffectDes>大师的撒</szEffectDes>
		<szEffection>bingdong</szEffection>
	</info>
	<info un32ID="1020">
		<szName>吸血</szName>
		<bIsSendMsg>1</bIsSendMsg>
		<n32RepeatTimes>1</n32RepeatTimes>
		<n32ReplaceID>0</n32ReplaceID>
		<n32Effect0ID>20</n32Effect0ID>
		<eEffect0LastTick>10000</eEffect0LastTick>
		<eEffect0Trigger>1000</eEffect0Trigger>
		<bEffect0ClearWhenDie>1</bEffect0ClearWhenDie>
		<eEffect0EffectTimes>1</eEffect0EffectTimes>
		<eEffect0EffectInterval>0</eEffect0EffectInterval>
		<eEffect0Value>10</eEffect0Value>
		<eEffect0Rate>100</eEffect0Rate>
		<szEffectIcon>14</szEffectIcon>
		<szEffectSound>jiaxue</szEffectSound>
		<szEffectDes>阿斯顿撒</szEffectDes>
		<szEffection>heal_last</szEffection>
	</info>
	<info un32ID="1021">
		<szName>缴械</szName>
		<bIsSendMsg>1</bIsSendMsg>
		<n32RepeatTimes>1</n32RepeatTimes>
		<n32ReplaceID>1</n32ReplaceID>
		<n32Effect0ID>21</n32Effect0ID>
		<eEffect0LastTick>5000</eEffect0LastTick>
		<eEffect0Trigger>1000</eEffect0Trigger>
		<bEffect0ClearWhenDie>1</bEffect0ClearWhenDie>
		<eEffect0EffectTimes>1</eEffect0EffectTimes>
		<eEffect0EffectInterval>0</eEffect0EffectInterval>
		<eEffect0Value>3</eEffect0Value>
		<eEffect0Rate>0</eEffect0Rate>
		<szEffectIcon>01</szEffectIcon>
		<szEffectSound>jiaxue</szEffectSound>
		<szEffectDes>大师的撒</szEffectDes>
		<szEffection>chenmo</szEffection>
	</info>
	<info un32ID="1022">
		<szName>蛛网束缚</szName>
		<bIsSendMsg>1</bIsSendMsg>
		<n32RepeatTimes>1</n32RepeatTimes>
		<n32ReplaceID>1</n32ReplaceID>
		<n32Effect0ID>22</n32Effect0ID>
		<eEffect0LastTick>3000</eEffect0LastTick>
		<eEffect0Trigger>1000</eEffect0Trigger>
		<bEffect0ClearWhenDie>1</bEffect0ClearWhenDie>
		<eEffect0EffectTimes>1</eEffect0EffectTimes>
		<eEffect0EffectInterval>0</eEffect0EffectInterval>
		<eEffect0Value>3</eEffect0Value>
		<eEffect0Rate>0</eEffect0Rate>
		<szEffectIcon>29</szEffectIcon>
		<szEffectSound>jiaxue</szEffectSound>
		<szEffectDes>阿斯顿撒</szEffectDes>
		<szEffection>zhizhuwang</szEffection>
	</info>
	<info un32ID="1023">
		<szName>冻结</szName>
		<bIsSendMsg>1</bIsSendMsg>
		<n32RepeatTimes>1</n32RepeatTimes>
		<n32ReplaceID>1</n32ReplaceID>
		<n32Effect0ID>16</n32Effect0ID>
		<eEffect0LastTick>3000</eEffect0LastTick>
		<eEffect0Trigger>1000</eEffect0Trigger>
		<bEffect0ClearWhenDie>1</bEffect0ClearWhenDie>
		<eEffect0EffectTimes>1</eEffect0EffectTimes>
		<eEffect0EffectInterval>0</eEffect0EffectInterval>
		<eEffect0Value>3</eEffect0Value>
		<eEffect0Rate>0</eEffect0Rate>
		<szEffectIcon>07</szEffectIcon>
		<szEffectSound>jiaxue</szEffectSound>
		<szEffectDes>阿斯顿撒</szEffectDes>
		<szEffection>bingdong</szEffection>
	</info>
	<info un32ID="1024">
		<szName>冰冻减速</szName>
		<bIsSendMsg>1</bIsSendMsg>
		<n32RepeatTimes>1</n32RepeatTimes>
		<n32ReplaceID>0</n32ReplaceID>
		<n32Effect0ID>9</n32Effect0ID>
		<eEffect0LastTick>5000</eEffect0LastTick>
		<eEffect0Trigger>1000</eEffect0Trigger>
		<bEffect0ClearWhenDie>1</bEffect0ClearWhenDie>
		<eEffect0EffectTimes>1</eEffect0EffectTimes>
		<eEffect0EffectInterval>0</eEffect0EffectInterval>
		<eEffect0Value>-2</eEffect0Value>
		<eEffect0Rate>0</eEffect0Rate>
		<szEffectIcon>16</szEffectIcon>
		<szEffectSound>jiaxue</szEffectSound>
		<szEffectDes>阿斯顿撒</szEffectDes>
		<szEffection>icejiansu_buff</szEffection>
	</info>
	<info un32ID="1025">
		<szName>流血</szName>
		<bIsSendMsg>1</bIsSendMsg>
		<n32RepeatTimes>1</n32RepeatTimes>
		<n32ReplaceID>0</n32ReplaceID>
		<n32Effect0ID>3</n32Effect0ID>
		<eEffect0LastTick>5000</eEffect0LastTick>
		<eEffect0Trigger>1000</eEffect0Trigger>
		<bEffect0ClearWhenDie>1</bEffect0ClearWhenDie>
		<eEffect0EffectTimes>5</eEffect0EffectTimes>
		<eEffect0EffectInterval>1000</eEffect0EffectInterval>
		<eEffect0Value>-15</eEffect0Value>
		<eEffect0Rate>0</eEffect0Rate>
		<szEffectIcon>05</szEffectIcon>
		<szEffectSound>jiaxue</szEffectSound>
		<szEffectDes>阿斯顿撒</szEffectDes>
		<szEffection>diaoxue</szEffection>
	</info>
	<info un32ID="1026">
		<szName>地狱枷锁</szName>
		<bIsSendMsg>1</bIsSendMsg>
		<n32RepeatTimes>1</n32RepeatTimes>
		<n32ReplaceID>1</n32ReplaceID>
		<n32Effect0ID>22</n32Effect0ID>
		<eEffect0LastTick>3000</eEffect0LastTick>
		<eEffect0Trigger>1000</eEffect0Trigger>
		<bEffect0ClearWhenDie>1</bEffect0ClearWhenDie>
		<eEffect0EffectTimes>1</eEffect0EffectTimes>
		<eEffect0EffectInterval>0</eEffect0EffectInterval>
		<eEffect0Value>3</eEffect0Value>
		<eEffect0Rate>0</eEffect0Rate>
		<szEffectIcon>02</szEffectIcon>
		<szEffectSound>jiaxue</szEffectSound>
		<szEffectDes>阿斯顿撒</szEffectDes>
		<szEffection>JungleHP</szEffection>
	</info>
	<info un32ID="1027">
		<szName>究极攻击</szName>
		<bIsSendMsg>1</bIsSendMsg>
		<n32RepeatTimes>2</n32RepeatTimes>
		<n32ReplaceID>0</n32ReplaceID>
		<n32Effect0ID>5</n32Effect0ID>
		<eEffect0LastTick>1000000</eEffect0LastTick>
		<eEffect0Trigger>1000</eEffect0Trigger>
		<bEffect0ClearWhenDie>1</bEffect0ClearWhenDie>
		<eEffect0EffectTimes>1</eEffect0EffectTimes>
		<eEffect0EffectInterval>0</eEffect0EffectInterval>
		<eEffect0Value>10000</eEffect0Value>
		<eEffect0Rate>0</eEffect0Rate>
		<szEffectIcon>10</szEffectIcon>
		<szEffectSound>回魔</szEffectSound>
		<szEffectDes>大师的撒</szEffectDes>
		<szEffection>jiagong_buff</szEffection>
	</info>
	<info un32ID="1028">
		<szName>究极防御</szName>
		<bIsSendMsg>1</bIsSendMsg>
		<n32RepeatTimes>2</n32RepeatTimes>
		<n32ReplaceID>0</n32ReplaceID>
		<n32Effect0ID>7</n32Effect0ID>
		<eEffect0LastTick>1000000</eEffect0LastTick>
		<eEffect0Trigger>1000</eEffect0Trigger>
		<bEffect0ClearWhenDie>1</bEffect0ClearWhenDie>
		<eEffect0EffectTimes>1</eEffect0EffectTimes>
		<eEffect0EffectInterval>0</eEffect0EffectInterval>
		<eEffect0Value>10000</eEffect0Value>
		<eEffect0Rate>0</eEffect0Rate>
		<szEffectIcon>15</szEffectIcon>
		<szEffectSound>回魔</szEffectSound>
		<szEffectDes>大师的撒</szEffectDes>
		<szEffection>jiafang_buff</szEffection>
	</info>
	<info un32ID="1029">
		<szName>生命药水</szName>
		<bIsSendMsg>1</bIsSendMsg>
		<n32RepeatTimes>5</n32RepeatTimes>
		<n32ReplaceID>0</n32ReplaceID>
		<n32Effect0ID>3</n32Effect0ID>
		<eEffect0LastTick>20000</eEffect0LastTick>
		<eEffect0Trigger>1000</eEffect0Trigger>
		<bEffect0ClearWhenDie>1</bEffect0ClearWhenDie>
		<eEffect0EffectTimes>20</eEffect0EffectTimes>
		<eEffect0EffectInterval>1000</eEffect0EffectInterval>
		<eEffect0Value>15</eEffect0Value>
		<eEffect0Rate>0</eEffect0Rate>
		<szEffectIcon>24</szEffectIcon>
		<szEffectSound>jiaxue</szEffectSound>
		<szEffectDes>大师的撒</szEffectDes>
		<szEffection>heal_last</szEffection>
	</info>
	<info un32ID="1030">
		<szName>魔法药水</szName>
		<bIsSendMsg>1</bIsSendMsg>
		<n32RepeatTimes>5</n32RepeatTimes>
		<n32ReplaceID>0</n32ReplaceID>
		<n32Effect0ID>4</n32Effect0ID>
		<eEffect0LastTick>20000</eEffect0LastTick>
		<eEffect0Trigger>1000</eEffect0Trigger>
		<bEffect0ClearWhenDie>1</bEffect0ClearWhenDie>
		<eEffect0EffectTimes>20</eEffect0EffectTimes>
		<eEffect0EffectInterval>1000</eEffect0EffectInterval>
		<eEffect0Value>4</eEffect0Value>
		<eEffect0Rate>0</eEffect0Rate>
		<szEffectIcon>06</szEffectIcon>
		<szEffectSound>回魔</szEffectSound>
		<szEffectDes>阿斯顿撒</szEffectDes>
		<szEffection>magic_last</szEffection>
	</info>
	<info un32ID="1031">
		<szName>速效生命药水</szName>
		<bIsSendMsg>1</bIsSendMsg>
		<n32RepeatTimes>5</n32RepeatTimes>
		<n32ReplaceID>0</n32ReplaceID>
		<n32Effect0ID>3</n32Effect0ID>
		<eEffect0LastTick>1000</eEffect0LastTick>
		<eEffect0Trigger>1000</eEffect0Trigger>
		<bEffect0ClearWhenDie>1</bEffect0ClearWhenDie>
		<eEffect0EffectTimes>1</eEffect0EffectTimes>
		<eEffect0EffectInterval>0</eEffect0EffectInterval>
		<eEffect0Value>200</eEffect0Value>
		<eEffect0Rate>0</eEffect0Rate>
		<szEffectIcon>24</szEffectIcon>
		<szEffectSound>jiaxue</szEffectSound>
		<szEffectDes>大师的撒</szEffectDes>
		<szEffection>heal_last</szEffection>
	</info>
	<info un32ID="1032">
		<szName>速效魔法药水</szName>
		<bIsSendMsg>1</bIsSendMsg>
		<n32RepeatTimes>5</n32RepeatTimes>
		<n32ReplaceID>0</n32ReplaceID>
		<n32Effect0ID>4</n32Effect0ID>
		<eEffect0LastTick>1000</eEffect0LastTick>
		<eEffect0Trigger>1000</eEffect0Trigger>
		<bEffect0ClearWhenDie>1</bEffect0ClearWhenDie>
		<eEffect0EffectTimes>1</eEffect0EffectTimes>
		<eEffect0EffectInterval>0</eEffect0EffectInterval>
		<eEffect0Value>60</eEffect0Value>
		<eEffect0Rate>0</eEffect0Rate>
		<szEffectIcon>06</szEffectIcon>
		<szEffectSound>回魔</szEffectSound>
		<szEffectDes>阿斯顿撒</szEffectDes>
		<szEffection>magic_last</szEffection>
	</info>
	<info un32ID="1033">
		<szName>破盾</szName>
		<bIsSendMsg>1</bIsSendMsg>
		<n32RepeatTimes>1</n32RepeatTimes>
		<n32ReplaceID>1</n32ReplaceID>
		<n32Effect0ID>7</n32Effect0ID>
		<eEffect0LastTick>5000</eEffect0LastTick>
		<eEffect0Trigger>1000</eEffect0Trigger>
		<bEffect0ClearWhenDie>1</bEffect0ClearWhenDie>
		<eEffect0EffectTimes>1</eEffect0EffectTimes>
		<eEffect0EffectInterval>0</eEffect0EffectInterval>
		<eEffect0Value>0</eEffect0Value>
		<eEffect0Rate>-250</eEffect0Rate>
		<szEffectIcon>12</szEffectIcon>
		<szEffectSound>回魔</szEffectSound>
		<szEffectDes>阿斯顿撒</szEffectDes>
		<szEffection>jianlan_chixu_buff</szEffection>
	</info>
	<info un32ID="1034">
		<szName>毒液</szName>
		<bIsSendMsg>1</bIsSendMsg>
		<n32RepeatTimes>1</n32RepeatTimes>
		<n32ReplaceID>0</n32ReplaceID>
		<n32Effect0ID>3</n32Effect0ID>
		<eEffect0LastTick>3000</eEffect0LastTick>
		<eEffect0Trigger>1000</eEffect0Trigger>
		<bEffect0ClearWhenDie>1</bEffect0ClearWhenDie>
		<eEffect0EffectTimes>3</eEffect0EffectTimes>
		<eEffect0EffectInterval>1000</eEffect0EffectInterval>
		<eEffect0Value>5</eEffect0Value>
		<eEffect0Rate>0</eEffect0Rate>
		<szEffectIcon>28</szEffectIcon>
		<szEffectSound>jiaxue</szEffectSound>
		<szEffectDes>大师的撒</szEffectDes>
		<szEffection>poison</szEffection>
	</info>
	<info un32ID="1035">
		<szName>神圣祝福2</szName>
		<bIsSendMsg>1</bIsSendMsg>
		<n32RepeatTimes>1</n32RepeatTimes>
		<n32ReplaceID>2</n32ReplaceID>
		<n32Effect0ID>10</n32Effect0ID>
		<eEffect0LastTick>7500</eEffect0LastTick>
		<eEffect0Trigger>1000</eEffect0Trigger>
		<bEffect0ClearWhenDie>1</bEffect0ClearWhenDie>
		<eEffect0EffectTimes>1</eEffect0EffectTimes>
		<eEffect0EffectInterval>0</eEffect0EffectInterval>
		<eEffect0Value>0</eEffect0Value>
		<eEffect0Rate>500</eEffect0Rate>
		<szEffectIcon>10</szEffectIcon>
	</info>
	<info un32ID="1036">
		<szName>神圣祝福3</szName>
		<bIsSendMsg>1</bIsSendMsg>
		<n32RepeatTimes>1</n32RepeatTimes>
		<n32ReplaceID>2</n32ReplaceID>
		<n32Effect0ID>10</n32Effect0ID>
		<eEffect0LastTick>10000</eEffect0LastTick>
		<eEffect0Trigger>1000</eEffect0Trigger>
		<bEffect0ClearWhenDie>1</bEffect0ClearWhenDie>
		<eEffect0EffectTimes>1</eEffect0EffectTimes>
		<eEffect0EffectInterval>0</eEffect0EffectInterval>
		<eEffect0Value>0</eEffect0Value>
		<eEffect0Rate>500</eEffect0Rate>
		<szEffectIcon>10</szEffectIcon>
	</info>
	<info un32ID="1037">
		<szName>加速2</szName>
		<bIsSendMsg>1</bIsSendMsg>
		<n32RepeatTimes>1</n32RepeatTimes>
		<n32ReplaceID>3</n32ReplaceID>
		<n32Effect0ID>9</n32Effect0ID>
		<eEffect0LastTick>7500</eEffect0LastTick>
		<eEffect0Trigger>1000</eEffect0Trigger>
		<bEffect0ClearWhenDie>1</bEffect0ClearWhenDie>
		<eEffect0EffectTimes>1</eEffect0EffectTimes>
		<eEffect0EffectInterval>0</eEffect0EffectInterval>
		<eEffect0Value>0</eEffect0Value>
		<eEffect0Rate>1000</eEffect0Rate>
		<szEffectIcon>04</szEffectIcon>
	</info>
	<info un32ID="1038">
		<szName>加速3</szName>
		<bIsSendMsg>1</bIsSendMsg>
		<n32RepeatTimes>1</n32RepeatTimes>
		<n32ReplaceID>3</n32ReplaceID>
		<n32Effect0ID>9</n32Effect0ID>
		<eEffect0LastTick>10000</eEffect0LastTick>
		<eEffect0Trigger>1000</eEffect0Trigger>
		<bEffect0ClearWhenDie>1</bEffect0ClearWhenDie>
		<eEffect0EffectTimes>1</eEffect0EffectTimes>
		<eEffect0EffectInterval>0</eEffect0EffectInterval>
		<eEffect0Value>0</eEffect0Value>
		<eEffect0Rate>1000</eEffect0Rate>
		<szEffectIcon>04</szEffectIcon>
	</info>
	<info un32ID="1039">
		<szName>神圣祝福EX</szName>
		<bIsSendMsg>1</bIsSendMsg>
		<n32RepeatTimes>1</n32RepeatTimes>
		<n32ReplaceID>2</n32ReplaceID>
		<n32Effect0ID>10</n32Effect0ID>
		<eEffect0LastTick>7500</eEffect0LastTick>
		<eEffect0Trigger>1000</eEffect0Trigger>
		<bEffect0ClearWhenDie>1</bEffect0ClearWhenDie>
		<eEffect0EffectTimes>1</eEffect0EffectTimes>
		<eEffect0EffectInterval>0</eEffect0EffectInterval>
		<eEffect0Value>0</eEffect0Value>
		<eEffect0Rate>700</eEffect0Rate>
		<szEffectIcon>10</szEffectIcon>
	</info>
	<info un32ID="1040">
		<szName>加速EX</szName>
		<bIsSendMsg>1</bIsSendMsg>
		<n32RepeatTimes>1</n32RepeatTimes>
		<n32ReplaceID>3</n32ReplaceID>
		<n32Effect0ID>9</n32Effect0ID>
		<eEffect0LastTick>1000</eEffect0LastTick>
		<eEffect0Trigger>1000</eEffect0Trigger>
		<bEffect0ClearWhenDie>1</bEffect0ClearWhenDie>
		<eEffect0EffectTimes>1</eEffect0EffectTimes>
		<eEffect0EffectInterval>0</eEffect0EffectInterval>
		<eEffect0Value>0</eEffect0Value>
		<eEffect0Rate>1000</eEffect0Rate>
		<szEffectIcon>04</szEffectIcon>
	</info>
	<info un32ID="1041">
		<szName>飞樱漫舞</szName>
		<bIsSendMsg>1</bIsSendMsg>
		<n32RepeatTimes>1</n32RepeatTimes>
		<n32ReplaceID>0</n32ReplaceID>
		<n32Effect0ID>2</n32Effect0ID>
		<eEffect0LastTick>5000</eEffect0LastTick>
		<eEffect0Trigger>1000</eEffect0Trigger>
		<bEffect0ClearWhenDie>1</bEffect0ClearWhenDie>
		<eEffect0EffectTimes>5</eEffect0EffectTimes>
		<eEffect0EffectInterval>1000</eEffect0EffectInterval>
		<eEffect0Value>50</eEffect0Value>
		<eEffect0Rate>1000</eEffect0Rate>
		<szEffectIcon>04</szEffectIcon>
		<szEffection>sakuraarea</szEffection>
	</info>
	<info un32ID="1042">
		<szName>飞樱漫舞EX</szName>
		<bIsSendMsg>1</bIsSendMsg>
		<n32RepeatTimes>1</n32RepeatTimes>
		<n32ReplaceID>0</n32ReplaceID>
		<n32Effect0ID>2</n32Effect0ID>
		<eEffect0LastTick>5000</eEffect0LastTick>
		<eEffect0Trigger>1000</eEffect0Trigger>
		<bEffect0ClearWhenDie>1</bEffect0ClearWhenDie>
		<eEffect0EffectTimes>5</eEffect0EffectTimes>
		<eEffect0EffectInterval>300</eEffect0EffectInterval>
		<eEffect0Value>50</eEffect0Value>
		<eEffect0Rate>1000</eEffect0Rate>
		<szEffectIcon>04</szEffectIcon>
		<szEffection>sakuraarea_ex</szEffection>
	</info>
</BuffCfg>