<?xml version="1.0" encoding="UTF-8" standalone="yes"?>
<herocfg xmlns:xsi="http://www.w3.org/2001/XMLSchema-instance">
	<info un32ID="Jinglingnan_6">
		<szNOStr>19999</szNOStr>
		<HeroKind>1</HeroKind>
		<eMagicCate>2</eMagicCate>
		<XuetiaoHeight>6</XuetiaoHeight>
		<eAttackWay>1</eAttackWay>
		<n32AttackDist>400</n32AttackDist>
		<n32BaseExp>10</n32BaseExp>
		<n32BasePhyAttPower>220</n32BasePhyAttPower>
		<n32BaseMagAttPower>0</n32BaseMagAttPower>
		<n32BasePhyDef>120</n32BasePhyDef>
		<n32BaseMagDef>120</n32BaseMagDef>
		<n32BaseMoveSpeed>720</n32BaseMoveSpeed>
		<n32BaseMoveSpeedScaling>1000</n32BaseMoveSpeedScaling>
		<n32BaseAttackSpeed>1000</n32BaseAttackSpeed>
		<n32BaseMaxHP>1080</n32BaseMaxHP>
		<n32BaseMaxMP>560</n32BaseMaxMP>
		<n32BaseHPRecover>10000</n32BaseHPRecover>
		<n32BaseMPRecover>1200</n32BaseMPRecover>
		<n32BaseReliveTime>3000</n32BaseReliveTime>
		<n32ExpGrowth>10</n32ExpGrowth>
		<n32PhyAttGrowth>10</n32PhyAttGrowth>
		<n32MagAttGrowth>0</n32MagAttGrowth>
		<n32PhyDefGrowth>4</n32PhyDefGrowth>
		<n32MagDefGrowth>0</n32MagDefGrowth>
		<n32MoveSpeedGrowth>0</n32MoveSpeedGrowth>
		<n32AttackSpeedGrowth>20</n32AttackSpeedGrowth>
		<n32MaxHPGrowth>100</n32MaxHPGrowth>
		<n32MaxMPGrowth>30</n32MaxMPGrowth>
		<n32HPRecoverGrowth>10000</n32HPRecoverGrowth>
		<n32MPRecoverGrowth>200</n32MPRecoverGrowth>
		<n32ReliveGrowth>500</n32ReliveGrowth>
		<n32CPRecover>4</n32CPRecover>
		<n32CollideRadious>50</n32CollideRadious>
		<EmitPos>0,1300,0</EmitPos>
		<HitPos>0,1300,0</HitPos>
		<n32LockRadious>1</n32LockRadious>
		<n32RandomAttack>attack,attack2,attack3</n32RandomAttack>
		<un32WalkSound>0</un32WalkSound>
		<un32DeathSould>Jinglingnan5_Dead</un32DeathSould>
		<un32Script1>Jinglingnan_5_line_01,Jinglingnan_5_line_02</un32Script1>
		<n32Script1Rate>90050,90050</n32Script1Rate>
		<un32SkillType1>1200301</un32SkillType1>
		<un32SkillType2>1200401</un32SkillType2>
		<un32SkillType3>1300301</un32SkillType3>
		<un32SkillType4>1300401</un32SkillType4>
		<un32SkillType5>1100201</un32SkillType5>
		<un32SkillType6>1100001</un32SkillType6>
		<un32SkillTypeP>11000201</un32SkillTypeP>
		<un32PreItem>0</un32PreItem>
		<un32MidItem>0</un32MidItem>
		<un32ProItem>0</un32ProItem>
	</info>
	<info un32ID="Nvyao_5">
		<szNOStr>10001</szNOStr>
		<HeroKind>2</HeroKind>
		<eMagicCate>2</eMagicCate>
		<XuetiaoHeight>6</XuetiaoHeight>
		<eAttackWay>2</eAttackWay>
		<n32AttackDist>1050</n32AttackDist>
		<n32BaseExp>80</n32BaseExp>
		<n32BasePhyAttPower>47</n32BasePhyAttPower>
		<n32BaseMagAttPower>0</n32BaseMagAttPower>
		<n32BasePhyDef>14</n32BasePhyDef>
		<n32BaseMagDef>30</n32BaseMagDef>
		<n32BaseMoveSpeed>680</n32BaseMoveSpeed>
		<n32BaseMoveSpeedScaling>1000</n32BaseMoveSpeedScaling>
		<n32BaseAttackSpeed>1000</n32BaseAttackSpeed>
		<n32BaseMaxHP>480</n32BaseMaxHP>
		<n32BaseMaxMP>260</n32BaseMaxMP>
		<n32BaseHPRecover>1000</n32BaseHPRecover>
		<n32BaseMPRecover>1300</n32BaseMPRecover>
		<n32BaseReliveTime>3000</n32BaseReliveTime>
		<n32ExpGrowth>50</n32ExpGrowth>
		<n32PhyAttGrowth>2</n32PhyAttGrowth>
		<n32MagAttGrowth>0</n32MagAttGrowth>
		<n32PhyDefGrowth>4</n32PhyDefGrowth>
		<n32MagDefGrowth>0</n32MagDefGrowth>
		<n32MoveSpeedGrowth>0</n32MoveSpeedGrowth>
		<n32AttackSpeedGrowth>10</n32AttackSpeedGrowth>
		<n32MaxHPGrowth>102</n32MaxHPGrowth>
		<n32MaxMPGrowth>28</n32MaxMPGrowth>
		<n32HPRecoverGrowth>150</n32HPRecoverGrowth>
		<n32MPRecoverGrowth>120</n32MPRecoverGrowth>
		<n32ReliveGrowth>3000</n32ReliveGrowth>
		<n32CPRecover>4</n32CPRecover>
		<n32CollideRadious>50</n32CollideRadious>
		<EmitPos>0,1500,0</EmitPos>
		<HitPos>0,1500,0</HitPos>
		<n32LockRadious>1</n32LockRadious>
		<n32RandomAttack>attack,attack2,attack3</n32RandomAttack>
		<un32WalkSound>0</un32WalkSound>
		<un32DeathSould>Nvyao5_Dead</un32DeathSould>
		<un32Script1>Nvyao_5_line_01,Nvyao_5_line_02</un32Script1>
		<n32Script1Rate>90050,90050</n32Script1Rate>
		<un32SkillType1>1200101</un32SkillType1>
		<un32SkillType2>1200201</un32SkillType2>
		<un32SkillType3>1300101</un32SkillType3>
		<un32SkillType4>1300201</un32SkillType4>
		<un32SkillType5>1100101</un32SkillType5>
		<un32SkillType6>1100001</un32SkillType6>
		<un32SkillTypeP>11000101</un32SkillTypeP>
		<un32PreItem>30032,30001,30003</un32PreItem>
		<un32MidItem>30085,30007,30031</un32MidItem>
		<un32ProItem>30088,30007,30031,30106,30035,30006</un32ProItem>
	</info>
	<info un32ID="Jinglingnan_5">
		<szNOStr>10002</szNOStr>
		<HeroKind>1</HeroKind>
		<eMagicCate>2</eMagicCate>
		<XuetiaoHeight>6</XuetiaoHeight>
		<eAttackWay>1</eAttackWay>
		<n32AttackDist>400</n32AttackDist>
		<n32BaseExp>80</n32BaseExp>
		<n32BasePhyAttPower>51</n32BasePhyAttPower>
		<n32BaseMagAttPower>0</n32BaseMagAttPower>
		<n32BasePhyDef>12</n32BasePhyDef>
		<n32BaseMagDef>30</n32BaseMagDef>
		<n32BaseMoveSpeed>695</n32BaseMoveSpeed>
		<n32BaseMoveSpeedScaling>900</n32BaseMoveSpeedScaling>
		<n32BaseAttackSpeed>1000</n32BaseAttackSpeed>
		<n32BaseMaxHP>680</n32BaseMaxHP>
		<n32BaseMaxMP>200</n32BaseMaxMP>
		<n32BaseHPRecover>1500</n32BaseHPRecover>
		<n32BaseMPRecover>1200</n32BaseMPRecover>
		<n32BaseReliveTime>3000</n32BaseReliveTime>
		<n32ExpGrowth>50</n32ExpGrowth>
		<n32PhyAttGrowth>4</n32PhyAttGrowth>
		<n32MagAttGrowth>0</n32MagAttGrowth>
		<n32PhyDefGrowth>4</n32PhyDefGrowth>
		<n32MagDefGrowth>0</n32MagDefGrowth>
		<n32MoveSpeedGrowth>0</n32MoveSpeedGrowth>
		<n32AttackSpeedGrowth>25</n32AttackSpeedGrowth>
		<n32MaxHPGrowth>92</n32MaxHPGrowth>
		<n32MaxMPGrowth>28</n32MaxMPGrowth>
		<n32HPRecoverGrowth>120</n32HPRecoverGrowth>
		<n32MPRecoverGrowth>80</n32MPRecoverGrowth>
		<n32ReliveGrowth>3000</n32ReliveGrowth>
		<n32CPRecover>4</n32CPRecover>
		<n32CollideRadious>50</n32CollideRadious>
		<EmitPos>0,1300,0</EmitPos>
		<HitPos>0,1300,0</HitPos>
		<n32LockRadious>1</n32LockRadious>
		<n32RandomAttack>attack,attack2,attack3</n32RandomAttack>
		<un32WalkSound>0</un32WalkSound>
		<un32DeathSould>Jinglingnan5_Dead</un32DeathSould>
		<un32Script1>Jinglingnan_5_line_01,Jinglingnan_5_line_02</un32Script1>
		<n32Script1Rate>90050,90050</n32Script1Rate>
		<un32SkillType1>1200301</un32SkillType1>
		<un32SkillType2>1200401</un32SkillType2>
		<un32SkillType3>1300301</un32SkillType3>
		<un32SkillType4>1300401</un32SkillType4>
		<un32SkillType5>1100201</un32SkillType5>
		<un32SkillType6>1100001</un32SkillType6>
		<un32SkillTypeP>11000201</un32SkillTypeP>
		<un32PreItem>30014,30001</un32PreItem>
		<un32MidItem>30032,30027,30089</un32MidItem>
		<un32ProItem>30088,30093,30008,30101,30028,30091</un32ProItem>
	</info>
	<info un32ID="Xiyiren_5">
		<szNOStr>10003</szNOStr>
		<HeroKind>1</HeroKind>
		<eMagicCate>2</eMagicCate>
		<XuetiaoHeight>6</XuetiaoHeight>
		<eAttackWay>1</eAttackWay>
		<n32AttackDist>360</n32AttackDist>
		<n32BaseExp>80</n32BaseExp>
		<n32BasePhyAttPower>43</n32BasePhyAttPower>
		<n32BaseMagAttPower>0</n32BaseMagAttPower>
		<n32BasePhyDef>8</n32BasePhyDef>
		<n32BaseMagDef>30</n32BaseMagDef>
		<n32BaseMoveSpeed>660</n32BaseMoveSpeed>
		<n32BaseMoveSpeedScaling>1100</n32BaseMoveSpeedScaling>
		<n32BaseAttackSpeed>1000</n32BaseAttackSpeed>
		<n32BaseMaxHP>600</n32BaseMaxHP>
		<n32BaseMaxMP>205</n32BaseMaxMP>
		<n32BaseHPRecover>1000</n32BaseHPRecover>
		<n32BaseMPRecover>600</n32BaseMPRecover>
		<n32BaseReliveTime>3000</n32BaseReliveTime>
		<n32ExpGrowth>50</n32ExpGrowth>
		<n32PhyAttGrowth>2</n32PhyAttGrowth>
		<n32MagAttGrowth>0</n32MagAttGrowth>
		<n32PhyDefGrowth>4</n32PhyDefGrowth>
		<n32MagDefGrowth>0</n32MagDefGrowth>
		<n32MoveSpeedGrowth>0</n32MoveSpeedGrowth>
		<n32AttackSpeedGrowth>20</n32AttackSpeedGrowth>
		<n32MaxHPGrowth>102</n32MaxHPGrowth>
		<n32MaxMPGrowth>36</n32MaxMPGrowth>
		<n32HPRecoverGrowth>100</n32HPRecoverGrowth>
		<n32MPRecoverGrowth>100</n32MPRecoverGrowth>
		<n32ReliveGrowth>3000</n32ReliveGrowth>
		<n32CPRecover>4</n32CPRecover>
		<n32CollideRadious>50</n32CollideRadious>
		<EmitPos>0,1300,0</EmitPos>
		<HitPos>0,1300,0</HitPos>
		<n32LockRadious>1</n32LockRadious>
		<n32RandomAttack>attack,attack2,attack3</n32RandomAttack>
		<un32WalkSound>0</un32WalkSound>
		<un32DeathSould>Xiyiren5_Dead</un32DeathSould>
		<un32Script1>Xiyiren_5_line_01,Xiyiren_5_line_02</un32Script1>
		<n32Script1Rate>90050,90050</n32Script1Rate>
		<un32SkillType1>1200501</un32SkillType1>
		<un32SkillType2>1200601</un32SkillType2>
		<un32SkillType3>1300501</un32SkillType3>
		<un32SkillType4>1300601</un32SkillType4>
		<un32SkillType5>1100301</un32SkillType5>
		<un32SkillType6>1100001</un32SkillType6>
		<un32SkillTypeP>11000301</un32SkillTypeP>
		<un32PreItem>30011,30001,30003</un32PreItem>
		<un32MidItem>30087,30089,30034,30013</un32MidItem>
		<un32ProItem>30087,30091,30028,30021,30036,30101</un32ProItem>
	</info>
	<info un32ID="Dongfashi_5">
		<szNOStr>10004</szNOStr>
		<HeroKind>2</HeroKind>
		<eMagicCate>2</eMagicCate>
		<XuetiaoHeight>6</XuetiaoHeight>
		<eAttackWay>2</eAttackWay>
		<n32AttackDist>1050</n32AttackDist>
		<n32BaseExp>80</n32BaseExp>
		<n32BasePhyAttPower>47</n32BasePhyAttPower>
		<n32BaseMagAttPower>0</n32BaseMagAttPower>
		<n32BasePhyDef>8</n32BasePhyDef>
		<n32BaseMagDef>30</n32BaseMagDef>
		<n32BaseMoveSpeed>635</n32BaseMoveSpeed>
		<n32BaseMoveSpeedScaling>1000</n32BaseMoveSpeedScaling>
		<n32BaseAttackSpeed>1000</n32BaseAttackSpeed>
		<n32BaseMaxHP>450</n32BaseMaxHP>
		<n32BaseMaxMP>280</n32BaseMaxMP>
		<n32BaseHPRecover>1000</n32BaseHPRecover>
		<n32BaseMPRecover>1500</n32BaseMPRecover>
		<n32BaseReliveTime>3000</n32BaseReliveTime>
		<n32ExpGrowth>50</n32ExpGrowth>
		<n32PhyAttGrowth>4</n32PhyAttGrowth>
		<n32MagAttGrowth>0</n32MagAttGrowth>
		<n32PhyDefGrowth>4</n32PhyDefGrowth>
		<n32MagDefGrowth>0</n32MagDefGrowth>
		<n32MoveSpeedGrowth>0</n32MoveSpeedGrowth>
		<n32AttackSpeedGrowth>5</n32AttackSpeedGrowth>
		<n32MaxHPGrowth>115</n32MaxHPGrowth>
		<n32MaxMPGrowth>32</n32MaxMPGrowth>
		<n32HPRecoverGrowth>70</n32HPRecoverGrowth>
		<n32MPRecoverGrowth>150</n32MPRecoverGrowth>
		<n32ReliveGrowth>3000</n32ReliveGrowth>
		<n32CPRecover>4</n32CPRecover>
		<n32CollideRadious>50</n32CollideRadious>
		<EmitPos>0,1200,0</EmitPos>
		<HitPos>0,1200,0</HitPos>
		<n32LockRadious>1</n32LockRadious>
		<n32RandomAttack>attack,attack2,attack3</n32RandomAttack>
		<un32WalkSound>0</un32WalkSound>
		<un32DeathSould>Dongfashi5_Dead</un32DeathSould>
		<un32Script1>Dongfashi_5_line_01,Dongfashi_5_line_02</un32Script1>
		<n32Script1Rate>90050,90050</n32Script1Rate>
		<un32SkillType1>1200701</un32SkillType1>
		<un32SkillType2>1200801</un32SkillType2>
		<un32SkillType3>1300701</un32SkillType3>
		<un32SkillType4>1300801</un32SkillType4>
		<un32SkillType5>1100401</un32SkillType5>
		<un32SkillType6>1100001</un32SkillType6>
		<un32SkillTypeP>11000401</un32SkillTypeP>
		<un32PreItem>30019,30001,30003</un32PreItem>
		<un32MidItem>30085,30038,30010</un32MidItem>
		<un32ProItem>30085,30049,30051,30106,30052,30006</un32ProItem>
	</info>
	<info un32ID="Feilong_5">
		<szNOStr>10005</szNOStr>
		<HeroKind>3</HeroKind>
		<eMagicCate>2</eMagicCate>
		<XuetiaoHeight>6</XuetiaoHeight>
		<eAttackWay>2</eAttackWay>
		<n32AttackDist>1100</n32AttackDist>
		<n32BaseExp>80</n32BaseExp>
		<n32BasePhyAttPower>52</n32BasePhyAttPower>
		<n32BaseMagAttPower>0</n32BaseMagAttPower>
		<n32BasePhyDef>8</n32BasePhyDef>
		<n32BaseMagDef>30</n32BaseMagDef>
		<n32BaseMoveSpeed>640</n32BaseMoveSpeed>
		<n32BaseMoveSpeedScaling>1000</n32BaseMoveSpeedScaling>
		<n32BaseAttackSpeed>1000</n32BaseAttackSpeed>
		<n32BaseMaxHP>480</n32BaseMaxHP>
		<n32BaseMaxMP>180</n32BaseMaxMP>
		<n32BaseHPRecover>1500</n32BaseHPRecover>
		<n32BaseMPRecover>800</n32BaseMPRecover>
		<n32BaseReliveTime>3000</n32BaseReliveTime>
		<n32ExpGrowth>50</n32ExpGrowth>
		<n32PhyAttGrowth>3</n32PhyAttGrowth>
		<n32MagAttGrowth>0</n32MagAttGrowth>
		<n32PhyDefGrowth>3</n32PhyDefGrowth>
		<n32MagDefGrowth>0</n32MagDefGrowth>
		<n32MoveSpeedGrowth>0</n32MoveSpeedGrowth>
		<n32AttackSpeedGrowth>5</n32AttackSpeedGrowth>
		<n32MaxHPGrowth>85</n32MaxHPGrowth>
		<n32MaxMPGrowth>54</n32MaxMPGrowth>
		<n32HPRecoverGrowth>100</n32HPRecoverGrowth>
		<n32MPRecoverGrowth>250</n32MPRecoverGrowth>
		<n32ReliveGrowth>3000</n32ReliveGrowth>
		<n32CPRecover>4</n32CPRecover>
		<n32CollideRadious>50</n32CollideRadious>
		<EmitPos>0,1000,0</EmitPos>
		<HitPos>0,1000,0</HitPos>
		<n32LockRadious>1</n32LockRadious>
		<n32RandomAttack>attack,attack2</n32RandomAttack>
		<un32WalkSound>0</un32WalkSound>
		<un32DeathSould>D_QT_J</un32DeathSould>
		<un32Script1>Feilong_5_line_01,Feilong_5_line_02</un32Script1>
		<n32Script1Rate>90050,90050</n32Script1Rate>
		<un32SkillType1>1200901</un32SkillType1>
		<un32SkillType2>1201001</un32SkillType2>
		<un32SkillType3>1300901</un32SkillType3>
		<un32SkillType4>1301001</un32SkillType4>
		<un32SkillType5>1100501</un32SkillType5>
		<un32SkillType6>1100001</un32SkillType6>
		<un32SkillTypeP>11000501</un32SkillTypeP>
		<un32PreItem>30017,30003</un32PreItem>
		<un32MidItem>30084,30038,30049</un32MidItem>
		<un32ProItem>30084,30031,30037,30049,30106,30052</un32ProItem>
	</info>
	<info un32ID="Jinglingnv_5">
		<szNOStr>10006</szNOStr>
		<HeroKind>1</HeroKind>
		<eMagicCate>2</eMagicCate>
		<XuetiaoHeight>6</XuetiaoHeight>
		<eAttackWay>2</eAttackWay>
		<n32AttackDist>1050</n32AttackDist>
		<n32BaseExp>80</n32BaseExp>
		<n32BasePhyAttPower>52</n32BasePhyAttPower>
		<n32BaseMagAttPower>0</n32BaseMagAttPower>
		<n32BasePhyDef>10</n32BasePhyDef>
		<n32BaseMagDef>30</n32BaseMagDef>
		<n32BaseMoveSpeed>640</n32BaseMoveSpeed>
		<n32BaseMoveSpeedScaling>1000</n32BaseMoveSpeedScaling>
		<n32BaseAttackSpeed>1000</n32BaseAttackSpeed>
		<n32BaseMaxHP>450</n32BaseMaxHP>
		<n32BaseMaxMP>208</n32BaseMaxMP>
		<n32BaseHPRecover>1500</n32BaseHPRecover>
		<n32BaseMPRecover>900</n32BaseMPRecover>
		<n32BaseReliveTime>3000</n32BaseReliveTime>
		<n32ExpGrowth>50</n32ExpGrowth>
		<n32PhyAttGrowth>3</n32PhyAttGrowth>
		<n32MagAttGrowth>0</n32MagAttGrowth>
		<n32PhyDefGrowth>4</n32PhyDefGrowth>
		<n32MagDefGrowth>0</n32MagDefGrowth>
		<n32MoveSpeedGrowth>0</n32MoveSpeedGrowth>
		<n32AttackSpeedGrowth>60</n32AttackSpeedGrowth>
		<n32MaxHPGrowth>80</n32MaxHPGrowth>
		<n32MaxMPGrowth>34</n32MaxMPGrowth>
		<n32HPRecoverGrowth>120</n32HPRecoverGrowth>
		<n32MPRecoverGrowth>50</n32MPRecoverGrowth>
		<n32ReliveGrowth>3000</n32ReliveGrowth>
		<n32CPRecover>4</n32CPRecover>
		<n32CollideRadious>50</n32CollideRadious>
		<EmitPos>0,1200,0</EmitPos>
		<HitPos>0,1000,0</HitPos>
		<n32LockRadious>1</n32LockRadious>
		<n32RandomAttack>attack,attack2,attack3</n32RandomAttack>
		<un32WalkSound>0</un32WalkSound>
		<un32DeathSould>Jinglingnv5_Dead</un32DeathSould>
		<un32Script1>Jinglingnv_5_line_01,Jinglingnv_5_line_02</un32Script1>
		<n32Script1Rate>90050,90050</n32Script1Rate>
		<un32SkillType1>1201101</un32SkillType1>
		<un32SkillType2>1201201</un32SkillType2>
		<un32SkillType3>1301101</un32SkillType3>
		<un32SkillType4>1301201</un32SkillType4>
		<un32SkillType5>1100601</un32SkillType5>
		<un32SkillType6>1100001</un32SkillType6>
		<un32SkillTypeP>11000601</un32SkillTypeP>
		<un32PreItem>30011,30001,30003</un32PreItem>
		<un32MidItem>30087,30007,30005</un32MidItem>
		<un32ProItem>30087,30091,30028,30021,30008,30050</un32ProItem>
	</info>
	<info un32ID="Zhizhu_5">
		<szNOStr>10007</szNOStr>
		<HeroKind>3</HeroKind>
		<eMagicCate>2</eMagicCate>
		<XuetiaoHeight>6</XuetiaoHeight>
		<eAttackWay>2</eAttackWay>
		<n32AttackDist>980</n32AttackDist>
		<n32BaseExp>80</n32BaseExp>
		<n32BasePhyAttPower>54</n32BasePhyAttPower>
		<n32BaseMagAttPower>0</n32BaseMagAttPower>
		<n32BasePhyDef>16</n32BasePhyDef>
		<n32BaseMagDef>30</n32BaseMagDef>
		<n32BaseMoveSpeed>640</n32BaseMoveSpeed>
		<n32BaseMoveSpeedScaling>1000</n32BaseMoveSpeedScaling>
		<n32BaseAttackSpeed>1000</n32BaseAttackSpeed>
		<n32BaseMaxHP>480</n32BaseMaxHP>
		<n32BaseMaxMP>200</n32BaseMaxMP>
		<n32BaseHPRecover>1500</n32BaseHPRecover>
		<n32BaseMPRecover>1000</n32BaseMPRecover>
		<n32BaseReliveTime>3000</n32BaseReliveTime>
		<n32ExpGrowth>50</n32ExpGrowth>
		<n32PhyAttGrowth>3</n32PhyAttGrowth>
		<n32MagAttGrowth>0</n32MagAttGrowth>
		<n32PhyDefGrowth>5</n32PhyDefGrowth>
		<n32MagDefGrowth>0</n32MagDefGrowth>
		<n32MoveSpeedGrowth>0</n32MoveSpeedGrowth>
		<n32AttackSpeedGrowth>10</n32AttackSpeedGrowth>
		<n32MaxHPGrowth>102</n32MaxHPGrowth>
		<n32MaxMPGrowth>44</n32MaxMPGrowth>
		<n32HPRecoverGrowth>200</n32HPRecoverGrowth>
		<n32MPRecoverGrowth>100</n32MPRecoverGrowth>
		<n32ReliveGrowth>3000</n32ReliveGrowth>
		<n32CPRecover>4</n32CPRecover>
		<n32CollideRadious>50</n32CollideRadious>
		<EmitPos>0,1500,0</EmitPos>
		<HitPos>0,1500,0</HitPos>
		<n32LockRadious>2</n32LockRadious>
		<n32RandomAttack>attack,attack2,attack3</n32RandomAttack>
		<un32WalkSound>0</un32WalkSound>
		<un32DeathSould>Zhizhu5_Dead</un32DeathSould>
		<un32Script1>Zhizhu_5_line_01,Zhizhu_5_line_02</un32Script1>
		<n32Script1Rate>90050,90050</n32Script1Rate>
		<un32SkillType1>1201301</un32SkillType1>
		<un32SkillType2>1201401</un32SkillType2>
		<un32SkillType3>1301301</un32SkillType3>
		<un32SkillType4>1301401</un32SkillType4>
		<un32SkillType5>1100701</un32SkillType5>
		<un32SkillType6>1100001</un32SkillType6>
		<un32SkillTypeP>11000701</un32SkillTypeP>
		<un32PreItem>30009,30003</un32PreItem>
		<un32MidItem>30084,30051,30049</un32MidItem>
		<un32ProItem>30084,30051,30049,30031,30106,30052</un32ProItem>
	</info>
	<info un32ID="Yelang_5">
		<szNOStr>10008</szNOStr>
		<HeroKind>1</HeroKind>
		<eMagicCate>2</eMagicCate>
		<XuetiaoHeight>6</XuetiaoHeight>
		<eAttackWay>1</eAttackWay>
		<n32AttackDist>340</n32AttackDist>
		<n32BaseExp>80</n32BaseExp>
		<n32BasePhyAttPower>55</n32BasePhyAttPower>
		<n32BaseMagAttPower>0</n32BaseMagAttPower>
		<n32BasePhyDef>18</n32BasePhyDef>
		<n32BaseMagDef>30</n32BaseMagDef>
		<n32BaseMoveSpeed>640</n32BaseMoveSpeed>
		<n32BaseMoveSpeedScaling>1000</n32BaseMoveSpeedScaling>
		<n32BaseAttackSpeed>1000</n32BaseAttackSpeed>
		<n32BaseMaxHP>550</n32BaseMaxHP>
		<n32BaseMaxMP>218</n32BaseMaxMP>
		<n32BaseHPRecover>1000</n32BaseHPRecover>
		<n32BaseMPRecover>800</n32BaseMPRecover>
		<n32BaseReliveTime>3000</n32BaseReliveTime>
		<n32ExpGrowth>50</n32ExpGrowth>
		<n32PhyAttGrowth>2</n32PhyAttGrowth>
		<n32MagAttGrowth>0</n32MagAttGrowth>
		<n32PhyDefGrowth>4</n32PhyDefGrowth>
		<n32MagDefGrowth>0</n32MagDefGrowth>
		<n32MoveSpeedGrowth>0</n32MoveSpeedGrowth>
		<n32AttackSpeedGrowth>10</n32AttackSpeedGrowth>
		<n32MaxHPGrowth>85</n32MaxHPGrowth>
		<n32MaxMPGrowth>38</n32MaxMPGrowth>
		<n32HPRecoverGrowth>250</n32HPRecoverGrowth>
		<n32MPRecoverGrowth>70</n32MPRecoverGrowth>
		<n32ReliveGrowth>3000</n32ReliveGrowth>
		<n32CPRecover>4</n32CPRecover>
		<n32CollideRadious>50</n32CollideRadious>
		<EmitPos>0,1000,0</EmitPos>
		<HitPos>0,1000,1</HitPos>
		<n32LockRadious>1</n32LockRadious>
		<n32RandomAttack>attack,attack2,attack3</n32RandomAttack>
		<un32WalkSound>0</un32WalkSound>
		<un32DeathSould>Yelang5_Dead</un32DeathSould>
		<un32Script1>Yelang_5_line_01,Yelang_5_line_02</un32Script1>
		<n32Script1Rate>90050,90050</n32Script1Rate>
		<un32SkillType1>1201501</un32SkillType1>
		<un32SkillType2>1201601</un32SkillType2>
		<un32SkillType3>1301501</un32SkillType3>
		<un32SkillType4>1301601</un32SkillType4>
		<un32SkillType5>1100801</un32SkillType5>
		<un32SkillType6>1100001</un32SkillType6>
		<un32SkillTypeP>11000801</un32SkillTypeP>
		<un32PreItem>30018,30001</un32PreItem>
		<un32MidItem>30032,30053,30023</un32MidItem>
		<un32ProItem>30086,30101,30028,30091,30053,30020</un32ProItem>
	</info>
	<info un32ID="Renma_5">
		<szNOStr>10009</szNOStr>
		<HeroKind>4</HeroKind>
		<eMagicCate>2</eMagicCate>
		<XuetiaoHeight>6</XuetiaoHeight>
		<eAttackWay>1</eAttackWay>
		<n32AttackDist>330</n32AttackDist>
		<n32BaseExp>80</n32BaseExp>
		<n32BasePhyAttPower>57</n32BasePhyAttPower>
		<n32BaseMagAttPower>0</n32BaseMagAttPower>
		<n32BasePhyDef>5</n32BasePhyDef>
		<n32BaseMagDef>30</n32BaseMagDef>
		<n32BaseMoveSpeed>640</n32BaseMoveSpeed>
		<n32BaseMoveSpeedScaling>1000</n32BaseMoveSpeedScaling>
		<n32BaseAttackSpeed>1000</n32BaseAttackSpeed>
		<n32BaseMaxHP>630</n32BaseMaxHP>
		<n32BaseMaxMP>195</n32BaseMaxMP>
		<n32BaseHPRecover>1800</n32BaseHPRecover>
		<n32BaseMPRecover>1000</n32BaseMPRecover>
		<n32BaseReliveTime>3000</n32BaseReliveTime>
		<n32ExpGrowth>50</n32ExpGrowth>
		<n32PhyAttGrowth>2</n32PhyAttGrowth>
		<n32MagAttGrowth>0</n32MagAttGrowth>
		<n32PhyDefGrowth>6</n32PhyDefGrowth>
		<n32MagDefGrowth>1</n32MagDefGrowth>
		<n32MoveSpeedGrowth>0</n32MoveSpeedGrowth>
		<n32AttackSpeedGrowth>2</n32AttackSpeedGrowth>
		<n32MaxHPGrowth>109</n32MaxHPGrowth>
		<n32MaxMPGrowth>44</n32MaxMPGrowth>
		<n32HPRecoverGrowth>400</n32HPRecoverGrowth>
		<n32MPRecoverGrowth>100</n32MPRecoverGrowth>
		<n32ReliveGrowth>3000</n32ReliveGrowth>
		<n32CPRecover>4</n32CPRecover>
		<n32CollideRadious>50</n32CollideRadious>
		<EmitPos>0,1500,0</EmitPos>
		<HitPos>0,1500,0</HitPos>
		<n32LockRadious>1</n32LockRadious>
		<n32RandomAttack>attack,attack2,attack3</n32RandomAttack>
		<un32WalkSound>0</un32WalkSound>
		<un32DeathSould>D_QT_J</un32DeathSould>
		<un32Script1>Renma_5_line_01,Renma_5_line_02</un32Script1>
		<n32Script1Rate>90050,90050</n32Script1Rate>
		<un32SkillType1>1201701</un32SkillType1>
		<un32SkillType2>1201801</un32SkillType2>
		<un32SkillType3>1301701</un32SkillType3>
		<un32SkillType4>1301801</un32SkillType4>
		<un32SkillType5>1100901</un32SkillType5>
		<un32SkillType6>1100001</un32SkillType6>
		<un32SkillTypeP>11000901</un32SkillTypeP>
		<un32PreItem>30014,30001,30003</un32PreItem>
		<un32MidItem>30086,30031,30010</un32MidItem>
		<un32ProItem>30085,30093,30101,30031,30006,30024</un32ProItem>
	</info>
	<info un32ID="Jiachong_5">
		<szNOStr>10010</szNOStr>
		<HeroKind>4</HeroKind>
		<eMagicCate>2</eMagicCate>
		<XuetiaoHeight>6</XuetiaoHeight>
		<eAttackWay>1</eAttackWay>
		<n32AttackDist>310</n32AttackDist>
		<n32BaseExp>80</n32BaseExp>
		<n32BasePhyAttPower>57</n32BasePhyAttPower>
		<n32BaseMagAttPower>0</n32BaseMagAttPower>
		<n32BasePhyDef>3</n32BasePhyDef>
		<n32BaseMagDef>30</n32BaseMagDef>
		<n32BaseMoveSpeed>665</n32BaseMoveSpeed>
		<n32BaseMoveSpeedScaling>1000</n32BaseMoveSpeedScaling>
		<n32BaseAttackSpeed>1000</n32BaseAttackSpeed>
		<n32BaseMaxHP>810</n32BaseMaxHP>
		<n32BaseMaxMP>210</n32BaseMaxMP>
		<n32BaseHPRecover>1500</n32BaseHPRecover>
		<n32BaseMPRecover>1100</n32BaseMPRecover>
		<n32BaseReliveTime>3000</n32BaseReliveTime>
		<n32ExpGrowth>50</n32ExpGrowth>
		<n32PhyAttGrowth>3</n32PhyAttGrowth>
		<n32MagAttGrowth>0</n32MagAttGrowth>
		<n32PhyDefGrowth>6</n32PhyDefGrowth>
		<n32MagDefGrowth>1</n32MagDefGrowth>
		<n32MoveSpeedGrowth>0</n32MoveSpeedGrowth>
		<n32AttackSpeedGrowth>1</n32AttackSpeedGrowth>
		<n32MaxHPGrowth>107</n32MaxHPGrowth>
		<n32MaxMPGrowth>34</n32MaxMPGrowth>
		<n32HPRecoverGrowth>420</n32HPRecoverGrowth>
		<n32MPRecoverGrowth>80</n32MPRecoverGrowth>
		<n32ReliveGrowth>3000</n32ReliveGrowth>
		<n32CPRecover>4</n32CPRecover>
		<n32CollideRadious>50</n32CollideRadious>
		<EmitPos>0,1400,0</EmitPos>
		<HitPos>0,1400,0</HitPos>
		<n32LockRadious>2</n32LockRadious>
		<n32RandomAttack>attack,attack2,attack3</n32RandomAttack>
		<un32WalkSound>0</un32WalkSound>
		<un32DeathSould>Jiachong_Dead</un32DeathSould>
		<un32Script1>Jiachong_5_line_01,Jiachong_5_line_02</un32Script1>
		<n32Script1Rate>90050,90050</n32Script1Rate>
		<un32SkillType1>1201901</un32SkillType1>
		<un32SkillType2>1202001</un32SkillType2>
		<un32SkillType3>1301901</un32SkillType3>
		<un32SkillType4>1302001</un32SkillType4>
		<un32SkillType5>1101001</un32SkillType5>
		<un32SkillType6>1100001</un32SkillType6>
		<un32SkillTypeP>11001001</un32SkillTypeP>
		<un32PreItem>30018,30001,30003</un32PreItem>
		<un32MidItem>30032,30027,30031</un32MidItem>
		<un32ProItem>30088,30101,30093,30031,30006,30028</un32ProItem>
	</info>
	<info un32ID="Lisa_5">
		<szNOStr>10011</szNOStr>
		<HeroKind>2</HeroKind>
		<eMagicCate>2</eMagicCate>
		<XuetiaoHeight>6</XuetiaoHeight>
		<eAttackWay>2</eAttackWay>
		<n32AttackDist>1000</n32AttackDist>
		<n32BaseExp>80</n32BaseExp>
		<n32BasePhyAttPower>46</n32BasePhyAttPower>
		<n32BaseMagAttPower>0</n32BaseMagAttPower>
		<n32BasePhyDef>10</n32BasePhyDef>
		<n32BaseMagDef>30</n32BaseMagDef>
		<n32BaseMoveSpeed>620</n32BaseMoveSpeed>
		<n32BaseMoveSpeedScaling>1000</n32BaseMoveSpeedScaling>
		<n32BaseAttackSpeed>1000</n32BaseAttackSpeed>
		<n32BaseMaxHP>520</n32BaseMaxHP>
		<n32BaseMaxMP>210</n32BaseMaxMP>
		<n32BaseHPRecover>500</n32BaseHPRecover>
		<n32BaseMPRecover>1000</n32BaseMPRecover>
		<n32BaseReliveTime>3000</n32BaseReliveTime>
		<n32ExpGrowth>50</n32ExpGrowth>
		<n32PhyAttGrowth>4</n32PhyAttGrowth>
		<n32MagAttGrowth>0</n32MagAttGrowth>
		<n32PhyDefGrowth>4</n32PhyDefGrowth>
		<n32MagDefGrowth>0</n32MagDefGrowth>
		<n32MoveSpeedGrowth>0</n32MoveSpeedGrowth>
		<n32AttackSpeedGrowth>1</n32AttackSpeedGrowth>
		<n32MaxHPGrowth>99</n32MaxHPGrowth>
		<n32MaxMPGrowth>20</n32MaxMPGrowth>
		<n32HPRecoverGrowth>150</n32HPRecoverGrowth>
		<n32MPRecoverGrowth>200</n32MPRecoverGrowth>
		<n32ReliveGrowth>3000</n32ReliveGrowth>
		<n32CPRecover>4</n32CPRecover>
		<n32CollideRadious>50</n32CollideRadious>
		<EmitPos>0,1200,0</EmitPos>
		<HitPos>0,1000,0</HitPos>
		<n32LockRadious>1</n32LockRadious>
		<n32RandomAttack>attack,attack2</n32RandomAttack>
		<un32WalkSound>0</un32WalkSound>
		<un32DeathSould>Nvyao5_Dead</un32DeathSould>
		<un32Script1>Fengbaonv_5_line_01,Fengbaonv_5_line_02</un32Script1>
		<n32Script1Rate>90050,90050</n32Script1Rate>
		<un32SkillType1>1202101</un32SkillType1>
		<un32SkillType2>1202201</un32SkillType2>
		<un32SkillType3>1302101</un32SkillType3>
		<un32SkillType4>1302201</un32SkillType4>
		<un32SkillType5>1101101</un32SkillType5>
		<un32SkillType6>1100001</un32SkillType6>
		<un32SkillTypeP>11001101</un32SkillTypeP>
		<un32PreItem>30019,30001,30003</un32PreItem>
		<un32MidItem>30085,30049,30031</un32MidItem>
		<un32ProItem>30088,30049,30051,30106,30031,30052</un32ProItem>
	</info>
	<info un32ID="Aige_5">
		<szNOStr>10012</szNOStr>
		<HeroKind>1</HeroKind>
		<eMagicCate>2</eMagicCate>
		<XuetiaoHeight>6</XuetiaoHeight>
		<eAttackWay>1</eAttackWay>
		<n32AttackDist>330</n32AttackDist>
		<n32BaseExp>80</n32BaseExp>
		<n32BasePhyAttPower>50</n32BasePhyAttPower>
		<n32BaseMagAttPower>0</n32BaseMagAttPower>
		<n32BasePhyDef>13</n32BasePhyDef>
		<n32BaseMagDef>30</n32BaseMagDef>
		<n32BaseMoveSpeed>670</n32BaseMoveSpeed>
		<n32BaseMoveSpeedScaling>1000</n32BaseMoveSpeedScaling>
		<n32BaseAttackSpeed>1000</n32BaseAttackSpeed>
		<n32BaseMaxHP>620</n32BaseMaxHP>
		<n32BaseMaxMP>200</n32BaseMaxMP>
		<n32BaseHPRecover>1200</n32BaseHPRecover>
		<n32BaseMPRecover>1000</n32BaseMPRecover>
		<n32BaseReliveTime>3000</n32BaseReliveTime>
		<n32ExpGrowth>50</n32ExpGrowth>
		<n32PhyAttGrowth>4</n32PhyAttGrowth>
		<n32MagAttGrowth>0</n32MagAttGrowth>
		<n32PhyDefGrowth>3</n32PhyDefGrowth>
		<n32MagDefGrowth>0</n32MagDefGrowth>
		<n32MoveSpeedGrowth>0</n32MoveSpeedGrowth>
		<n32AttackSpeedGrowth>20</n32AttackSpeedGrowth>
		<n32MaxHPGrowth>119</n32MaxHPGrowth>
		<n32MaxMPGrowth>24</n32MaxMPGrowth>
		<n32HPRecoverGrowth>100</n32HPRecoverGrowth>
		<n32MPRecoverGrowth>170</n32MPRecoverGrowth>
		<n32ReliveGrowth>3000</n32ReliveGrowth>
		<n32CPRecover>4</n32CPRecover>
		<n32CollideRadious>50</n32CollideRadious>
		<EmitPos>0,1300,0</EmitPos>
		<HitPos>0,1300,0</HitPos>
		<n32LockRadious>1</n32LockRadious>
		<n32RandomAttack>attack,attack2</n32RandomAttack>
		<un32WalkSound>0</un32WalkSound>
		<un32DeathSould>Yelang5_Dead</un32DeathSould>
		<un32Script1>Aige_5_line_01,Aige_5_line_02</un32Script1>
		<n32Script1Rate>90050,90050</n32Script1Rate>
		<un32SkillType1>1202301</un32SkillType1>
		<un32SkillType2>1202401</un32SkillType2>
		<un32SkillType3>1302301</un32SkillType3>
		<un32SkillType4>1302401</un32SkillType4>
		<un32SkillType5>1101201</un32SkillType5>
		<un32SkillType6>1100001</un32SkillType6>
		<un32SkillTypeP>11001201</un32SkillTypeP>
		<un32PreItem>30014,30001,30003</un32PreItem>
		<un32MidItem>30087,30010,30050</un32MidItem>
		<un32ProItem>30087,30091,30050,30101,30021,30028</un32ProItem>
	</info>
	<info un32ID="Hanhui_5">
		<szNOStr>10013</szNOStr>
		<HeroKind>1</HeroKind>
		<eMagicCate>2</eMagicCate>
		<XuetiaoHeight>6</XuetiaoHeight>
		<eAttackWay>2</eAttackWay>
		<n32AttackDist>1000</n32AttackDist>
		<n32BaseExp>80</n32BaseExp>
		<n32BasePhyAttPower>45</n32BasePhyAttPower>
		<n32BaseMagAttPower>0</n32BaseMagAttPower>
		<n32BasePhyDef>13</n32BasePhyDef>
		<n32BaseMagDef>30</n32BaseMagDef>
		<n32BaseMoveSpeed>630</n32BaseMoveSpeed>
		<n32BaseMoveSpeedScaling>1000</n32BaseMoveSpeedScaling>
		<n32BaseAttackSpeed>1000</n32BaseAttackSpeed>
		<n32BaseMaxHP>480</n32BaseMaxHP>
		<n32BaseMaxMP>250</n32BaseMaxMP>
		<n32BaseHPRecover>500</n32BaseHPRecover>
		<n32BaseMPRecover>1000</n32BaseMPRecover>
		<n32BaseReliveTime>3000</n32BaseReliveTime>
		<n32ExpGrowth>50</n32ExpGrowth>
		<n32PhyAttGrowth>1</n32PhyAttGrowth>
		<n32MagAttGrowth>0</n32MagAttGrowth>
		<n32PhyDefGrowth>4</n32PhyDefGrowth>
		<n32MagDefGrowth>0</n32MagDefGrowth>
		<n32MoveSpeedGrowth>0</n32MoveSpeedGrowth>
		<n32AttackSpeedGrowth>30</n32AttackSpeedGrowth>
		<n32MaxHPGrowth>85</n32MaxHPGrowth>
		<n32MaxMPGrowth>24</n32MaxMPGrowth>
		<n32HPRecoverGrowth>50</n32HPRecoverGrowth>
		<n32MPRecoverGrowth>220</n32MPRecoverGrowth>
		<n32ReliveGrowth>3000</n32ReliveGrowth>
		<n32CPRecover>4</n32CPRecover>
		<n32CollideRadious>50</n32CollideRadious>
		<EmitPos>0,1300,0</EmitPos>
		<HitPos>0,1300,0</HitPos>
		<n32LockRadious>1</n32LockRadious>
		<n32RandomAttack>attack,attack2</n32RandomAttack>
		<un32WalkSound>0</un32WalkSound>
		<un32DeathSould>Nvyao5_Dead</un32DeathSould>
		<un32Script1>Hanhuizhiyu_5_line_01,Hanhuizhiyu_5_line_02</un32Script1>
		<n32Script1Rate>90050,90050</n32Script1Rate>
		<un32SkillType1>1202501</un32SkillType1>
		<un32SkillType2>1202601</un32SkillType2>
		<un32SkillType3>1302501</un32SkillType3>
		<un32SkillType4>1302601</un32SkillType4>
		<un32SkillType5>1101301</un32SkillType5>
		<un32SkillType6>1100001</un32SkillType6>
		<un32SkillTypeP>11001301</un32SkillTypeP>
		<un32PreItem>30032,30001,30003</un32PreItem>
		<un32MidItem>30084,30023,30007</un32MidItem>
		<un32ProItem>30084,30050,30035,30052,30028,30106</un32ProItem>
	</info>
	<info un32ID="Juren_5">
		<szNOStr>10014</szNOStr>
		<HeroKind>4</HeroKind>
		<eMagicCate>2</eMagicCate>
		<XuetiaoHeight>6</XuetiaoHeight>
		<eAttackWay>1</eAttackWay>
		<n32AttackDist>400</n32AttackDist>
		<n32BaseExp>80</n32BaseExp>
		<n32BasePhyAttPower>58</n32BasePhyAttPower>
		<n32BaseMagAttPower>0</n32BaseMagAttPower>
		<n32BasePhyDef>15</n32BasePhyDef>
		<n32BaseMagDef>30</n32BaseMagDef>
		<n32BaseMoveSpeed>680</n32BaseMoveSpeed>
		<n32BaseMoveSpeedScaling>1000</n32BaseMoveSpeedScaling>
		<n32BaseAttackSpeed>1000</n32BaseAttackSpeed>
		<n32BaseMaxHP>720</n32BaseMaxHP>
		<n32BaseMaxMP>170</n32BaseMaxMP>
		<n32BaseHPRecover>1000</n32BaseHPRecover>
		<n32BaseMPRecover>500</n32BaseMPRecover>
		<n32BaseReliveTime>3000</n32BaseReliveTime>
		<n32ExpGrowth>50</n32ExpGrowth>
		<n32PhyAttGrowth>3</n32PhyAttGrowth>
		<n32MagAttGrowth>0</n32MagAttGrowth>
		<n32PhyDefGrowth>5</n32PhyDefGrowth>
		<n32MagDefGrowth>0</n32MagDefGrowth>
		<n32MoveSpeedGrowth>0</n32MoveSpeedGrowth>
		<n32AttackSpeedGrowth>1</n32AttackSpeedGrowth>
		<n32MaxHPGrowth>105</n32MaxHPGrowth>
		<n32MaxMPGrowth>20</n32MaxMPGrowth>
		<n32HPRecoverGrowth>300</n32HPRecoverGrowth>
		<n32MPRecoverGrowth>50</n32MPRecoverGrowth>
		<n32ReliveGrowth>3000</n32ReliveGrowth>
		<n32CPRecover>4</n32CPRecover>
		<n32CollideRadious>50</n32CollideRadious>
		<EmitPos>0,1300,0</EmitPos>
		<HitPos>0,1300,0</HitPos>
		<n32LockRadious>1</n32LockRadious>
		<n32RandomAttack>attack,attack2</n32RandomAttack>
		<un32WalkSound>0</un32WalkSound>
		<un32DeathSould>Xiong5_Dead</un32DeathSould>
		<un32Script1>Shifu_5_line_01,Shifu_5_line_02</un32Script1>
		<n32Script1Rate>90050,90050</n32Script1Rate>
		<un32SkillType1>1202701</un32SkillType1>
		<un32SkillType2>1202801</un32SkillType2>
		<un32SkillType3>1302701</un32SkillType3>
		<un32SkillType4>1302801</un32SkillType4>
		<un32SkillType5>1101401</un32SkillType5>
		<un32SkillType6>1100001</un32SkillType6>
		<un32SkillTypeP>11001401</un32SkillTypeP>
		<un32PreItem>30014,30001,30003</un32PreItem>
		<un32MidItem>30086,30027,30093</un32MidItem>
		<un32ProItem>30086,30101,30093,30006,30024,30008</un32ProItem>
	</info>
	<info un32ID="Chengjiezhe_5">
		<szNOStr>10015</szNOStr>
		<HeroKind>2</HeroKind>
		<eMagicCate>2</eMagicCate>
		<XuetiaoHeight>6</XuetiaoHeight>
		<eAttackWay>1</eAttackWay>
		<n32AttackDist>350</n32AttackDist>
		<n32BaseExp>80</n32BaseExp>
		<n32BasePhyAttPower>43</n32BasePhyAttPower>
		<n32BaseMagAttPower>0</n32BaseMagAttPower>
		<n32BasePhyDef>10</n32BasePhyDef>
		<n32BaseMagDef>30</n32BaseMagDef>
		<n32BaseMoveSpeed>680</n32BaseMoveSpeed>
		<n32BaseMoveSpeedScaling>950</n32BaseMoveSpeedScaling>
		<n32BaseAttackSpeed>1000</n32BaseAttackSpeed>
		<n32BaseMaxHP>475</n32BaseMaxHP>
		<n32BaseMaxMP>240</n32BaseMaxMP>
		<n32BaseHPRecover>1000</n32BaseHPRecover>
		<n32BaseMPRecover>1200</n32BaseMPRecover>
		<n32BaseReliveTime>3000</n32BaseReliveTime>
		<n32ExpGrowth>50</n32ExpGrowth>
		<n32PhyAttGrowth>6</n32PhyAttGrowth>
		<n32MagAttGrowth>0</n32MagAttGrowth>
		<n32PhyDefGrowth>3</n32PhyDefGrowth>
		<n32MagDefGrowth>0</n32MagDefGrowth>
		<n32MoveSpeedGrowth>0</n32MoveSpeedGrowth>
		<n32AttackSpeedGrowth>15</n32AttackSpeedGrowth>
		<n32MaxHPGrowth>90</n32MaxHPGrowth>
		<n32MaxMPGrowth>60</n32MaxMPGrowth>
		<n32HPRecoverGrowth>100</n32HPRecoverGrowth>
		<n32MPRecoverGrowth>20</n32MPRecoverGrowth>
		<n32ReliveGrowth>3000</n32ReliveGrowth>
		<n32CPRecover>4</n32CPRecover>
		<n32CollideRadious>50</n32CollideRadious>
		<EmitPos>0,1300,0</EmitPos>
		<HitPos>0,1300,0</HitPos>
		<n32LockRadious>1</n32LockRadious>
		<n32RandomAttack>attack,attack2</n32RandomAttack>
		<un32WalkSound>0</un32WalkSound>
		<un32DeathSould>Yuren5_Dead</un32DeathSould>
		<un32Script1>Emo_line_01,Emo_line_02</un32Script1>
		<n32Script1Rate>90050,90050</n32Script1Rate>
		<un32SkillType1>1202901</un32SkillType1>
		<un32SkillType2>1203001</un32SkillType2>
		<un32SkillType3>1302901</un32SkillType3>
		<un32SkillType4>1303001</un32SkillType4>
		<un32SkillType5>1101501</un32SkillType5>
		<un32SkillType6>1100001</un32SkillType6>
		<un32SkillTypeP>11001501</un32SkillTypeP>
		<un32PreItem>30032,30001,30003</un32PreItem>
		<un32MidItem>30084,30049,30027</un32MidItem>
		<un32ProItem>30084,30049,30101,30020,30106,30006</un32ProItem>
	</info>
	<info un32ID="Bianfu_5">
		<szNOStr>10016</szNOStr>
		<HeroKind>3</HeroKind>
		<eMagicCate>2</eMagicCate>
		<XuetiaoHeight>6</XuetiaoHeight>
		<eAttackWay>2</eAttackWay>
		<n32AttackDist>1100</n32AttackDist>
		<n32BaseExp>80</n32BaseExp>
		<n32BasePhyAttPower>50</n32BasePhyAttPower>
		<n32BaseMagAttPower>0</n32BaseMagAttPower>
		<n32BasePhyDef>11</n32BasePhyDef>
		<n32BaseMagDef>30</n32BaseMagDef>
		<n32BaseMoveSpeed>680</n32BaseMoveSpeed>
		<n32BaseMoveSpeedScaling>1000</n32BaseMoveSpeedScaling>
		<n32BaseAttackSpeed>1000</n32BaseAttackSpeed>
		<n32BaseMaxHP>450</n32BaseMaxHP>
		<n32BaseMaxMP>200</n32BaseMaxMP>
		<n32BaseHPRecover>1000</n32BaseHPRecover>
		<n32BaseMPRecover>500</n32BaseMPRecover>
		<n32BaseReliveTime>3000</n32BaseReliveTime>
		<n32ExpGrowth>50</n32ExpGrowth>
		<n32PhyAttGrowth>2</n32PhyAttGrowth>
		<n32MagAttGrowth>0</n32MagAttGrowth>
		<n32PhyDefGrowth>4</n32PhyDefGrowth>
		<n32MagDefGrowth>0</n32MagDefGrowth>
		<n32MoveSpeedGrowth>0</n32MoveSpeedGrowth>
		<n32AttackSpeedGrowth>3</n32AttackSpeedGrowth>
		<n32MaxHPGrowth>93</n32MaxHPGrowth>
		<n32MaxMPGrowth>28</n32MaxMPGrowth>
		<n32HPRecoverGrowth>100</n32HPRecoverGrowth>
		<n32MPRecoverGrowth>200</n32MPRecoverGrowth>
		<n32ReliveGrowth>3000</n32ReliveGrowth>
		<n32CPRecover>4</n32CPRecover>
		<n32CollideRadious>50</n32CollideRadious>
		<EmitPos>0,1200,0</EmitPos>
		<HitPos>0,1000,0</HitPos>
		<n32LockRadious>1</n32LockRadious>
		<n32RandomAttack>attack,attack2</n32RandomAttack>
		<un32WalkSound>0</un32WalkSound>
		<un32DeathSould>D_QT_J</un32DeathSould>
		<un32Script1>Bianfu_5_line_01,Bianfu_5_line_02</un32Script1>
		<n32Script1Rate>90050,90050</n32Script1Rate>
		<un32SkillType1>1203101</un32SkillType1>
		<un32SkillType2>1203201</un32SkillType2>
		<un32SkillType3>1303101</un32SkillType3>
		<un32SkillType4>1303201</un32SkillType4>
		<un32SkillType5>1101601</un32SkillType5>
		<un32SkillType6>1100001</un32SkillType6>
		<un32SkillTypeP>11001601</un32SkillTypeP>
		<un32PreItem>30032,30001,30003</un32PreItem>
		<un32MidItem>30084,30031,30027</un32MidItem>
		<un32ProItem>30084,30031,30101,30052,30106,30006</un32ProItem>
	</info>
	<info un32ID="Wenyi_5">
		<szNOStr>10017</szNOStr>
		<HeroKind>2</HeroKind>
		<eMagicCate>2</eMagicCate>
		<XuetiaoHeight>6</XuetiaoHeight>
		<eAttackWay>2</eAttackWay>
		<n32AttackDist>1050</n32AttackDist>
		<n32BaseExp>80</n32BaseExp>
		<n32BasePhyAttPower>50</n32BasePhyAttPower>
		<n32BaseMagAttPower>0</n32BaseMagAttPower>
		<n32BasePhyDef>8</n32BasePhyDef>
		<n32BaseMagDef>30</n32BaseMagDef>
		<n32BaseMoveSpeed>630</n32BaseMoveSpeed>
		<n32BaseMoveSpeedScaling>1000</n32BaseMoveSpeedScaling>
		<n32BaseAttackSpeed>1000</n32BaseAttackSpeed>
		<n32BaseMaxHP>420</n32BaseMaxHP>
		<n32BaseMaxMP>230</n32BaseMaxMP>
		<n32BaseHPRecover>1000</n32BaseHPRecover>
		<n32BaseMPRecover>1500</n32BaseMPRecover>
		<n32BaseReliveTime>3000</n32BaseReliveTime>
		<n32ExpGrowth>50</n32ExpGrowth>
		<n32PhyAttGrowth>3</n32PhyAttGrowth>
		<n32MagAttGrowth>0</n32MagAttGrowth>
		<n32PhyDefGrowth>3</n32PhyDefGrowth>
		<n32MagDefGrowth>0</n32MagDefGrowth>
		<n32MoveSpeedGrowth>0</n32MoveSpeedGrowth>
		<n32AttackSpeedGrowth>1</n32AttackSpeedGrowth>
		<n32MaxHPGrowth>102</n32MaxHPGrowth>
		<n32MaxMPGrowth>30</n32MaxMPGrowth>
		<n32HPRecoverGrowth>50</n32HPRecoverGrowth>
		<n32MPRecoverGrowth>200</n32MPRecoverGrowth>
		<n32ReliveGrowth>3000</n32ReliveGrowth>
		<n32CPRecover>4</n32CPRecover>
		<n32CollideRadious>50</n32CollideRadious>
		<EmitPos>0,1300,0</EmitPos>
		<HitPos>0,1300,0</HitPos>
		<n32LockRadious>1</n32LockRadious>
		<n32RandomAttack>attack,attack2</n32RandomAttack>
		<un32WalkSound>0</un32WalkSound>
		<un32DeathSould>Dongfashi5_Dead</un32DeathSould>
		<un32Script1>Wenyiwushi_line_01,Wenyiwushi_line_02</un32Script1>
		<n32Script1Rate>90050,90050</n32Script1Rate>
		<un32SkillType1>1203301</un32SkillType1>
		<un32SkillType2>1203401</un32SkillType2>
		<un32SkillType3>1303301</un32SkillType3>
		<un32SkillType4>1303401</un32SkillType4>
		<un32SkillType5>1101701</un32SkillType5>
		<un32SkillType6>1100001</un32SkillType6>
		<un32SkillTypeP>11001701</un32SkillTypeP>
		<un32PreItem>30017,30001</un32PreItem>
		<un32MidItem>30032,30026,30008</un32MidItem>
		<un32ProItem>30084,30008,30101,30031,30106,30007</un32ProItem>
	</info>
	<info un32ID="Shihunzhe_5">
		<szNOStr>10018</szNOStr>
		<HeroKind>1</HeroKind>
		<eMagicCate>2</eMagicCate>
		<XuetiaoHeight>6</XuetiaoHeight>
		<eAttackWay>1</eAttackWay>
		<n32AttackDist>380</n32AttackDist>
		<n32BaseExp>80</n32BaseExp>
		<n32BasePhyAttPower>48</n32BasePhyAttPower>
		<n32BaseMagAttPower>0</n32BaseMagAttPower>
		<n32BasePhyDef>15</n32BasePhyDef>
		<n32BaseMagDef>30</n32BaseMagDef>
		<n32BaseMoveSpeed>650</n32BaseMoveSpeed>
		<n32BaseMoveSpeedScaling>1000</n32BaseMoveSpeedScaling>
		<n32BaseAttackSpeed>1000</n32BaseAttackSpeed>
		<n32BaseMaxHP>640</n32BaseMaxHP>
		<n32BaseMaxMP>180</n32BaseMaxMP>
		<n32BaseHPRecover>800</n32BaseHPRecover>
		<n32BaseMPRecover>500</n32BaseMPRecover>
		<n32BaseReliveTime>3000</n32BaseReliveTime>
		<n32ExpGrowth>50</n32ExpGrowth>
		<n32PhyAttGrowth>3</n32PhyAttGrowth>
		<n32MagAttGrowth>0</n32MagAttGrowth>
		<n32PhyDefGrowth>2</n32PhyDefGrowth>
		<n32MagDefGrowth>0</n32MagDefGrowth>
		<n32MoveSpeedGrowth>0</n32MoveSpeedGrowth>
		<n32AttackSpeedGrowth>25</n32AttackSpeedGrowth>
		<n32MaxHPGrowth>134</n32MaxHPGrowth>
		<n32MaxMPGrowth>20</n32MaxMPGrowth>
		<n32HPRecoverGrowth>250</n32HPRecoverGrowth>
		<n32MPRecoverGrowth>100</n32MPRecoverGrowth>
		<n32ReliveGrowth>3000</n32ReliveGrowth>
		<n32CPRecover>4</n32CPRecover>
		<n32CollideRadious>50</n32CollideRadious>
		<EmitPos>0,1300,0</EmitPos>
		<HitPos>0,1300,0</HitPos>
		<n32LockRadious>1</n32LockRadious>
		<n32RandomAttack>attack,attack2</n32RandomAttack>
		<un32WalkSound>0</un32WalkSound>
		<un32DeathSould>Jinglingnv5_Dead</un32DeathSould>
		<un32Script1>Shihunzhe_5_line_01,Shihunzhe_5_line_02</un32Script1>
		<n32Script1Rate>90050,90050</n32Script1Rate>
		<un32SkillType1>1203501</un32SkillType1>
		<un32SkillType2>1203601</un32SkillType2>
		<un32SkillType3>1303501</un32SkillType3>
		<un32SkillType4>1303601</un32SkillType4>
		<un32SkillType5>1101801</un32SkillType5>
		<un32SkillType6>1100001</un32SkillType6>
		<un32SkillTypeP>11001801</un32SkillTypeP>
		<un32PreItem>30032,30001,30003</un32PreItem>
		<un32MidItem>30087,30005,30023</un32MidItem>
		<un32ProItem>30087,30008,30101,30091,30028,30021</un32ProItem>
	</info>
	<info un32ID="Taiyushen_5">
		<szNOStr>10019</szNOStr>
		<HeroKind>4</HeroKind>
		<eMagicCate>2</eMagicCate>
		<XuetiaoHeight>6</XuetiaoHeight>
		<eAttackWay>1</eAttackWay>
		<n32AttackDist>300</n32AttackDist>
		<n32BaseExp>80</n32BaseExp>
		<n32BasePhyAttPower>55</n32BasePhyAttPower>
		<n32BaseMagAttPower>0</n32BaseMagAttPower>
		<n32BasePhyDef>16</n32BasePhyDef>
		<n32BaseMagDef>30</n32BaseMagDef>
		<n32BaseMoveSpeed>640</n32BaseMoveSpeed>
		<n32BaseMoveSpeedScaling>1000</n32BaseMoveSpeedScaling>
		<n32BaseAttackSpeed>1000</n32BaseAttackSpeed>
		<n32BaseMaxHP>560</n32BaseMaxHP>
		<n32BaseMaxMP>150</n32BaseMaxMP>
		<n32BaseHPRecover>1500</n32BaseHPRecover>
		<n32BaseMPRecover>500</n32BaseMPRecover>
		<n32BaseReliveTime>3000</n32BaseReliveTime>
		<n32ExpGrowth>50</n32ExpGrowth>
		<n32PhyAttGrowth>4</n32PhyAttGrowth>
		<n32MagAttGrowth>0</n32MagAttGrowth>
		<n32PhyDefGrowth>5</n32PhyDefGrowth>
		<n32MagDefGrowth>1</n32MagDefGrowth>
		<n32MoveSpeedGrowth>0</n32MoveSpeedGrowth>
		<n32AttackSpeedGrowth>1</n32AttackSpeedGrowth>
		<n32MaxHPGrowth>110</n32MaxHPGrowth>
		<n32MaxMPGrowth>20</n32MaxMPGrowth>
		<n32HPRecoverGrowth>400</n32HPRecoverGrowth>
		<n32MPRecoverGrowth>150</n32MPRecoverGrowth>
		<n32ReliveGrowth>3000</n32ReliveGrowth>
		<n32CPRecover>4</n32CPRecover>
		<n32CollideRadious>50</n32CollideRadious>
		<EmitPos>0,1300,0</EmitPos>
		<HitPos>0,1300,0</HitPos>
		<n32LockRadious>1</n32LockRadious>
		<n32RandomAttack>attack,attack2,attack3</n32RandomAttack>
		<un32WalkSound>0</un32WalkSound>
		<un32DeathSould>Yanmo5_Dead</un32DeathSould>
		<un32Script1>Taiyushen_5_line_01.Taiyushen_5_5_line_02</un32Script1>
		<n32Script1Rate>90050,90050</n32Script1Rate>
		<un32SkillType1>1203701</un32SkillType1>
		<un32SkillType2>1203801</un32SkillType2>
		<un32SkillType3>1303701</un32SkillType3>
		<un32SkillType4>1303801</un32SkillType4>
		<un32SkillType5>1101901</un32SkillType5>
		<un32SkillType6>1100001</un32SkillType6>
		<un32SkillTypeP>11001901</un32SkillTypeP>
		<un32PreItem>30032,30001,30003</un32PreItem>
		<un32MidItem>30032,30093,30027</un32MidItem>
		<un32ProItem>30088,30093,30101,30031,30008,30006</un32ProItem>
	</info>
	<info/>
	<info un32ID="Heimolv_5">
		<szNOStr>10021</szNOStr>
		<HeroKind>2</HeroKind>
		<eMagicCate>2</eMagicCate>
		<XuetiaoHeight>6</XuetiaoHeight>
		<eAttackWay>2</eAttackWay>
		<n32AttackDist>1050</n32AttackDist>
		<n32BaseExp>80</n32BaseExp>
		<n32BasePhyAttPower>48</n32BasePhyAttPower>
		<n32BaseMagAttPower>0</n32BaseMagAttPower>
		<n32BasePhyDef>12</n32BasePhyDef>
		<n32BaseMagDef>30</n32BaseMagDef>
		<n32BaseMoveSpeed>640</n32BaseMoveSpeed>
		<n32BaseMoveSpeedScaling>1000</n32BaseMoveSpeedScaling>
		<n32BaseAttackSpeed>1000</n32BaseAttackSpeed>
		<n32BaseMaxHP>390</n32BaseMaxHP>
		<n32BaseMaxMP>240</n32BaseMaxMP>
		<n32BaseHPRecover>200</n32BaseHPRecover>
		<n32BaseMPRecover>1000</n32BaseMPRecover>
		<n32BaseReliveTime>3000</n32BaseReliveTime>
		<n32ExpGrowth>50</n32ExpGrowth>
		<n32PhyAttGrowth>2</n32PhyAttGrowth>
		<n32MagAttGrowth>0</n32MagAttGrowth>
		<n32PhyDefGrowth>3</n32PhyDefGrowth>
		<n32MagDefGrowth>0</n32MagDefGrowth>
		<n32MoveSpeedGrowth>0</n32MoveSpeedGrowth>
		<n32AttackSpeedGrowth>1</n32AttackSpeedGrowth>
		<n32MaxHPGrowth>102</n32MaxHPGrowth>
		<n32MaxMPGrowth>28</n32MaxMPGrowth>
		<n32HPRecoverGrowth>70</n32HPRecoverGrowth>
		<n32MPRecoverGrowth>100</n32MPRecoverGrowth>
		<n32ReliveGrowth>3000</n32ReliveGrowth>
		<n32CPRecover>4</n32CPRecover>
		<n32CollideRadious>50</n32CollideRadious>
		<EmitPos>0,1300,0</EmitPos>
		<HitPos>0,1300,0</HitPos>
		<n32LockRadious>1</n32LockRadious>
		<n32RandomAttack>attack,attack2</n32RandomAttack>
		<un32WalkSound>0</un32WalkSound>
		<un32DeathSould>Beinuyideyuanren5_Dead</un32DeathSould>
		<un32Script1>Heimolv_5_line_01,Heimolv_5_line_02</un32Script1>
		<n32Script1Rate>90050,90050</n32Script1Rate>
		<un32SkillType1>1204101</un32SkillType1>
		<un32SkillType2>1204201</un32SkillType2>
		<un32SkillType3>1304101</un32SkillType3>
		<un32SkillType4>1304201</un32SkillType4>
		<un32SkillType5>1102101</un32SkillType5>
		<un32SkillType6>1100001</un32SkillType6>
		<un32SkillTypeP>11002101</un32SkillTypeP>
		<un32PreItem>30032,30001,30003</un32PreItem>
		<un32MidItem>30085,30007,30005</un32MidItem>
		<un32ProItem>30087,30008,30028,30091,30050,30101</un32ProItem>
	</info>
	<info un32ID="Tanshigui_5">
		<szNOStr>10022</szNOStr>
		<HeroKind>1</HeroKind>
		<eMagicCate>2</eMagicCate>
		<XuetiaoHeight>6</XuetiaoHeight>
		<eAttackWay>2</eAttackWay>
		<n32AttackDist>1050</n32AttackDist>
		<n32BaseExp>80</n32BaseExp>
		<n32BasePhyAttPower>48</n32BasePhyAttPower>
		<n32BaseMagAttPower>0</n32BaseMagAttPower>
		<n32BasePhyDef>16</n32BasePhyDef>
		<n32BaseMagDef>30</n32BaseMagDef>
		<n32BaseMoveSpeed>660</n32BaseMoveSpeed>
		<n32BaseMoveSpeedScaling>1000</n32BaseMoveSpeedScaling>
		<n32BaseAttackSpeed>1000</n32BaseAttackSpeed>
		<n32BaseMaxHP>400</n32BaseMaxHP>
		<n32BaseMaxMP>170</n32BaseMaxMP>
		<n32BaseHPRecover>500</n32BaseHPRecover>
		<n32BaseMPRecover>500</n32BaseMPRecover>
		<n32BaseReliveTime>3000</n32BaseReliveTime>
		<n32ExpGrowth>50</n32ExpGrowth>
		<n32PhyAttGrowth>5</n32PhyAttGrowth>
		<n32MagAttGrowth>0</n32MagAttGrowth>
		<n32PhyDefGrowth>3</n32PhyDefGrowth>
		<n32MagDefGrowth>0</n32MagDefGrowth>
		<n32MoveSpeedGrowth>0</n32MoveSpeedGrowth>
		<n32AttackSpeedGrowth>10</n32AttackSpeedGrowth>
		<n32MaxHPGrowth>92</n32MaxHPGrowth>
		<n32MaxMPGrowth>20</n32MaxMPGrowth>
		<n32HPRecoverGrowth>80</n32HPRecoverGrowth>
		<n32MPRecoverGrowth>120</n32MPRecoverGrowth>
		<n32ReliveGrowth>3000</n32ReliveGrowth>
		<n32CPRecover>4</n32CPRecover>
		<n32CollideRadious>50</n32CollideRadious>
		<EmitPos>0,1300,0</EmitPos>
		<HitPos>0,1300,0</HitPos>
		<n32LockRadious>1</n32LockRadious>
		<n32RandomAttack>attack,attack2</n32RandomAttack>
		<un32WalkSound>0</un32WalkSound>
		<un32DeathSould>Yuren5_Dead</un32DeathSould>
		<un32Script1>Tanshigui_5_line_01,Tanshigui_5_line_01</un32Script1>
		<n32Script1Rate>90050,90050</n32Script1Rate>
		<un32SkillType1>1204301</un32SkillType1>
		<un32SkillType2>1204401</un32SkillType2>
		<un32SkillType3>1304301</un32SkillType3>
		<un32SkillType4>1304401</un32SkillType4>
		<un32SkillType5>1102201</un32SkillType5>
		<un32SkillType6>1100001</un32SkillType6>
		<un32SkillTypeP>11002201</un32SkillTypeP>
		<un32PreItem>30011,30001,30003</un32PreItem>
		<un32MidItem>30087,30089,30027</un32MidItem>
		<un32ProItem>30087,30091,30101,30050,30021,30036</un32ProItem>
	</info>
</herocfg>