<?xml version="1.0" encoding="UTF-8" standalone="yes"?>
<MapObjCfg xmlns:xsi="http://www.w3.org/2001/XMLSchema-instance">
	<info un32ID="100">
		<un32MapID>1000</un32MapID>
		<eObjectTypeID>21006</eObjectTypeID>
		<un32ObjIdx>100</un32ObjIdx>
		<n32Camp>1</n32Camp>
		<cBornPos>6269,6000,9998</cBornPos>
		<cBornDir>0,0,1</cBornDir>
		<ReplaceID>JLZJDPS001</ReplaceID>
		<n32Visibility>0</n32Visibility>
		<eAttackMode>1</eAttackMode>
	</info>
	<info un32ID="101">
		<un32MapID>1000</un32MapID>
		<eObjectTypeID>21002</eObjectTypeID>
		<un32ObjIdx>101</un32ObjIdx>
		<n32Camp>0</n32Camp>
		<cBornPos>5195,6003,10952</cBornPos>
		<cBornDir>0,0,1</cBornDir>
		<ReplaceID>0</ReplaceID>
		<n32Visibility>0</n32Visibility>
		<eAttackMode>1</eAttackMode>
	</info>
	<info un32ID="102">
		<un32MapID>1000</un32MapID>
		<eObjectTypeID>21008</eObjectTypeID>
		<un32ObjIdx>102</un32ObjIdx>
		<n32Camp>1</n32Camp>
		<cBornPos>8109,6014,9150</cBornPos>
		<cBornDir>0,0,1</cBornDir>
		<ReplaceID>JLBYPS001</ReplaceID>
		<n32Visibility>0</n32Visibility>
		<eAttackMode>1</eAttackMode>
	</info>
	<info un32ID="103">
		<un32MapID>1000</un32MapID>
		<eObjectTypeID>21008</eObjectTypeID>
		<un32ObjIdx>103</un32ObjIdx>
		<n32Camp>1</n32Camp>
		<cBornPos>8223,6014,10924</cBornPos>
		<cBornDir>0,0,1</cBornDir>
		<ReplaceID>JLBYPS001</ReplaceID>
		<n32Visibility>0</n32Visibility>
		<eAttackMode>1</eAttackMode>
	</info>
	<info un32ID="104">
		<un32MapID>1000</un32MapID>
		<eObjectTypeID>21004</eObjectTypeID>
		<un32ObjIdx>104</un32ObjIdx>
		<n32Camp>1</n32Camp>
		<cBornPos>11248,6006,9576</cBornPos>
		<cBornDir>0,0,1</cBornDir>
		<ReplaceID>JLTPS001</ReplaceID>
		<n32Visibility>0</n32Visibility>
		<eAttackMode>1</eAttackMode>
	</info>
	<info un32ID="105">
		<un32MapID>1000</un32MapID>
		<eObjectTypeID>21021</eObjectTypeID>
		<un32ObjIdx>105</un32ObjIdx>
		<n32Camp>2</n32Camp>
		<cBornPos>23740,6100,10000</cBornPos>
		<cBornDir>0,0,1</cBornDir>
		<ReplaceID>WLZJDPS001</ReplaceID>
		<n32Visibility>0</n32Visibility>
		<eAttackMode>1</eAttackMode>
	</info>
	<info un32ID="106">
		<un32MapID>1000</un32MapID>
		<eObjectTypeID>21002</eObjectTypeID>
		<un32ObjIdx>106</un32ObjIdx>
		<n32Camp>0</n32Camp>
		<cBornPos>25220,6008,8817</cBornPos>
		<cBornDir>0,0,1</cBornDir>
		<ReplaceID>0</ReplaceID>
		<n32Visibility>0</n32Visibility>
		<eAttackMode>1</eAttackMode>
	</info>
	<info un32ID="107">
		<un32MapID>1000</un32MapID>
		<eObjectTypeID>21023</eObjectTypeID>
		<un32ObjIdx>107</un32ObjIdx>
		<n32Camp>2</n32Camp>
		<cBornPos>21780,6014,11041</cBornPos>
		<cBornDir>0,0,1</cBornDir>
		<ReplaceID>WLBYPS001</ReplaceID>
		<n32Visibility>0</n32Visibility>
		<eAttackMode>1</eAttackMode>
	</info>
	<info un32ID="108">
		<un32MapID>1000</un32MapID>
		<eObjectTypeID>21023</eObjectTypeID>
		<un32ObjIdx>108</un32ObjIdx>
		<n32Camp>2</n32Camp>
		<cBornPos>21738,6014,9169</cBornPos>
		<cBornDir>0,0,1</cBornDir>
		<ReplaceID>WLBYPS001</ReplaceID>
		<n32Visibility>0</n32Visibility>
		<eAttackMode>1</eAttackMode>
	</info>
	<info un32ID="109">
		<un32MapID>1000</un32MapID>
		<eObjectTypeID>21019</eObjectTypeID>
		<un32ObjIdx>109</un32ObjIdx>
		<n32Camp>2</n32Camp>
		<cBornPos>18498,6006,10512</cBornPos>
		<cBornDir>0,0,1</cBornDir>
		<ReplaceID>WLTPS001</ReplaceID>
		<n32Visibility>0</n32Visibility>
		<eAttackMode>1</eAttackMode>
	</info>
	<info un32ID="110">
		<un32MapID>1000</un32MapID>
		<eObjectTypeID>21014</eObjectTypeID>
		<un32ObjIdx>110</un32ObjIdx>
		<n32Camp>1</n32Camp>
		<cBornPos>3669,6650,10067</cBornPos>
		<cBornDir>0,0,1</cBornDir>
		<ReplaceID>0</ReplaceID>
		<n32Visibility>0</n32Visibility>
		<eAttackMode>1</eAttackMode>
	</info>
	<info un32ID="111">
		<un32MapID>1000</un32MapID>
		<eObjectTypeID>21015</eObjectTypeID>
		<un32ObjIdx>111</un32ObjIdx>
		<n32Camp>2</n32Camp>
		<cBornPos>26504,6250,9981</cBornPos>
		<cBornDir>0,0,1</cBornDir>
		<ReplaceID>0</ReplaceID>
		<n32Visibility>0</n32Visibility>
		<eAttackMode>1</eAttackMode>
	</info>
	<info un32ID="1">
		<un32MapID>1001</un32MapID>
		<eObjectTypeID>21006</eObjectTypeID>
		<un32ObjIdx>1</un32ObjIdx>
		<n32Camp>1</n32Camp>
		<cBornPos>9029,5981,10004</cBornPos>
		<cBornDir>0,0,1</cBornDir>
		<ReplaceID>JLZJDPS001</ReplaceID>
		<n32Visibility>0</n32Visibility>
		<eAttackMode>1</eAttackMode>
	</info>
	<info un32ID="2">
		<un32MapID>1001</un32MapID>
		<eObjectTypeID>21008</eObjectTypeID>
		<un32ObjIdx>2</un32ObjIdx>
		<n32Camp>1</n32Camp>
		<cBornPos>7984,6000,7172</cBornPos>
		<cBornDir>0,0,1</cBornDir>
		<ReplaceID>JLBYPS001</ReplaceID>
		<n32Visibility>0</n32Visibility>
		<eAttackMode>1</eAttackMode>
	</info>
	<info un32ID="3">
		<un32MapID>1001</un32MapID>
		<eObjectTypeID>21008</eObjectTypeID>
		<un32ObjIdx>3</un32ObjIdx>
		<n32Camp>1</n32Camp>
		<cBornPos>8014,6000,12804</cBornPos>
		<cBornDir>0,0,1</cBornDir>
		<ReplaceID>JLBYPS001</ReplaceID>
		<n32Visibility>0</n32Visibility>
		<eAttackMode>1</eAttackMode>
	</info>
	<info un32ID="4">
		<un32MapID>1001</un32MapID>
		<eObjectTypeID>21004</eObjectTypeID>
		<un32ObjIdx>4</un32ObjIdx>
		<n32Camp>1</n32Camp>
		<cBornPos>12676,6000,6144</cBornPos>
		<cBornDir>0,0,1</cBornDir>
		<ReplaceID>JLTPS001</ReplaceID>
		<n32Visibility>0</n32Visibility>
		<eAttackMode>1</eAttackMode>
	</info>
	<info un32ID="5">
		<un32MapID>1001</un32MapID>
		<eObjectTypeID>21004</eObjectTypeID>
		<un32ObjIdx>5</un32ObjIdx>
		<n32Camp>1</n32Camp>
		<cBornPos>11184,6000,13731</cBornPos>
		<cBornDir>0,0,1</cBornDir>
		<ReplaceID>JLTPS001</ReplaceID>
		<n32Visibility>0</n32Visibility>
		<eAttackMode>1</eAttackMode>
	</info>
	<info un32ID="6">
		<un32MapID>1001</un32MapID>
		<eObjectTypeID>21007</eObjectTypeID>
		<un32ObjIdx>6</un32ObjIdx>
		<n32Camp>2</n32Camp>
		<cBornPos>21122,5950,10005</cBornPos>
		<cBornDir>0,0,1</cBornDir>
		<ReplaceID>WLZJDPS001</ReplaceID>
		<n32Visibility>0</n32Visibility>
		<eAttackMode>1</eAttackMode>
	</info>
	<info un32ID="7">
		<un32MapID>1001</un32MapID>
		<eObjectTypeID>21009</eObjectTypeID>
		<un32ObjIdx>7</un32ObjIdx>
		<n32Camp>2</n32Camp>
		<cBornPos>22074,6000,12860</cBornPos>
		<cBornDir>0,0,1</cBornDir>
		<ReplaceID>WLBYPS001</ReplaceID>
		<n32Visibility>0</n32Visibility>
		<eAttackMode>1</eAttackMode>
	</info>
	<info un32ID="8">
		<un32MapID>1001</un32MapID>
		<eObjectTypeID>21009</eObjectTypeID>
		<un32ObjIdx>8</un32ObjIdx>
		<n32Camp>2</n32Camp>
		<cBornPos>22091,6000,7138</cBornPos>
		<cBornDir>0,0,1</cBornDir>
		<ReplaceID>WLBYPS001</ReplaceID>
		<n32Visibility>0</n32Visibility>
		<eAttackMode>1</eAttackMode>
	</info>
	<info un32ID="9">
		<un32MapID>1001</un32MapID>
		<eObjectTypeID>21005</eObjectTypeID>
		<un32ObjIdx>9</un32ObjIdx>
		<n32Camp>2</n32Camp>
		<cBornPos>17818,6000,13646</cBornPos>
		<cBornDir>0,0,1</cBornDir>
		<ReplaceID>WLTPS001</ReplaceID>
		<n32Visibility>0</n32Visibility>
		<eAttackMode>1</eAttackMode>
	</info>
	<info un32ID="10">
		<un32MapID>1001</un32MapID>
		<eObjectTypeID>21005</eObjectTypeID>
		<un32ObjIdx>10</un32ObjIdx>
		<n32Camp>2</n32Camp>
		<cBornPos>19173,6000,6190</cBornPos>
		<cBornDir>0,0,1</cBornDir>
		<ReplaceID>WLTPS001</ReplaceID>
		<n32Visibility>0</n32Visibility>
		<eAttackMode>1</eAttackMode>
	</info>
	<info un32ID="11">
		<un32MapID>1001</un32MapID>
		<eObjectTypeID>21002</eObjectTypeID>
		<un32ObjIdx>11</un32ObjIdx>
		<n32Camp>0</n32Camp>
		<cBornPos>6927,6000,10715</cBornPos>
		<cBornDir>0,0,1</cBornDir>
		<ReplaceID>0</ReplaceID>
		<n32Visibility>0</n32Visibility>
		<eAttackMode>1</eAttackMode>
	</info>
	<info un32ID="12">
		<un32MapID>1001</un32MapID>
		<eObjectTypeID>21002</eObjectTypeID>
		<un32ObjIdx>12</un32ObjIdx>
		<n32Camp>0</n32Camp>
		<cBornPos>23553,6000,9222</cBornPos>
		<cBornDir>0,0,1</cBornDir>
		<ReplaceID>0</ReplaceID>
		<n32Visibility>0</n32Visibility>
		<eAttackMode>1</eAttackMode>
	</info>
	<info un32ID="13">
		<un32MapID>1001</un32MapID>
		<eObjectTypeID>21014</eObjectTypeID>
		<un32ObjIdx>13</un32ObjIdx>
		<n32Camp>1</n32Camp>
		<cBornPos>6008,6000,10005</cBornPos>
		<cBornDir>0,0,1</cBornDir>
		<ReplaceID>0</ReplaceID>
		<n32Visibility>0</n32Visibility>
		<eAttackMode>1</eAttackMode>
	</info>
	<info un32ID="14">
		<un32MapID>1001</un32MapID>
		<eObjectTypeID>21015</eObjectTypeID>
		<un32ObjIdx>14</un32ObjIdx>
		<n32Camp>2</n32Camp>
		<cBornPos>24273,6000,10005</cBornPos>
		<cBornDir>0,0,1</cBornDir>
		<ReplaceID>0</ReplaceID>
		<n32Visibility>0</n32Visibility>
		<eAttackMode>1</eAttackMode>
	</info>
	<info un32ID="15">
		<un32MapID>1002</un32MapID>
		<eObjectTypeID>21006</eObjectTypeID>
		<un32ObjIdx>15</un32ObjIdx>
		<n32Camp>1</n32Camp>
		<cBornPos>6169,6010,9943</cBornPos>
		<cBornDir>0,0,1</cBornDir>
		<ReplaceID>JLZJDPS001</ReplaceID>
		<n32Visibility>0</n32Visibility>
		<eAttackMode>1</eAttackMode>
	</info>
	<info un32ID="16">
		<un32MapID>1002</un32MapID>
		<eObjectTypeID>21002</eObjectTypeID>
		<un32ObjIdx>16</un32ObjIdx>
		<n32Camp>0</n32Camp>
		<cBornPos>5195,6003,10952</cBornPos>
		<cBornDir>0,0,1</cBornDir>
		<ReplaceID>0</ReplaceID>
		<n32Visibility>0</n32Visibility>
		<eAttackMode>1</eAttackMode>
	</info>
	<info un32ID="17">
		<un32MapID>1002</un32MapID>
		<eObjectTypeID>21008</eObjectTypeID>
		<un32ObjIdx>17</un32ObjIdx>
		<n32Camp>1</n32Camp>
		<cBornPos>7956,6014,9150</cBornPos>
		<cBornDir>0,0,1</cBornDir>
		<ReplaceID>JLBYPS001</ReplaceID>
		<n32Visibility>0</n32Visibility>
		<eAttackMode>1</eAttackMode>
	</info>
	<info un32ID="18">
		<un32MapID>1002</un32MapID>
		<eObjectTypeID>21008</eObjectTypeID>
		<un32ObjIdx>18</un32ObjIdx>
		<n32Camp>1</n32Camp>
		<cBornPos>8029,6014,10924</cBornPos>
		<cBornDir>0,0,1</cBornDir>
		<ReplaceID>JLBYPS001</ReplaceID>
		<n32Visibility>0</n32Visibility>
		<eAttackMode>1</eAttackMode>
	</info>
	<info un32ID="19">
		<un32MapID>1002</un32MapID>
		<eObjectTypeID>21004</eObjectTypeID>
		<un32ObjIdx>19</un32ObjIdx>
		<n32Camp>1</n32Camp>
		<cBornPos>11248,6006,9576</cBornPos>
		<cBornDir>0,0,1</cBornDir>
		<ReplaceID>JLTPS001</ReplaceID>
		<n32Visibility>0</n32Visibility>
		<eAttackMode>1</eAttackMode>
	</info>
	<info un32ID="20">
		<un32MapID>1002</un32MapID>
		<eObjectTypeID>21007</eObjectTypeID>
		<un32ObjIdx>20</un32ObjIdx>
		<n32Camp>2</n32Camp>
		<cBornPos>23700,6010,10100</cBornPos>
		<cBornDir>0,0,1</cBornDir>
		<ReplaceID>WLZJDPS001</ReplaceID>
		<n32Visibility>0</n32Visibility>
		<eAttackMode>1</eAttackMode>
	</info>
	<info un32ID="21">
		<un32MapID>1002</un32MapID>
		<eObjectTypeID>21002</eObjectTypeID>
		<un32ObjIdx>21</un32ObjIdx>
		<n32Camp>0</n32Camp>
		<cBornPos>25220,6008,8817</cBornPos>
		<cBornDir>0,0,1</cBornDir>
		<ReplaceID>0</ReplaceID>
		<n32Visibility>0</n32Visibility>
		<eAttackMode>1</eAttackMode>
	</info>
	<info un32ID="22">
		<un32MapID>1002</un32MapID>
		<eObjectTypeID>21009</eObjectTypeID>
		<un32ObjIdx>22</un32ObjIdx>
		<n32Camp>2</n32Camp>
		<cBornPos>21958,6014,11041</cBornPos>
		<cBornDir>0,0,1</cBornDir>
		<ReplaceID>WLBYPS001</ReplaceID>
		<n32Visibility>0</n32Visibility>
		<eAttackMode>1</eAttackMode>
	</info>
	<info un32ID="23">
		<un32MapID>1002</un32MapID>
		<eObjectTypeID>21009</eObjectTypeID>
		<un32ObjIdx>23</un32ObjIdx>
		<n32Camp>2</n32Camp>
		<cBornPos>21944,6014,9146</cBornPos>
		<cBornDir>0,0,1</cBornDir>
		<ReplaceID>WLBYPS001</ReplaceID>
		<n32Visibility>0</n32Visibility>
		<eAttackMode>1</eAttackMode>
	</info>
	<info un32ID="24">
		<un32MapID>1002</un32MapID>
		<eObjectTypeID>21005</eObjectTypeID>
		<un32ObjIdx>24</un32ObjIdx>
		<n32Camp>2</n32Camp>
		<cBornPos>18498,6006,10512</cBornPos>
		<cBornDir>0,0,1</cBornDir>
		<ReplaceID>WLTPS001</ReplaceID>
		<n32Visibility>0</n32Visibility>
		<eAttackMode>1</eAttackMode>
	</info>
	<info un32ID="25">
		<un32MapID>1002</un32MapID>
		<eObjectTypeID>21014</eObjectTypeID>
		<un32ObjIdx>25</un32ObjIdx>
		<n32Camp>1</n32Camp>
		<cBornPos>3749,6649,10060</cBornPos>
		<cBornDir>0,0,1</cBornDir>
		<ReplaceID>0</ReplaceID>
		<n32Visibility>0</n32Visibility>
		<eAttackMode>1</eAttackMode>
	</info>
	<info un32ID="26">
		<un32MapID>1002</un32MapID>
		<eObjectTypeID>21015</eObjectTypeID>
		<un32ObjIdx>26</un32ObjIdx>
		<n32Camp>2</n32Camp>
		<cBornPos>26344,6253,9970</cBornPos>
		<cBornDir>0,0,1</cBornDir>
		<ReplaceID>0</ReplaceID>
		<n32Visibility>0</n32Visibility>
		<eAttackMode>1</eAttackMode>
	</info>
</MapObjCfg>