<?xml version="1.0" encoding="UTF-8" standalone="yes"?>
<MsgSettingConfig xmlns:xsi="http://www.w3.org/2001/XMLSchema-instance">
	<info id="1">
		<color>255,251,201</color>
		<font_size>25</font_size>
		<effect>2</effect>
		<effect_color>255,0,0</effect_color>
		<effect_distance>0.1,0.1</effect_distance>
		<position_start_in>-36,-213,0</position_start_in>
		<position_end_in>-36,-213,0</position_end_in>
		<position_time_in>0.2</position_time_in>
		<position_start_out>-36,-213,0</position_start_out>
		<position_end_out>-36,-123,0</position_end_out>
		<position_time_out>1.5</position_time_out>
		<rotation_start_in>0,0,0</rotation_start_in>
		<rotation_end_in>0,0,0</rotation_end_in>
		<rotation_time_in>0</rotation_time_in>
		<scale_start_in>1.2,1.2,1.2</scale_start_in>
		<scale_end_in>1,1,1</scale_end_in>
		<scale_time_in>0.2</scale_time_in>
		<scale_start_out>1,1,1</scale_start_out>
		<scale_end_out>1,1,1</scale_end_out>
		<scale_time_out>1.5</scale_time_out>
		<alpha_start_in>255</alpha_start_in>
		<alpha_end_in>255</alpha_end_in>
		<alpha_time_in>0.2</alpha_time_in>
		<alpha_start_out>255</alpha_start_out>
		<alpha_end_out>0</alpha_end_out>
		<alpha_time_out>0.5</alpha_time_out>
		<if_frame>1</if_frame>
		<staytime>1</staytime>
	</info>
	<info id="2">
		<color>255,251,207</color>
		<font_size>30</font_size>
		<effect>0</effect>
		<effect_color>255,0,0</effect_color>
		<effect_distance>0.1,0.1</effect_distance>
		<position_start_in>0,80,0</position_start_in>
		<position_end_in>0,80,0</position_end_in>
		<position_time_in>0</position_time_in>
		<rotation_start_in>0,0,0</rotation_start_in>
		<rotation_end_in>0,0,0</rotation_end_in>
		<rotation_time_in>0</rotation_time_in>
		<scale_start_in>1.2,1.2,1.2</scale_start_in>
		<scale_end_in>1,1,1</scale_end_in>
		<scale_time_in>0.2</scale_time_in>
		<scale_start_out>1,1,1</scale_start_out>
		<scale_end_out>1,1,1</scale_end_out>
		<scale_time_out>1.5</scale_time_out>
		<alpha_start_in>255</alpha_start_in>
		<alpha_end_in>255</alpha_end_in>
		<alpha_time_in>0.2</alpha_time_in>
		<alpha_start_out>255</alpha_start_out>
		<alpha_end_out>0</alpha_end_out>
		<alpha_time_out>0.5</alpha_time_out>
		<if_frame>1</if_frame>
		<staytime>1</staytime>
	</info>
	<info id="3">
		<color>255,251,207</color>
		<font_size>30</font_size>
		<effect>1</effect>
		<effect_color>0,0,0</effect_color>
		<effect_distance>1,1</effect_distance>
		<position_start_in>0,80,0</position_start_in>
		<position_end_in>0,80,0</position_end_in>
		<position_time_in>0.2</position_time_in>
		<position_start_out>0,80,0</position_start_out>
		<position_end_out>0,170,0</position_end_out>
		<position_time_out>1.5</position_time_out>
		<rotation_start_in>0,0,0</rotation_start_in>
		<rotation_end_in>0,0,0</rotation_end_in>
		<rotation_time_in>0</rotation_time_in>
		<scale_start_in>1.2,1.2,1.2</scale_start_in>
		<scale_end_in>1,1,1</scale_end_in>
		<scale_time_in>0.2</scale_time_in>
		<scale_start_out>1,1,1</scale_start_out>
		<scale_end_out>1,1,1</scale_end_out>
		<scale_time_out>1.5</scale_time_out>
		<alpha_start_in>255</alpha_start_in>
		<alpha_end_in>255</alpha_end_in>
		<alpha_time_in>0.2</alpha_time_in>
		<alpha_start_out>255</alpha_start_out>
		<alpha_end_out>0</alpha_end_out>
		<alpha_time_out>0.5</alpha_time_out>
		<if_frame>1</if_frame>
		<staytime>1</staytime>
	</info>
	<info id="4">
		<color>255,251,207</color>
		<font_size>30</font_size>
		<effect>1</effect>
		<effect_color>0,0,0</effect_color>
		<effect_distance>1,1</effect_distance>
		<position_start_in>0,170,0</position_start_in>
		<position_end_in>0,170,0</position_end_in>
		<position_time_in>0</position_time_in>
		<rotation_start_in>0,0,0</rotation_start_in>
		<rotation_end_in>0,0,0</rotation_end_in>
		<rotation_time_in>0</rotation_time_in>
		<scale_start_in>1.2,1.2,1.2</scale_start_in>
		<scale_end_in>1,1,1</scale_end_in>
		<scale_time_in>0.2</scale_time_in>
		<scale_start_out>1,1,1</scale_start_out>
		<scale_end_out>1,1,1</scale_end_out>
		<scale_time_out>1.5</scale_time_out>
		<alpha_start_in>255</alpha_start_in>
		<alpha_end_in>255</alpha_end_in>
		<alpha_time_in>0.2</alpha_time_in>
		<alpha_start_out>255</alpha_start_out>
		<alpha_end_out>0</alpha_end_out>
		<alpha_time_out>0.5</alpha_time_out>
		<if_frame>1</if_frame>
		<staytime>1</staytime>
	</info>
	<info id="5">
		<color>255,251,207</color>
		<font_size>30</font_size>
		<effect>1</effect>
		<effect_color>0,0,0</effect_color>
		<effect_distance>1,1</effect_distance>
		<position_start_in>0,165,0</position_start_in>
		<position_end_in>0,165,0</position_end_in>
		<position_time_in>0</position_time_in>
		<rotation_start_in>0,0,0</rotation_start_in>
		<rotation_end_in>0,0,0</rotation_end_in>
		<rotation_time_in>0</rotation_time_in>
		<scale_start_in>1.2,1.2,1.2</scale_start_in>
		<scale_end_in>1,1,1</scale_end_in>
		<scale_time_in>0.2</scale_time_in>
		<scale_start_out>1,1,1</scale_start_out>
		<scale_end_out>1,1,1</scale_end_out>
		<scale_time_out>1.5</scale_time_out>
		<alpha_start_in>255</alpha_start_in>
		<alpha_end_in>255</alpha_end_in>
		<alpha_time_in>0.2</alpha_time_in>
		<alpha_start_out>255</alpha_start_out>
		<alpha_end_out>0</alpha_end_out>
		<alpha_time_out>0.5</alpha_time_out>
		<if_frame>1</if_frame>
		<staytime>1</staytime>
	</info>
	<info id="6">
		<color>255,251,201</color>
		<font_size>30</font_size>
		<effect>2</effect>
		<effect_color>255,0,0</effect_color>
		<effect_distance>0.1,0.1</effect_distance>
		<position_start_in>40,227,0</position_start_in>
		<position_end_in>40,227,0</position_end_in>
		<position_time_in>0</position_time_in>
		<rotation_start_in>0,0,0</rotation_start_in>
		<rotation_end_in>0,0,0</rotation_end_in>
		<rotation_time_in>0</rotation_time_in>
		<scale_start_in>1.2,1.2,1.2</scale_start_in>
		<scale_end_in>1,1,1</scale_end_in>
		<scale_time_in>0.2</scale_time_in>
		<scale_start_out>1,1,1</scale_start_out>
		<scale_end_out>1,1,1</scale_end_out>
		<scale_time_out>1.5</scale_time_out>
		<alpha_start_in>255</alpha_start_in>
		<alpha_end_in>255</alpha_end_in>
		<alpha_time_in>0.2</alpha_time_in>
		<alpha_start_out>255</alpha_start_out>
		<alpha_end_out>0</alpha_end_out>
		<alpha_time_out>0.5</alpha_time_out>
		<if_frame>1</if_frame>
		<staytime>1</staytime>
	</info>
	<info/>
	<info/>
	<info/>
	<info/>
</MsgSettingConfig>