<?xml version="1.0" encoding="UTF-8" standalone="yes"?>
<NPCCfg xmlns:xsi="http://www.w3.org/2001/XMLSchema-instance">
	<info un32ID="20001">
		<szNOStr>Beinuyideyuanren_5</szNOStr>
		<eNpcType>1</eNpcType>
		<eNpcChildType>3</eNpcChildType>
		<XuetiaoHeight>4</XuetiaoHeight>
		<EmitPos>0,1000,0</EmitPos>
		<HitPos>0,1300,0</HitPos>
		<eRace>1</eRace>
		<eAttendantCate>1</eAttendantCate>
		<eMagicCate>2</eMagicCate>
		<eAttackWay>1</eAttackWay>
		<n32AttackDist>230</n32AttackDist>
		<eAICate>2</eAICate>
		<un32AITarID>0</un32AITarID>
		<n32PursueDist>1400</n32PursueDist>
		<n32GuardDist>1000</n32GuardDist>
		<eAttackMode>0</eAttackMode>
		<n32AttackPower>45</n32AttackPower>
		<n32MagAttackPower>0</n32MagAttackPower>
		<n32DefenseAbility>0</n32DefenseAbility>
		<n32MagDefenseAbility>150</n32MagDefenseAbility>
		<n32MoveSpeed>560</n32MoveSpeed>
		<n32BaseMoveSpeedScaling>1200</n32BaseMoveSpeedScaling>
		<n32AttackSpeed>1333</n32AttackSpeed>
		<n32MaxHP>400</n32MaxHP>
		<n32MaxMP>0</n32MaxMP>
		<n32GotExp>60</n32GotExp>
		<n32ConsumeCP>500</n32ConsumeCP>
		<n32KillCP>85</n32KillCP>
		<bIfCanControl>1</bIfCanControl>
		<eConsumeAtt>13</eConsumeAtt>
		<n32ConsumeValue>6000</n32ConsumeValue>
		<n32ConsumePer>0</n32ConsumePer>
		<n32HPRecover>0</n32HPRecover>
		<n32MPRecover>0</n32MPRecover>
		<n32GroupID>1</n32GroupID>
		<n32CollideRadius>70</n32CollideRadius>
		<n32IsLocked>1</n32IsLocked>
		<n32LockRadius>1.3</n32LockRadius>
		<n32RandomAttack>attack</n32RandomAttack>
		<un32DeathSould>Beinuyideyuanren5_Dead</un32DeathSould>
		<un32FreeSound>0</un32FreeSound>
		<un32SkillType1>1160201</un32SkillType1>
		<un32SkillType2>1500201</un32SkillType2>
		<un32SkillType3>1500201</un32SkillType3>
		<un32SkillType4>1500201</un32SkillType4>
		<un32SkillType5>0</un32SkillType5>
		<un32PassSkillID>11200201</un32PassSkillID>
		<HeadPhoto>11</HeadPhoto>
		<eCamp>0</eCamp>
		<un32ShopID>0</un32ShopID>
		<EffectID>heal_once</EffectID>
		<un32Script1>Beinuyideyuanren_line_01,Beinuyideyuanren_line_02</un32Script1>
		<n32Script1Rate>90050,90050</n32Script1Rate>
	</info>
	<info un32ID="20002">
		<szNOStr>Yiliaoyuanren_5</szNOStr>
		<eNpcType>1</eNpcType>
		<eNpcChildType>3</eNpcChildType>
		<XuetiaoHeight>4</XuetiaoHeight>
		<EmitPos>0,1500,0</EmitPos>
		<HitPos>0,1500,0</HitPos>
		<eRace>1</eRace>
		<eAttendantCate>1</eAttendantCate>
		<eMagicCate>2</eMagicCate>
		<eAttackWay>1</eAttackWay>
		<n32AttackDist>230</n32AttackDist>
		<eAICate>2</eAICate>
		<un32AITarID>0</un32AITarID>
		<n32PursueDist>1400</n32PursueDist>
		<n32GuardDist>1000</n32GuardDist>
		<eAttackMode>0</eAttackMode>
		<n32AttackPower>40</n32AttackPower>
		<n32MagAttackPower>0</n32MagAttackPower>
		<n32DefenseAbility>50</n32DefenseAbility>
		<n32MagDefenseAbility>50</n32MagDefenseAbility>
		<n32MoveSpeed>570</n32MoveSpeed>
		<n32BaseMoveSpeedScaling>1200</n32BaseMoveSpeedScaling>
		<n32AttackSpeed>1625</n32AttackSpeed>
		<n32MaxHP>400</n32MaxHP>
		<n32MaxMP>0</n32MaxMP>
		<n32GotExp>54</n32GotExp>
		<n32ConsumeCP>380</n32ConsumeCP>
		<n32KillCP>76</n32KillCP>
		<bIfCanControl>1</bIfCanControl>
		<eConsumeAtt>12</eConsumeAtt>
		<n32ConsumeValue>240</n32ConsumeValue>
		<n32ConsumePer>0</n32ConsumePer>
		<n32HPRecover>0</n32HPRecover>
		<n32MPRecover>0</n32MPRecover>
		<n32GroupID>1</n32GroupID>
		<n32CollideRadius>70</n32CollideRadius>
		<n32IsLocked>1</n32IsLocked>
		<n32LockRadius>1.3</n32LockRadius>
		<n32RandomAttack>attack</n32RandomAttack>
		<un32DeathSould>Yiliaoyuanren5_Dead</un32DeathSould>
		<un32FreeSound>0</un32FreeSound>
		<un32SkillType1>1160101</un32SkillType1>
		<un32SkillType2>1500101</un32SkillType2>
		<un32SkillType3>1500101</un32SkillType3>
		<un32SkillType4>1500101</un32SkillType4>
		<un32SkillType5>0</un32SkillType5>
		<un32PassSkillID>11200301</un32PassSkillID>
		<HeadPhoto>29</HeadPhoto>
		<eCamp>0</eCamp>
		<un32ShopID>0</un32ShopID>
		<un32Script1>Yiliaoyuanren_line_01,Yiliaoyuanren_line_02</un32Script1>
		<n32Script1Rate>90050,90050</n32Script1Rate>
	</info>
	<info un32ID="20003">
		<szNOStr>Jialong_5</szNOStr>
		<eNpcType>1</eNpcType>
		<eNpcChildType>3</eNpcChildType>
		<XuetiaoHeight>4</XuetiaoHeight>
		<EmitPos>0,1000,0</EmitPos>
		<HitPos>0,1000,0</HitPos>
		<eRace>2</eRace>
		<eAttendantCate>1</eAttendantCate>
		<eMagicCate>2</eMagicCate>
		<eAttackWay>1</eAttackWay>
		<n32AttackDist>230</n32AttackDist>
		<eAICate>2</eAICate>
		<un32AITarID>0</un32AITarID>
		<n32PursueDist>1400</n32PursueDist>
		<n32GuardDist>1000</n32GuardDist>
		<eAttackMode>0</eAttackMode>
		<n32AttackPower>55</n32AttackPower>
		<n32MagAttackPower>0</n32MagAttackPower>
		<n32DefenseAbility>100</n32DefenseAbility>
		<n32MagDefenseAbility>0</n32MagDefenseAbility>
		<n32MoveSpeed>550</n32MoveSpeed>
		<n32BaseMoveSpeedScaling>1200</n32BaseMoveSpeedScaling>
		<n32AttackSpeed>1636</n32AttackSpeed>
		<n32MaxHP>500</n32MaxHP>
		<n32MaxMP>0</n32MaxMP>
		<n32GotExp>71</n32GotExp>
		<n32ConsumeCP>430</n32ConsumeCP>
		<n32KillCP>101</n32KillCP>
		<bIfCanControl>1</bIfCanControl>
		<eConsumeAtt>7</eConsumeAtt>
		<n32ConsumeValue>45</n32ConsumeValue>
		<n32ConsumePer>0</n32ConsumePer>
		<n32HPRecover>0</n32HPRecover>
		<n32MPRecover>0</n32MPRecover>
		<n32GroupID>1</n32GroupID>
		<n32CollideRadius>70</n32CollideRadius>
		<n32IsLocked>1</n32IsLocked>
		<n32LockRadius>1.3</n32LockRadius>
		<n32RandomAttack>attack</n32RandomAttack>
		<un32DeathSould>Jialong5_Dead</un32DeathSould>
		<un32FreeSound>0</un32FreeSound>
		<un32SkillType1>1160401</un32SkillType1>
		<un32SkillType2>1500401</un32SkillType2>
		<un32SkillType3>1500401</un32SkillType3>
		<un32SkillType4>1500401</un32SkillType4>
		<un32SkillType5>0</un32SkillType5>
		<un32PassSkillID>0</un32PassSkillID>
		<HeadPhoto>15</HeadPhoto>
		<eCamp>0</eCamp>
		<un32ShopID>0</un32ShopID>
		<un32Script1>Jialong_line_01,Jialong_line_02</un32Script1>
		<n32Script1Rate>90050,90050</n32Script1Rate>
	</info>
	<info un32ID="20004">
		<szNOStr>Yuren_5</szNOStr>
		<eNpcType>1</eNpcType>
		<eNpcChildType>3</eNpcChildType>
		<XuetiaoHeight>4</XuetiaoHeight>
		<EmitPos>0,1100,0</EmitPos>
		<HitPos>0,1000,0</HitPos>
		<eRace>3</eRace>
		<eAttendantCate>1</eAttendantCate>
		<eMagicCate>2</eMagicCate>
		<eAttackWay>2</eAttackWay>
		<n32AttackDist>1000</n32AttackDist>
		<eAICate>2</eAICate>
		<un32AITarID>0</un32AITarID>
		<n32PursueDist>1400</n32PursueDist>
		<n32GuardDist>1000</n32GuardDist>
		<eAttackMode>0</eAttackMode>
		<n32AttackPower>55</n32AttackPower>
		<n32MagAttackPower>0</n32MagAttackPower>
		<n32DefenseAbility>0</n32DefenseAbility>
		<n32MagDefenseAbility>0</n32MagDefenseAbility>
		<n32MoveSpeed>550</n32MoveSpeed>
		<n32BaseMoveSpeedScaling>1200</n32BaseMoveSpeedScaling>
		<n32AttackSpeed>1500</n32AttackSpeed>
		<n32MaxHP>320</n32MaxHP>
		<n32MaxMP>0</n32MaxMP>
		<n32GotExp>46</n32GotExp>
		<n32ConsumeCP>330</n32ConsumeCP>
		<n32KillCP>66</n32KillCP>
		<bIfCanControl>1</bIfCanControl>
		<eConsumeAtt>14</eConsumeAtt>
		<n32ConsumeValue>4500</n32ConsumeValue>
		<n32ConsumePer>0</n32ConsumePer>
		<n32HPRecover>0</n32HPRecover>
		<n32MPRecover>0</n32MPRecover>
		<n32GroupID>1</n32GroupID>
		<n32CollideRadius>70</n32CollideRadius>
		<n32IsLocked>1</n32IsLocked>
		<n32LockRadius>1</n32LockRadius>
		<n32RandomAttack>attack</n32RandomAttack>
		<un32DeathSould>Yuren5_Dead</un32DeathSould>
		<un32FreeSound>0</un32FreeSound>
		<un32SkillType1>1160301</un32SkillType1>
		<un32SkillType2>1500301</un32SkillType2>
		<un32SkillType3>1500301</un32SkillType3>
		<un32SkillType4>1500301</un32SkillType4>
		<un32SkillType5>0</un32SkillType5>
		<un32PassSkillID>0</un32PassSkillID>
		<HeadPhoto>30</HeadPhoto>
		<eCamp>0</eCamp>
		<un32ShopID>0</un32ShopID>
		<un32Script1>Yuren_line_01,Yuren_line_02</un32Script1>
		<n32Script1Rate>90050,90050</n32Script1Rate>
	</info>
	<info un32ID="20005">
		<szNOStr>Xiong_5</szNOStr>
		<eNpcType>1</eNpcType>
		<eNpcChildType>3</eNpcChildType>
		<XuetiaoHeight>4</XuetiaoHeight>
		<EmitPos>0,1300,0</EmitPos>
		<HitPos>0,1300,0</HitPos>
		<eRace>2</eRace>
		<eAttendantCate>2</eAttendantCate>
		<eMagicCate>2</eMagicCate>
		<eAttackWay>1</eAttackWay>
		<n32AttackDist>230</n32AttackDist>
		<eAICate>2</eAICate>
		<un32AITarID>0</un32AITarID>
		<n32PursueDist>1400</n32PursueDist>
		<n32GuardDist>1000</n32GuardDist>
		<eAttackMode>0</eAttackMode>
		<n32AttackPower>45</n32AttackPower>
		<n32MagAttackPower>0</n32MagAttackPower>
		<n32DefenseAbility>0</n32DefenseAbility>
		<n32MagDefenseAbility>0</n32MagDefenseAbility>
		<n32MoveSpeed>560</n32MoveSpeed>
		<n32BaseMoveSpeedScaling>1200</n32BaseMoveSpeedScaling>
		<n32AttackSpeed>1714</n32AttackSpeed>
		<n32MaxHP>800</n32MaxHP>
		<n32MaxMP>0</n32MaxMP>
		<n32GotExp>85</n32GotExp>
		<n32ConsumeCP>570</n32ConsumeCP>
		<n32KillCP>110</n32KillCP>
		<bIfCanControl>1</bIfCanControl>
		<eConsumeAtt>11</eConsumeAtt>
		<n32ConsumeValue>300</n32ConsumeValue>
		<n32ConsumePer>0</n32ConsumePer>
		<n32HPRecover>0</n32HPRecover>
		<n32MPRecover>0</n32MPRecover>
		<n32GroupID>1</n32GroupID>
		<n32CollideRadius>70</n32CollideRadius>
		<n32IsLocked>1</n32IsLocked>
		<n32LockRadius>1.4</n32LockRadius>
		<n32RandomAttack>attack</n32RandomAttack>
		<un32DeathSould>Xiong5_Dead</un32DeathSould>
		<un32FreeSound>0</un32FreeSound>
		<un32SkillType1>1160601</un32SkillType1>
		<un32SkillType2>1500601</un32SkillType2>
		<un32SkillType3>1500601</un32SkillType3>
		<un32SkillType4>1500601</un32SkillType4>
		<un32SkillType5>0</un32SkillType5>
		<un32PassSkillID>0</un32PassSkillID>
		<HeadPhoto>27</HeadPhoto>
		<eCamp>0</eCamp>
		<un32ShopID>0</un32ShopID>
		<un32Script1>Xiong_line_01,Xiong_line_02</un32Script1>
		<n32Script1Rate>90050,90050</n32Script1Rate>
	</info>
	<info un32ID="20006">
		<szNOStr>Kulouqishi_5</szNOStr>
		<eNpcType>1</eNpcType>
		<eNpcChildType>3</eNpcChildType>
		<XuetiaoHeight>4</XuetiaoHeight>
		<EmitPos>0,1200,0</EmitPos>
		<HitPos>0,1200,0</HitPos>
		<eRace>4</eRace>
		<eAttendantCate>1</eAttendantCate>
		<eMagicCate>2</eMagicCate>
		<eAttackWay>1</eAttackWay>
		<n32AttackDist>230</n32AttackDist>
		<eAICate>2</eAICate>
		<un32AITarID>0</un32AITarID>
		<n32PursueDist>1400</n32PursueDist>
		<n32GuardDist>1000</n32GuardDist>
		<eAttackMode>0</eAttackMode>
		<n32AttackPower>90</n32AttackPower>
		<n32MagAttackPower>0</n32MagAttackPower>
		<n32DefenseAbility>0</n32DefenseAbility>
		<n32MagDefenseAbility>0</n32MagDefenseAbility>
		<n32MoveSpeed>570</n32MoveSpeed>
		<n32BaseMoveSpeedScaling>1200</n32BaseMoveSpeedScaling>
		<n32AttackSpeed>1500</n32AttackSpeed>
		<n32MaxHP>380</n32MaxHP>
		<n32MaxMP>0</n32MaxMP>
		<n32GotExp>65</n32GotExp>
		<n32ConsumeCP>600</n32ConsumeCP>
		<n32KillCP>93</n32KillCP>
		<bIfCanControl>1</bIfCanControl>
		<eConsumeAtt>5</eConsumeAtt>
		<n32ConsumeValue>35</n32ConsumeValue>
		<n32ConsumePer>0</n32ConsumePer>
		<n32HPRecover>0</n32HPRecover>
		<n32MPRecover>0</n32MPRecover>
		<n32GroupID>0</n32GroupID>
		<n32CollideRadius>70</n32CollideRadius>
		<n32IsLocked>1</n32IsLocked>
		<n32LockRadius>0.9</n32LockRadius>
		<n32RandomAttack>attack</n32RandomAttack>
		<un32DeathSould>Jinglingnan5_Dead</un32DeathSould>
		<un32FreeSound>0</un32FreeSound>
		<un32SkillType1>1160501</un32SkillType1>
		<un32SkillType2>1500501</un32SkillType2>
		<un32SkillType3>1500501</un32SkillType3>
		<un32SkillType4>1500501</un32SkillType4>
		<un32SkillType5>0</un32SkillType5>
		<un32PassSkillID>11200101</un32PassSkillID>
		<HeadPhoto>20</HeadPhoto>
		<eCamp>0</eCamp>
		<un32ShopID>0</un32ShopID>
		<un32Script1>Kulouqishi_line_01,Kulouqishi_line_02</un32Script1>
		<n32Script1Rate>90050,90050</n32Script1Rate>
	</info>
	<info un32ID="20007">
		<szNOStr>Dianmanren_5</szNOStr>
		<eNpcType>1</eNpcType>
		<eNpcChildType>4</eNpcChildType>
		<XuetiaoHeight>4</XuetiaoHeight>
		<EmitPos>0,2700,0</EmitPos>
		<HitPos>0,2700,0</HitPos>
		<eRace>4</eRace>
		<eAttendantCate>3</eAttendantCate>
		<eMagicCate>2</eMagicCate>
		<eAttackWay>2</eAttackWay>
		<n32AttackDist>1000</n32AttackDist>
		<eAICate>2</eAICate>
		<un32AITarID>0</un32AITarID>
		<n32PursueDist>2000</n32PursueDist>
		<n32GuardDist>1000</n32GuardDist>
		<eAttackMode>0</eAttackMode>
		<n32AttackPower>100</n32AttackPower>
		<n32MagAttackPower>0</n32MagAttackPower>
		<n32DefenseAbility>0</n32DefenseAbility>
		<n32MagDefenseAbility>30</n32MagDefenseAbility>
		<n32MoveSpeed>550</n32MoveSpeed>
		<n32BaseMoveSpeedScaling>1200</n32BaseMoveSpeedScaling>
		<n32AttackSpeed>1300</n32AttackSpeed>
		<n32MaxHP>1200</n32MaxHP>
		<n32MaxMP>0</n32MaxMP>
		<n32GotExp>122</n32GotExp>
		<n32ConsumeCP>1300</n32ConsumeCP>
		<n32KillCP>174</n32KillCP>
		<bIfCanControl>1</bIfCanControl>
		<eConsumeAtt>6</eConsumeAtt>
		<n32ConsumeValue>95</n32ConsumeValue>
		<n32ConsumePer>0</n32ConsumePer>
		<n32HPRecover>4</n32HPRecover>
		<n32MPRecover>0</n32MPRecover>
		<n32GroupID>0</n32GroupID>
		<n32CollideRadius>30</n32CollideRadius>
		<n32IsLocked>1</n32IsLocked>
		<n32LockRadius>1</n32LockRadius>
		<n32RandomAttack>attack</n32RandomAttack>
		<un32DeathSould>Dianmanren5_Dead</un32DeathSould>
		<un32FreeSound>0</un32FreeSound>
		<un32SkillType1>1160901</un32SkillType1>
		<un32SkillType2>1500901</un32SkillType2>
		<un32SkillType3>1500901</un32SkillType3>
		<un32SkillType4>1500901</un32SkillType4>
		<un32SkillType5>0</un32SkillType5>
		<un32PassSkillID>11200401,11200501</un32PassSkillID>
		<HeadPhoto>22</HeadPhoto>
		<eCamp>0</eCamp>
		<un32ShopID>0</un32ShopID>
		<un32Script1>Dianmanren_5_line_01,Dianmanren_5_line_02</un32Script1>
		<n32Script1Rate>90050,90050</n32Script1Rate>
	</info>
	<info un32ID="20008">
		<szNOStr>Yanmo_5sp</szNOStr>
		<eNpcType>1</eNpcType>
		<eNpcChildType>4</eNpcChildType>
		<XuetiaoHeight>5.5</XuetiaoHeight>
		<EmitPos>0,5500,0</EmitPos>
		<HitPos>0,5500,0</HitPos>
		<eRace>4</eRace>
		<eAttendantCate>3</eAttendantCate>
		<eMagicCate>2</eMagicCate>
		<eAttackWay>1</eAttackWay>
		<n32AttackDist>230</n32AttackDist>
		<eAICate>2</eAICate>
		<un32AITarID>0</un32AITarID>
		<n32PursueDist>2000</n32PursueDist>
		<n32GuardDist>1000</n32GuardDist>
		<eAttackMode>0</eAttackMode>
		<n32AttackPower>80</n32AttackPower>
		<n32MagAttackPower>0</n32MagAttackPower>
		<n32DefenseAbility>0</n32DefenseAbility>
		<n32MagDefenseAbility>9999</n32MagDefenseAbility>
		<n32MoveSpeed>540</n32MoveSpeed>
		<n32BaseMoveSpeedScaling>1200</n32BaseMoveSpeedScaling>
		<n32AttackSpeed>1000</n32AttackSpeed>
		<n32MaxHP>1600</n32MaxHP>
		<n32MaxMP>0</n32MaxMP>
		<n32GotExp>106</n32GotExp>
		<n32ConsumeCP>1400</n32ConsumeCP>
		<n32KillCP>150</n32KillCP>
		<bIfCanControl>1</bIfCanControl>
		<eConsumeAtt>8</eConsumeAtt>
		<n32ConsumeValue>85</n32ConsumeValue>
		<n32ConsumePer>0</n32ConsumePer>
		<n32HPRecover>5</n32HPRecover>
		<n32MPRecover>0</n32MPRecover>
		<n32GroupID>0</n32GroupID>
		<n32CollideRadius>30</n32CollideRadius>
		<n32IsLocked>1</n32IsLocked>
		<n32LockRadius>0.7</n32LockRadius>
		<n32RandomAttack>attack</n32RandomAttack>
		<un32DeathSould>Yanmo5_Dead</un32DeathSould>
		<un32FreeSound>0</un32FreeSound>
		<un32SkillType1>1160701</un32SkillType1>
		<un32SkillType2>1500701</un32SkillType2>
		<un32SkillType3>1500701</un32SkillType3>
		<un32SkillType4>1500701</un32SkillType4>
		<un32SkillType5>0</un32SkillType5>
		<un32PassSkillID>0</un32PassSkillID>
		<HeadPhoto>24</HeadPhoto>
		<eCamp>0</eCamp>
		<un32ShopID>0</un32ShopID>
		<un32Script1>Yanmo_5sp_line_01,Yanmo_5sp_line_02</un32Script1>
		<n32Script1Rate>90050,90050</n32Script1Rate>
	</info>
	<info un32ID="20009">
		<szNOStr>Haiqishi_5</szNOStr>
		<eNpcType>1</eNpcType>
		<eNpcChildType>4</eNpcChildType>
		<XuetiaoHeight>4</XuetiaoHeight>
		<EmitPos>0,3300,0</EmitPos>
		<HitPos>0,3300,0</HitPos>
		<eRace>3</eRace>
		<eAttendantCate>3</eAttendantCate>
		<eMagicCate>2</eMagicCate>
		<eAttackWay>1</eAttackWay>
		<n32AttackDist>230</n32AttackDist>
		<eAICate>2</eAICate>
		<un32AITarID>0</un32AITarID>
		<n32PursueDist>2000</n32PursueDist>
		<n32GuardDist>1000</n32GuardDist>
		<eAttackMode>0</eAttackMode>
		<n32AttackPower>140</n32AttackPower>
		<n32MagAttackPower>0</n32MagAttackPower>
		<n32DefenseAbility>0</n32DefenseAbility>
		<n32MagDefenseAbility>0</n32MagDefenseAbility>
		<n32MoveSpeed>570</n32MoveSpeed>
		<n32BaseMoveSpeedScaling>1200</n32BaseMoveSpeedScaling>
		<n32AttackSpeed>1000</n32AttackSpeed>
		<n32MaxHP>1400</n32MaxHP>
		<n32MaxMP>0</n32MaxMP>
		<n32GotExp>113</n32GotExp>
		<n32ConsumeCP>1500</n32ConsumeCP>
		<n32KillCP>160</n32KillCP>
		<bIfCanControl>1</bIfCanControl>
		<eConsumeAtt>10</eConsumeAtt>
		<n32ConsumeValue>0</n32ConsumeValue>
		<n32ConsumePer>450</n32ConsumePer>
		<n32HPRecover>3</n32HPRecover>
		<n32MPRecover>0</n32MPRecover>
		<n32GroupID>0</n32GroupID>
		<n32CollideRadius>30</n32CollideRadius>
		<n32IsLocked>1</n32IsLocked>
		<n32LockRadius>0.9</n32LockRadius>
		<n32RandomAttack>attack</n32RandomAttack>
		<un32DeathSould>Dongfashi5_Dead</un32DeathSould>
		<un32FreeSound>0</un32FreeSound>
		<un32SkillType1>1160801</un32SkillType1>
		<un32SkillType2>1500801</un32SkillType2>
		<un32SkillType3>1500801</un32SkillType3>
		<un32SkillType4>1500801</un32SkillType4>
		<un32SkillType5>0</un32SkillType5>
		<un32PassSkillID>0</un32PassSkillID>
		<HeadPhoto>13</HeadPhoto>
		<eCamp>0</eCamp>
		<un32ShopID>0</un32ShopID>
		<un32Script1>Haiqishi_5_line_01,Haiqishi_5_line_02</un32Script1>
		<n32Script1Rate>90050,90050</n32Script1Rate>
	</info>
	<info un32ID="20010">
		<szNOStr>wlxb_jz_5</szNOStr>
		<eNpcType>2</eNpcType>
		<eNpcChildType>0</eNpcChildType>
		<XuetiaoHeight>3</XuetiaoHeight>
		<EmitPos>0,1300,0</EmitPos>
		<HitPos>0,1300,0</HitPos>
		<eRace>4</eRace>
		<eAttendantCate>1</eAttendantCate>
		<eMagicCate>2</eMagicCate>
		<eAttackWay>1</eAttackWay>
		<n32AttackDist>230</n32AttackDist>
		<eAICate>1</eAICate>
		<un32AITarID>0</un32AITarID>
		<n32PursueDist>600</n32PursueDist>
		<n32GuardDist>1300</n32GuardDist>
		<eAttackMode>1</eAttackMode>
		<n32AttackPower>16</n32AttackPower>
		<n32MagAttackPower>0</n32MagAttackPower>
		<n32DefenseAbility>0</n32DefenseAbility>
		<n32MagDefenseAbility>10</n32MagDefenseAbility>
		<n32MoveSpeed>590</n32MoveSpeed>
		<n32BaseMoveSpeedScaling>1200</n32BaseMoveSpeedScaling>
		<n32AttackSpeed>833</n32AttackSpeed>
		<n32MaxHP>340</n32MaxHP>
		<n32MaxMP>0</n32MaxMP>
		<n32GotExp>45</n32GotExp>
		<n32ConsumeCP>0</n32ConsumeCP>
		<n32KillCP>65</n32KillCP>
		<bIfCanControl>0</bIfCanControl>
		<eConsumeAtt>0</eConsumeAtt>
		<n32ConsumeValue>0</n32ConsumeValue>
		<n32ConsumePer>0</n32ConsumePer>
		<n32HPRecover>0</n32HPRecover>
		<n32MPRecover>0</n32MPRecover>
		<n32GroupID>0</n32GroupID>
		<n32CollideRadius>30</n32CollideRadius>
		<n32IsLocked>1</n32IsLocked>
		<n32LockRadius>1.2</n32LockRadius>
		<n32RandomAttack>attack</n32RandomAttack>
		<un32SkillType1>1150301</un32SkillType1>
		<un32SkillType2>0</un32SkillType2>
		<un32SkillType3>0</un32SkillType3>
		<un32SkillType4>0</un32SkillType4>
		<un32SkillType5>0</un32SkillType5>
		<un32PassSkillID>0</un32PassSkillID>
		<HeadPhoto>25</HeadPhoto>
		<eCamp>1</eCamp>
		<un32ShopID>0</un32ShopID>
	</info>
	<info un32ID="20011">
		<szNOStr>wlxb_yc_5</szNOStr>
		<eNpcType>2</eNpcType>
		<eNpcChildType>0</eNpcChildType>
		<XuetiaoHeight>3</XuetiaoHeight>
		<EmitPos>0,1300,0</EmitPos>
		<HitPos>0,1300,0</HitPos>
		<eRace>4</eRace>
		<eAttendantCate>1</eAttendantCate>
		<eMagicCate>2</eMagicCate>
		<eAttackWay>2</eAttackWay>
		<n32AttackDist>1000</n32AttackDist>
		<eAICate>1</eAICate>
		<un32AITarID>0</un32AITarID>
		<n32PursueDist>700</n32PursueDist>
		<n32GuardDist>1300</n32GuardDist>
		<eAttackMode>1</eAttackMode>
		<n32AttackPower>22</n32AttackPower>
		<n32MagAttackPower>0</n32MagAttackPower>
		<n32DefenseAbility>0</n32DefenseAbility>
		<n32MagDefenseAbility>20</n32MagDefenseAbility>
		<n32MoveSpeed>590</n32MoveSpeed>
		<n32BaseMoveSpeedScaling>1200</n32BaseMoveSpeedScaling>
		<n32AttackSpeed>833</n32AttackSpeed>
		<n32MaxHP>250</n32MaxHP>
		<n32MaxMP>0</n32MaxMP>
		<n32GotExp>65</n32GotExp>
		<n32ConsumeCP>0</n32ConsumeCP>
		<n32KillCP>85</n32KillCP>
		<bIfCanControl>0</bIfCanControl>
		<eConsumeAtt>0</eConsumeAtt>
		<n32ConsumeValue>0</n32ConsumeValue>
		<n32ConsumePer>0</n32ConsumePer>
		<n32HPRecover>0</n32HPRecover>
		<n32MPRecover>0</n32MPRecover>
		<n32GroupID>0</n32GroupID>
		<n32CollideRadius>30</n32CollideRadius>
		<n32IsLocked>1</n32IsLocked>
		<n32LockRadius>1.2</n32LockRadius>
		<n32RandomAttack>attack</n32RandomAttack>
		<un32SkillType1>1150401</un32SkillType1>
		<un32SkillType2>0</un32SkillType2>
		<un32SkillType3>0</un32SkillType3>
		<un32SkillType4>0</un32SkillType4>
		<un32SkillType5>0</un32SkillType5>
		<un32PassSkillID>0</un32PassSkillID>
		<HeadPhoto>26</HeadPhoto>
		<eCamp>1</eCamp>
		<un32ShopID>0</un32ShopID>
	</info>
	<info un32ID="20012">
		<szNOStr>jlxb_jz_5</szNOStr>
		<eNpcType>2</eNpcType>
		<eNpcChildType>0</eNpcChildType>
		<XuetiaoHeight>3</XuetiaoHeight>
		<EmitPos>0,1100,0</EmitPos>
		<HitPos>0,1100,0</HitPos>
		<eRace>5</eRace>
		<eAttendantCate>1</eAttendantCate>
		<eMagicCate>2</eMagicCate>
		<eAttackWay>1</eAttackWay>
		<n32AttackDist>230</n32AttackDist>
		<eAICate>1</eAICate>
		<un32AITarID>0</un32AITarID>
		<n32PursueDist>600</n32PursueDist>
		<n32GuardDist>1300</n32GuardDist>
		<eAttackMode>1</eAttackMode>
		<n32AttackPower>16</n32AttackPower>
		<n32MagAttackPower>0</n32MagAttackPower>
		<n32DefenseAbility>0</n32DefenseAbility>
		<n32MagDefenseAbility>10</n32MagDefenseAbility>
		<n32MoveSpeed>590</n32MoveSpeed>
		<n32BaseMoveSpeedScaling>1200</n32BaseMoveSpeedScaling>
		<n32AttackSpeed>833</n32AttackSpeed>
		<n32MaxHP>340</n32MaxHP>
		<n32MaxMP>0</n32MaxMP>
		<n32GotExp>45</n32GotExp>
		<n32ConsumeCP>0</n32ConsumeCP>
		<n32KillCP>65</n32KillCP>
		<bIfCanControl>0</bIfCanControl>
		<eConsumeAtt>0</eConsumeAtt>
		<n32ConsumeValue>0</n32ConsumeValue>
		<n32ConsumePer>0</n32ConsumePer>
		<n32HPRecover>0</n32HPRecover>
		<n32MPRecover>0</n32MPRecover>
		<n32GroupID>0</n32GroupID>
		<n32CollideRadius>30</n32CollideRadius>
		<n32IsLocked>1</n32IsLocked>
		<n32LockRadius>0.8</n32LockRadius>
		<n32RandomAttack>attack</n32RandomAttack>
		<un32SkillType1>1150101</un32SkillType1>
		<un32SkillType2>0</un32SkillType2>
		<un32SkillType3>0</un32SkillType3>
		<un32SkillType4>0</un32SkillType4>
		<un32SkillType5>0</un32SkillType5>
		<un32PassSkillID>0</un32PassSkillID>
		<HeadPhoto>18</HeadPhoto>
		<eCamp>2</eCamp>
		<un32ShopID>0</un32ShopID>
	</info>
	<info un32ID="20013">
		<szNOStr>jlxb_yc_5</szNOStr>
		<eNpcType>2</eNpcType>
		<eNpcChildType>0</eNpcChildType>
		<XuetiaoHeight>3</XuetiaoHeight>
		<EmitPos>0,1100,0</EmitPos>
		<HitPos>0,1100,0</HitPos>
		<eRace>5</eRace>
		<eAttendantCate>1</eAttendantCate>
		<eMagicCate>2</eMagicCate>
		<eAttackWay>2</eAttackWay>
		<n32AttackDist>1000</n32AttackDist>
		<eAICate>1</eAICate>
		<un32AITarID>0</un32AITarID>
		<n32PursueDist>700</n32PursueDist>
		<n32GuardDist>1300</n32GuardDist>
		<eAttackMode>1</eAttackMode>
		<n32AttackPower>22</n32AttackPower>
		<n32MagAttackPower>0</n32MagAttackPower>
		<n32DefenseAbility>0</n32DefenseAbility>
		<n32MagDefenseAbility>20</n32MagDefenseAbility>
		<n32MoveSpeed>590</n32MoveSpeed>
		<n32BaseMoveSpeedScaling>1200</n32BaseMoveSpeedScaling>
		<n32AttackSpeed>833</n32AttackSpeed>
		<n32MaxHP>250</n32MaxHP>
		<n32MaxMP>0</n32MaxMP>
		<n32GotExp>65</n32GotExp>
		<n32ConsumeCP>0</n32ConsumeCP>
		<n32KillCP>85</n32KillCP>
		<bIfCanControl>0</bIfCanControl>
		<eConsumeAtt>0</eConsumeAtt>
		<n32ConsumeValue>0</n32ConsumeValue>
		<n32ConsumePer>0</n32ConsumePer>
		<n32HPRecover>0</n32HPRecover>
		<n32MPRecover>0</n32MPRecover>
		<n32GroupID>0</n32GroupID>
		<n32CollideRadius>30</n32CollideRadius>
		<n32IsLocked>1</n32IsLocked>
		<n32LockRadius>0.8</n32LockRadius>
		<n32RandomAttack>attack</n32RandomAttack>
		<un32SkillType1>1150201</un32SkillType1>
		<un32SkillType2>0</un32SkillType2>
		<un32SkillType3>0</un32SkillType3>
		<un32SkillType4>0</un32SkillType4>
		<un32SkillType5>0</un32SkillType5>
		<un32PassSkillID>0</un32PassSkillID>
		<HeadPhoto>33</HeadPhoto>
		<eCamp>2</eCamp>
		<un32ShopID>0</un32ShopID>
	</info>
	<info un32ID="20014">
		<szNOStr>jlxb_yc_5</szNOStr>
		<eNpcType>2</eNpcType>
		<eNpcChildType>1</eNpcChildType>
		<XuetiaoHeight>3</XuetiaoHeight>
		<EmitPos>0,0,0</EmitPos>
		<HitPos>0,0,0</HitPos>
		<eRace>5</eRace>
		<eAttendantCate>1</eAttendantCate>
		<eMagicCate>2</eMagicCate>
		<eAttackWay>1</eAttackWay>
		<n32AttackDist>0</n32AttackDist>
		<eAICate>1</eAICate>
		<un32AITarID>0</un32AITarID>
		<n32PursueDist>700</n32PursueDist>
		<n32GuardDist>1000</n32GuardDist>
		<eAttackMode>1</eAttackMode>
		<n32AttackPower>30</n32AttackPower>
		<n32MagAttackPower>0</n32MagAttackPower>
		<n32DefenseAbility>5</n32DefenseAbility>
		<n32MagDefenseAbility>20</n32MagDefenseAbility>
		<n32MoveSpeed>590</n32MoveSpeed>
		<n32BaseMoveSpeedScaling>1200</n32BaseMoveSpeedScaling>
		<n32AttackSpeed>833</n32AttackSpeed>
		<n32MaxHP>260</n32MaxHP>
		<n32MaxMP>0</n32MaxMP>
		<n32GotExp>30</n32GotExp>
		<n32ConsumeCP>0</n32ConsumeCP>
		<n32KillCP>50</n32KillCP>
		<bIfCanControl>0</bIfCanControl>
		<eConsumeAtt>0</eConsumeAtt>
		<n32ConsumeValue>0</n32ConsumeValue>
		<n32ConsumePer>0</n32ConsumePer>
		<n32HPRecover>0</n32HPRecover>
		<n32MPRecover>0</n32MPRecover>
		<n32GroupID>0</n32GroupID>
		<n32CollideRadius>50</n32CollideRadius>
		<n32IsLocked>1</n32IsLocked>
		<n32LockRadius>1</n32LockRadius>
		<n32RandomAttack>attack</n32RandomAttack>
		<un32SkillType1>1101701</un32SkillType1>
		<un32SkillType2>0</un32SkillType2>
		<un32SkillType3>0</un32SkillType3>
		<un32SkillType4>0</un32SkillType4>
		<un32SkillType5>0</un32SkillType5>
		<un32PassSkillID>0</un32PassSkillID>
		<HeadPhoto>18</HeadPhoto>
		<eCamp>2</eCamp>
		<un32ShopID>0</un32ShopID>
	</info>
	<info un32ID="20015">
		<szNOStr>jlxb_yc_5</szNOStr>
		<eNpcType>2</eNpcType>
		<eNpcChildType>2</eNpcChildType>
		<XuetiaoHeight>3</XuetiaoHeight>
		<EmitPos>0,0,0</EmitPos>
		<HitPos>0,0,0</HitPos>
		<eRace>5</eRace>
		<eAttendantCate>1</eAttendantCate>
		<eMagicCate>2</eMagicCate>
		<eAttackWay>2</eAttackWay>
		<n32AttackDist>0</n32AttackDist>
		<eAICate>1</eAICate>
		<un32AITarID>0</un32AITarID>
		<n32PursueDist>700</n32PursueDist>
		<n32GuardDist>1000</n32GuardDist>
		<eAttackMode>1</eAttackMode>
		<n32AttackPower>30</n32AttackPower>
		<n32MagAttackPower>0</n32MagAttackPower>
		<n32DefenseAbility>5</n32DefenseAbility>
		<n32MagDefenseAbility>20</n32MagDefenseAbility>
		<n32MoveSpeed>590</n32MoveSpeed>
		<n32BaseMoveSpeedScaling>1200</n32BaseMoveSpeedScaling>
		<n32AttackSpeed>833</n32AttackSpeed>
		<n32MaxHP>260</n32MaxHP>
		<n32MaxMP>0</n32MaxMP>
		<n32GotExp>30</n32GotExp>
		<n32ConsumeCP>0</n32ConsumeCP>
		<n32KillCP>50</n32KillCP>
		<bIfCanControl>0</bIfCanControl>
		<eConsumeAtt>0</eConsumeAtt>
		<n32ConsumeValue>0</n32ConsumeValue>
		<n32ConsumePer>0</n32ConsumePer>
		<n32HPRecover>0</n32HPRecover>
		<n32MPRecover>0</n32MPRecover>
		<n32GroupID>0</n32GroupID>
		<n32CollideRadius>50</n32CollideRadius>
		<n32IsLocked>1</n32IsLocked>
		<n32LockRadius>1</n32LockRadius>
		<n32RandomAttack>attack</n32RandomAttack>
		<un32SkillType1>1101701</un32SkillType1>
		<un32SkillType2>0</un32SkillType2>
		<un32SkillType3>0</un32SkillType3>
		<un32SkillType4>0</un32SkillType4>
		<un32SkillType5>0</un32SkillType5>
		<un32PassSkillID>0</un32PassSkillID>
		<HeadPhoto>18</HeadPhoto>
		<eCamp>2</eCamp>
		<un32ShopID>0</un32ShopID>
	</info>
	<info un32ID="20016">
		<szNOStr>wlxb_jz_6</szNOStr>
		<eNpcType>2</eNpcType>
		<eNpcChildType>0</eNpcChildType>
		<XuetiaoHeight>3</XuetiaoHeight>
		<EmitPos>0,1400,0</EmitPos>
		<HitPos>0,1400,0</HitPos>
		<eRace>4</eRace>
		<eAttendantCate>1</eAttendantCate>
		<eMagicCate>2</eMagicCate>
		<eAttackWay>1</eAttackWay>
		<n32AttackDist>230</n32AttackDist>
		<eAICate>1</eAICate>
		<un32AITarID>0</un32AITarID>
		<n32PursueDist>600</n32PursueDist>
		<n32GuardDist>1300</n32GuardDist>
		<eAttackMode>1</eAttackMode>
		<n32AttackPower>60</n32AttackPower>
		<n32MagAttackPower>0</n32MagAttackPower>
		<n32DefenseAbility>0</n32DefenseAbility>
		<n32MagDefenseAbility>20</n32MagDefenseAbility>
		<n32MoveSpeed>590</n32MoveSpeed>
		<n32BaseMoveSpeedScaling>1200</n32BaseMoveSpeedScaling>
		<n32AttackSpeed>833</n32AttackSpeed>
		<n32MaxHP>900</n32MaxHP>
		<n32MaxMP>0</n32MaxMP>
		<n32GotExp>45</n32GotExp>
		<n32ConsumeCP>0</n32ConsumeCP>
		<n32KillCP>30</n32KillCP>
		<bIfCanControl>0</bIfCanControl>
		<eConsumeAtt>0</eConsumeAtt>
		<n32ConsumeValue>0</n32ConsumeValue>
		<n32ConsumePer>0</n32ConsumePer>
		<n32HPRecover>0</n32HPRecover>
		<n32MPRecover>0</n32MPRecover>
		<n32GroupID>0</n32GroupID>
		<n32CollideRadius>30</n32CollideRadius>
		<n32IsLocked>1</n32IsLocked>
		<n32LockRadius>1.2</n32LockRadius>
		<n32RandomAttack>attack</n32RandomAttack>
		<un32SkillType1>1150701</un32SkillType1>
		<un32SkillType2>0</un32SkillType2>
		<un32SkillType3>0</un32SkillType3>
		<un32SkillType4>0</un32SkillType4>
		<un32SkillType5>0</un32SkillType5>
		<un32PassSkillID>0</un32PassSkillID>
		<HeadPhoto>25</HeadPhoto>
		<eCamp>1</eCamp>
		<un32ShopID>0</un32ShopID>
	</info>
	<info un32ID="20017">
		<szNOStr>wlxb_yc_6</szNOStr>
		<eNpcType>2</eNpcType>
		<eNpcChildType>0</eNpcChildType>
		<XuetiaoHeight>3</XuetiaoHeight>
		<EmitPos>0,1400,0</EmitPos>
		<HitPos>0,1400,0</HitPos>
		<eRace>4</eRace>
		<eAttendantCate>1</eAttendantCate>
		<eMagicCate>2</eMagicCate>
		<eAttackWay>2</eAttackWay>
		<n32AttackDist>1000</n32AttackDist>
		<eAICate>1</eAICate>
		<un32AITarID>0</un32AITarID>
		<n32PursueDist>700</n32PursueDist>
		<n32GuardDist>1300</n32GuardDist>
		<eAttackMode>1</eAttackMode>
		<n32AttackPower>80</n32AttackPower>
		<n32MagAttackPower>0</n32MagAttackPower>
		<n32DefenseAbility>0</n32DefenseAbility>
		<n32MagDefenseAbility>30</n32MagDefenseAbility>
		<n32MoveSpeed>590</n32MoveSpeed>
		<n32BaseMoveSpeedScaling>1200</n32BaseMoveSpeedScaling>
		<n32AttackSpeed>833</n32AttackSpeed>
		<n32MaxHP>650</n32MaxHP>
		<n32MaxMP>0</n32MaxMP>
		<n32GotExp>65</n32GotExp>
		<n32ConsumeCP>0</n32ConsumeCP>
		<n32KillCP>40</n32KillCP>
		<bIfCanControl>0</bIfCanControl>
		<eConsumeAtt>0</eConsumeAtt>
		<n32ConsumeValue>0</n32ConsumeValue>
		<n32ConsumePer>0</n32ConsumePer>
		<n32HPRecover>0</n32HPRecover>
		<n32MPRecover>0</n32MPRecover>
		<n32GroupID>0</n32GroupID>
		<n32CollideRadius>30</n32CollideRadius>
		<n32IsLocked>1</n32IsLocked>
		<n32LockRadius>1.2</n32LockRadius>
		<n32RandomAttack>attack</n32RandomAttack>
		<un32SkillType1>1150801</un32SkillType1>
		<un32SkillType2>0</un32SkillType2>
		<un32SkillType3>0</un32SkillType3>
		<un32SkillType4>0</un32SkillType4>
		<un32SkillType5>0</un32SkillType5>
		<un32PassSkillID>0</un32PassSkillID>
		<HeadPhoto>26</HeadPhoto>
		<eCamp>1</eCamp>
		<un32ShopID>0</un32ShopID>
	</info>
	<info un32ID="20018">
		<szNOStr>jlxb_jz_6</szNOStr>
		<eNpcType>2</eNpcType>
		<eNpcChildType>0</eNpcChildType>
		<XuetiaoHeight>3</XuetiaoHeight>
		<EmitPos>0,1200,0</EmitPos>
		<HitPos>0,1200,0</HitPos>
		<eRace>5</eRace>
		<eAttendantCate>1</eAttendantCate>
		<eMagicCate>2</eMagicCate>
		<eAttackWay>1</eAttackWay>
		<n32AttackDist>230</n32AttackDist>
		<eAICate>1</eAICate>
		<un32AITarID>0</un32AITarID>
		<n32PursueDist>600</n32PursueDist>
		<n32GuardDist>1300</n32GuardDist>
		<eAttackMode>1</eAttackMode>
		<n32AttackPower>60</n32AttackPower>
		<n32MagAttackPower>0</n32MagAttackPower>
		<n32DefenseAbility>0</n32DefenseAbility>
		<n32MagDefenseAbility>20</n32MagDefenseAbility>
		<n32MoveSpeed>590</n32MoveSpeed>
		<n32BaseMoveSpeedScaling>1200</n32BaseMoveSpeedScaling>
		<n32AttackSpeed>833</n32AttackSpeed>
		<n32MaxHP>900</n32MaxHP>
		<n32MaxMP>0</n32MaxMP>
		<n32GotExp>45</n32GotExp>
		<n32ConsumeCP>0</n32ConsumeCP>
		<n32KillCP>30</n32KillCP>
		<bIfCanControl>0</bIfCanControl>
		<eConsumeAtt>0</eConsumeAtt>
		<n32ConsumeValue>0</n32ConsumeValue>
		<n32ConsumePer>0</n32ConsumePer>
		<n32HPRecover>0</n32HPRecover>
		<n32MPRecover>0</n32MPRecover>
		<n32GroupID>0</n32GroupID>
		<n32CollideRadius>30</n32CollideRadius>
		<n32IsLocked>1</n32IsLocked>
		<n32LockRadius>0.8</n32LockRadius>
		<n32RandomAttack>attack</n32RandomAttack>
		<un32SkillType1>1150901</un32SkillType1>
		<un32SkillType2>0</un32SkillType2>
		<un32SkillType3>0</un32SkillType3>
		<un32SkillType4>0</un32SkillType4>
		<un32SkillType5>0</un32SkillType5>
		<un32PassSkillID>0</un32PassSkillID>
		<HeadPhoto>18</HeadPhoto>
		<eCamp>2</eCamp>
		<un32ShopID>0</un32ShopID>
	</info>
	<info un32ID="20019">
		<szNOStr>jlxb_yc_6</szNOStr>
		<eNpcType>2</eNpcType>
		<eNpcChildType>0</eNpcChildType>
		<XuetiaoHeight>3</XuetiaoHeight>
		<EmitPos>0,1200,0</EmitPos>
		<HitPos>0,1200,0</HitPos>
		<eRace>5</eRace>
		<eAttendantCate>1</eAttendantCate>
		<eMagicCate>2</eMagicCate>
		<eAttackWay>2</eAttackWay>
		<n32AttackDist>1000</n32AttackDist>
		<eAICate>1</eAICate>
		<un32AITarID>0</un32AITarID>
		<n32PursueDist>700</n32PursueDist>
		<n32GuardDist>1300</n32GuardDist>
		<eAttackMode>1</eAttackMode>
		<n32AttackPower>80</n32AttackPower>
		<n32MagAttackPower>0</n32MagAttackPower>
		<n32DefenseAbility>0</n32DefenseAbility>
		<n32MagDefenseAbility>30</n32MagDefenseAbility>
		<n32MoveSpeed>590</n32MoveSpeed>
		<n32BaseMoveSpeedScaling>1200</n32BaseMoveSpeedScaling>
		<n32AttackSpeed>833</n32AttackSpeed>
		<n32MaxHP>650</n32MaxHP>
		<n32MaxMP>0</n32MaxMP>
		<n32GotExp>65</n32GotExp>
		<n32ConsumeCP>0</n32ConsumeCP>
		<n32KillCP>40</n32KillCP>
		<bIfCanControl>0</bIfCanControl>
		<eConsumeAtt>0</eConsumeAtt>
		<n32ConsumeValue>0</n32ConsumeValue>
		<n32ConsumePer>0</n32ConsumePer>
		<n32HPRecover>0</n32HPRecover>
		<n32MPRecover>0</n32MPRecover>
		<n32GroupID>0</n32GroupID>
		<n32CollideRadius>30</n32CollideRadius>
		<n32IsLocked>1</n32IsLocked>
		<n32LockRadius>0.8</n32LockRadius>
		<n32RandomAttack>attack</n32RandomAttack>
		<un32SkillType1>1151001</un32SkillType1>
		<un32SkillType2>0</un32SkillType2>
		<un32SkillType3>0</un32SkillType3>
		<un32SkillType4>0</un32SkillType4>
		<un32SkillType5>0</un32SkillType5>
		<un32PassSkillID>0</un32PassSkillID>
		<HeadPhoto>33</HeadPhoto>
		<eCamp>2</eCamp>
		<un32ShopID>0</un32ShopID>
	</info>
	<info un32ID="20020">
		<szNOStr>Linghunzhanche_a5</szNOStr>
		<eNpcType>2</eNpcType>
		<eNpcChildType>0</eNpcChildType>
		<XuetiaoHeight>3</XuetiaoHeight>
		<EmitPos>0,1200,0</EmitPos>
		<HitPos>0,1200,0</HitPos>
		<eRace>4</eRace>
		<eAttendantCate>1</eAttendantCate>
		<eMagicCate>2</eMagicCate>
		<eAttackWay>2</eAttackWay>
		<n32AttackDist>1100</n32AttackDist>
		<eAICate>1</eAICate>
		<un32AITarID>0</un32AITarID>
		<n32PursueDist>700</n32PursueDist>
		<n32GuardDist>1300</n32GuardDist>
		<eAttackMode>1</eAttackMode>
		<n32AttackPower>105</n32AttackPower>
		<n32MagAttackPower>0</n32MagAttackPower>
		<n32DefenseAbility>0</n32DefenseAbility>
		<n32MagDefenseAbility>9999</n32MagDefenseAbility>
		<n32MoveSpeed>570</n32MoveSpeed>
		<n32BaseMoveSpeedScaling>1000</n32BaseMoveSpeedScaling>
		<n32AttackSpeed>2143</n32AttackSpeed>
		<n32MaxHP>500</n32MaxHP>
		<n32MaxMP>0</n32MaxMP>
		<n32GotExp>90</n32GotExp>
		<n32ConsumeCP>0</n32ConsumeCP>
		<n32KillCP>105</n32KillCP>
		<bIfCanControl>0</bIfCanControl>
		<eConsumeAtt>0</eConsumeAtt>
		<n32ConsumeValue>0</n32ConsumeValue>
		<n32ConsumePer>0</n32ConsumePer>
		<n32HPRecover>0</n32HPRecover>
		<n32MPRecover>0</n32MPRecover>
		<n32GroupID>0</n32GroupID>
		<n32CollideRadius>30</n32CollideRadius>
		<n32IsLocked>1</n32IsLocked>
		<n32LockRadius>1.2</n32LockRadius>
		<n32RandomAttack>attack</n32RandomAttack>
		<un32SkillType1>1151201</un32SkillType1>
		<un32SkillType2>0</un32SkillType2>
		<un32SkillType3>0</un32SkillType3>
		<un32SkillType4>0</un32SkillType4>
		<un32SkillType5>0</un32SkillType5>
		<un32PassSkillID>0</un32PassSkillID>
		<HeadPhoto>9</HeadPhoto>
		<eCamp>1</eCamp>
		<un32ShopID>0</un32ShopID>
	</info>
	<info un32ID="20021">
		<szNOStr>Linghunzhanche_5</szNOStr>
		<eNpcType>2</eNpcType>
		<eNpcChildType>0</eNpcChildType>
		<XuetiaoHeight>3</XuetiaoHeight>
		<EmitPos>0,1200,0</EmitPos>
		<HitPos>0,1200,0</HitPos>
		<eRace>5</eRace>
		<eAttendantCate>1</eAttendantCate>
		<eMagicCate>2</eMagicCate>
		<eAttackWay>2</eAttackWay>
		<n32AttackDist>1100</n32AttackDist>
		<eAICate>1</eAICate>
		<un32AITarID>0</un32AITarID>
		<n32PursueDist>700</n32PursueDist>
		<n32GuardDist>1300</n32GuardDist>
		<eAttackMode>1</eAttackMode>
		<n32AttackPower>105</n32AttackPower>
		<n32MagAttackPower>0</n32MagAttackPower>
		<n32DefenseAbility>0</n32DefenseAbility>
		<n32MagDefenseAbility>9999</n32MagDefenseAbility>
		<n32MoveSpeed>570</n32MoveSpeed>
		<n32BaseMoveSpeedScaling>1000</n32BaseMoveSpeedScaling>
		<n32AttackSpeed>2143</n32AttackSpeed>
		<n32MaxHP>500</n32MaxHP>
		<n32MaxMP>0</n32MaxMP>
		<n32GotExp>90</n32GotExp>
		<n32ConsumeCP>0</n32ConsumeCP>
		<n32KillCP>105</n32KillCP>
		<bIfCanControl>0</bIfCanControl>
		<eConsumeAtt>0</eConsumeAtt>
		<n32ConsumeValue>0</n32ConsumeValue>
		<n32ConsumePer>0</n32ConsumePer>
		<n32HPRecover>0</n32HPRecover>
		<n32MPRecover>0</n32MPRecover>
		<n32GroupID>0</n32GroupID>
		<n32CollideRadius>30</n32CollideRadius>
		<n32IsLocked>1</n32IsLocked>
		<n32LockRadius>1.2</n32LockRadius>
		<n32RandomAttack>attack</n32RandomAttack>
		<un32SkillType1>1151101</un32SkillType1>
		<un32SkillType2>0</un32SkillType2>
		<un32SkillType3>0</un32SkillType3>
		<un32SkillType4>0</un32SkillType4>
		<un32SkillType5>0</un32SkillType5>
		<un32PassSkillID>0</un32PassSkillID>
		<HeadPhoto>10</HeadPhoto>
		<eCamp>2</eCamp>
		<un32ShopID>0</un32ShopID>
	</info>
	<info un32ID="21001">
		<szNOStr>shop_1</szNOStr>
		<eNpcType>3</eNpcType>
		<eNpcChildType>12</eNpcChildType>
		<XuetiaoHeight>5</XuetiaoHeight>
		<EmitPos>0,2000,0</EmitPos>
		<HitPos>0,2000,0</HitPos>
		<eRace>0</eRace>
		<eAttendantCate>0</eAttendantCate>
		<eMagicCate>0</eMagicCate>
		<eAttackWay>0</eAttackWay>
		<n32AttackDist>0</n32AttackDist>
		<eAICate>0</eAICate>
		<un32AITarID>0</un32AITarID>
		<n32PursueDist>0</n32PursueDist>
		<n32GuardDist>0</n32GuardDist>
		<eAttackMode>0</eAttackMode>
		<n32AttackPower>0</n32AttackPower>
		<n32MagAttackPower>0</n32MagAttackPower>
		<n32DefenseAbility>0</n32DefenseAbility>
		<n32MagDefenseAbility>0</n32MagDefenseAbility>
		<n32MoveSpeed>0</n32MoveSpeed>
		<n32BaseMoveSpeedScaling>1000</n32BaseMoveSpeedScaling>
		<n32AttackSpeed>1000</n32AttackSpeed>
		<n32MaxHP>0</n32MaxHP>
		<n32MaxMP>0</n32MaxMP>
		<n32GotExp>0</n32GotExp>
		<n32ConsumeCP>0</n32ConsumeCP>
		<n32KillCP>0</n32KillCP>
		<bIfCanControl>0</bIfCanControl>
		<eConsumeAtt>0</eConsumeAtt>
		<n32ConsumeValue>0</n32ConsumeValue>
		<n32ConsumePer>0</n32ConsumePer>
		<n32HPRecover>0</n32HPRecover>
		<n32MPRecover>0</n32MPRecover>
		<n32GroupID>0</n32GroupID>
		<n32CollideRadius>3</n32CollideRadius>
		<n32IsLocked>0</n32IsLocked>
		<n32LockRadius>1.5</n32LockRadius>
		<n32RandomAttack>attack</n32RandomAttack>
		<un32WalkSound>0</un32WalkSound>
		<un32FreeSound>0</un32FreeSound>
		<un32SkillType1>0</un32SkillType1>
		<un32SkillType2>0</un32SkillType2>
		<un32SkillType3>0</un32SkillType3>
		<un32SkillType4>0</un32SkillType4>
		<un32SkillType5>0</un32SkillType5>
		<un32PassSkillID>0</un32PassSkillID>
		<HeadPhoto>10</HeadPhoto>
		<eCamp>0</eCamp>
		<un32ShopID>1002</un32ShopID>
	</info>
	<info un32ID="21002">
		<szNOStr>shop_2</szNOStr>
		<eNpcType>3</eNpcType>
		<eNpcChildType>12</eNpcChildType>
		<XuetiaoHeight>5</XuetiaoHeight>
		<EmitPos>0,2000,0</EmitPos>
		<HitPos>0,2000,0</HitPos>
		<eRace>0</eRace>
		<eAttendantCate>0</eAttendantCate>
		<eMagicCate>0</eMagicCate>
		<eAttackWay>0</eAttackWay>
		<n32AttackDist>0</n32AttackDist>
		<eAICate>0</eAICate>
		<un32AITarID>0</un32AITarID>
		<n32PursueDist>0</n32PursueDist>
		<n32GuardDist>0</n32GuardDist>
		<eAttackMode>0</eAttackMode>
		<n32AttackPower>0</n32AttackPower>
		<n32MagAttackPower>0</n32MagAttackPower>
		<n32DefenseAbility>0</n32DefenseAbility>
		<n32MagDefenseAbility>0</n32MagDefenseAbility>
		<n32MoveSpeed>0</n32MoveSpeed>
		<n32BaseMoveSpeedScaling>1000</n32BaseMoveSpeedScaling>
		<n32AttackSpeed>1000</n32AttackSpeed>
		<n32MaxHP>0</n32MaxHP>
		<n32MaxMP>0</n32MaxMP>
		<n32GotExp>0</n32GotExp>
		<n32ConsumeCP>0</n32ConsumeCP>
		<n32KillCP>0</n32KillCP>
		<bIfCanControl>0</bIfCanControl>
		<eConsumeAtt>0</eConsumeAtt>
		<n32ConsumeValue>0</n32ConsumeValue>
		<n32ConsumePer>0</n32ConsumePer>
		<n32HPRecover>0</n32HPRecover>
		<n32MPRecover>0</n32MPRecover>
		<n32GroupID>0</n32GroupID>
		<n32CollideRadius>50</n32CollideRadius>
		<n32IsLocked>0</n32IsLocked>
		<n32LockRadius>1.5</n32LockRadius>
		<n32RandomAttack>attack</n32RandomAttack>
		<un32WalkSound>0</un32WalkSound>
		<un32FreeSound>0</un32FreeSound>
		<un32SkillType1>0</un32SkillType1>
		<un32SkillType2>0</un32SkillType2>
		<un32SkillType3>0</un32SkillType3>
		<un32SkillType4>0</un32SkillType4>
		<un32SkillType5>0</un32SkillType5>
		<un32PassSkillID>0</un32PassSkillID>
		<HeadPhoto>11</HeadPhoto>
		<eCamp>0</eCamp>
		<un32ShopID>1001</un32ShopID>
	</info>
	<info un32ID="21003">
		<szNOStr>shop_3</szNOStr>
		<eNpcType>3</eNpcType>
		<eNpcChildType>12</eNpcChildType>
		<XuetiaoHeight>5</XuetiaoHeight>
		<EmitPos>0,2000,0</EmitPos>
		<HitPos>0,2000,0</HitPos>
		<eRace>0</eRace>
		<eAttendantCate>0</eAttendantCate>
		<eMagicCate>0</eMagicCate>
		<eAttackWay>0</eAttackWay>
		<n32AttackDist>0</n32AttackDist>
		<eAICate>0</eAICate>
		<un32AITarID>0</un32AITarID>
		<n32PursueDist>0</n32PursueDist>
		<n32GuardDist>0</n32GuardDist>
		<eAttackMode>0</eAttackMode>
		<n32AttackPower>0</n32AttackPower>
		<n32MagAttackPower>0</n32MagAttackPower>
		<n32DefenseAbility>0</n32DefenseAbility>
		<n32MagDefenseAbility>0</n32MagDefenseAbility>
		<n32MoveSpeed>0</n32MoveSpeed>
		<n32BaseMoveSpeedScaling>1000</n32BaseMoveSpeedScaling>
		<n32AttackSpeed>1000</n32AttackSpeed>
		<n32MaxHP>0</n32MaxHP>
		<n32MaxMP>0</n32MaxMP>
		<n32GotExp>0</n32GotExp>
		<n32ConsumeCP>0</n32ConsumeCP>
		<n32KillCP>0</n32KillCP>
		<bIfCanControl>0</bIfCanControl>
		<eConsumeAtt>0</eConsumeAtt>
		<n32ConsumeValue>0</n32ConsumeValue>
		<n32ConsumePer>0</n32ConsumePer>
		<n32HPRecover>0</n32HPRecover>
		<n32MPRecover>0</n32MPRecover>
		<n32GroupID>0</n32GroupID>
		<n32CollideRadius>50</n32CollideRadius>
		<n32IsLocked>0</n32IsLocked>
		<n32LockRadius>1.5</n32LockRadius>
		<n32RandomAttack>attack</n32RandomAttack>
		<un32WalkSound>0</un32WalkSound>
		<un32FreeSound>0</un32FreeSound>
		<un32SkillType1>0</un32SkillType1>
		<un32SkillType2>0</un32SkillType2>
		<un32SkillType3>0</un32SkillType3>
		<un32SkillType4>0</un32SkillType4>
		<un32SkillType5>0</un32SkillType5>
		<un32PassSkillID>0</un32PassSkillID>
		<HeadPhoto>12</HeadPhoto>
		<eCamp>0</eCamp>
		<un32ShopID>1003</un32ShopID>
	</info>
	<info un32ID="21004">
		<szNOStr>Jianta_A</szNOStr>
		<eNpcType>3</eNpcType>
		<eNpcChildType>13</eNpcChildType>
		<XuetiaoHeight>9</XuetiaoHeight>
		<EmitPos>0,6600,0</EmitPos>
		<HitPos>0,3100,0</HitPos>
		<eRace>0</eRace>
		<eAttendantCate>0</eAttendantCate>
		<eMagicCate>0</eMagicCate>
		<eAttackWay>0</eAttackWay>
		<n32AttackDist>1450</n32AttackDist>
		<eAICate>2</eAICate>
		<un32AITarID>0</un32AITarID>
		<n32PursueDist>0</n32PursueDist>
		<n32GuardDist>1450</n32GuardDist>
		<eAttackMode>1</eAttackMode>
		<n32AttackPower>160</n32AttackPower>
		<n32MagAttackPower>0</n32MagAttackPower>
		<n32DefenseAbility>120</n32DefenseAbility>
		<n32MagDefenseAbility>180</n32MagDefenseAbility>
		<n32MoveSpeed>0</n32MoveSpeed>
		<n32BaseMoveSpeedScaling>1000</n32BaseMoveSpeedScaling>
		<n32AttackSpeed>1000</n32AttackSpeed>
		<n32MaxHP>2000</n32MaxHP>
		<n32MaxMP>0</n32MaxMP>
		<n32GotExp>0</n32GotExp>
		<n32ConsumeCP>0</n32ConsumeCP>
		<n32KillCP>400</n32KillCP>
		<bIfCanControl>0</bIfCanControl>
		<eConsumeAtt>0</eConsumeAtt>
		<n32ConsumeValue>0</n32ConsumeValue>
		<n32ConsumePer>0</n32ConsumePer>
		<n32HPRecover>0</n32HPRecover>
		<n32MPRecover>0</n32MPRecover>
		<n32GroupID>0</n32GroupID>
		<n32CollideRadius>150</n32CollideRadius>
		<n32IsLocked>1</n32IsLocked>
		<n32LockRadius>2</n32LockRadius>
		<n32RandomAttack>attack</n32RandomAttack>
		<un32WalkSound>0</un32WalkSound>
		<un32DeathSould>Jianta_dead</un32DeathSould>
		<un32FreeSound>0</un32FreeSound>
		<un32SkillType1>1150501</un32SkillType1>
		<un32SkillType2>0</un32SkillType2>
		<un32SkillType3>0</un32SkillType3>
		<un32SkillType4>0</un32SkillType4>
		<un32SkillType5>0</un32SkillType5>
		<un32PassSkillID>0</un32PassSkillID>
		<HeadPhoto>3</HeadPhoto>
		<eCamp>1</eCamp>
		<un32ShopID>0</un32ShopID>
		<BuildsDeathEffID>jiantadeath_A</BuildsDeathEffID>
	</info>
	<info un32ID="21005">
		<szNOStr>Jianta_B</szNOStr>
		<eNpcType>3</eNpcType>
		<eNpcChildType>13</eNpcChildType>
		<XuetiaoHeight>9</XuetiaoHeight>
		<EmitPos>0,7000,0</EmitPos>
		<HitPos>0,3000,0</HitPos>
		<eRace>0</eRace>
		<eAttendantCate>0</eAttendantCate>
		<eMagicCate>0</eMagicCate>
		<eAttackWay>0</eAttackWay>
		<n32AttackDist>1450</n32AttackDist>
		<eAICate>2</eAICate>
		<un32AITarID>0</un32AITarID>
		<n32PursueDist>0</n32PursueDist>
		<n32GuardDist>1450</n32GuardDist>
		<eAttackMode>1</eAttackMode>
		<n32AttackPower>160</n32AttackPower>
		<n32MagAttackPower>0</n32MagAttackPower>
		<n32DefenseAbility>120</n32DefenseAbility>
		<n32MagDefenseAbility>180</n32MagDefenseAbility>
		<n32MoveSpeed>0</n32MoveSpeed>
		<n32BaseMoveSpeedScaling>1000</n32BaseMoveSpeedScaling>
		<n32AttackSpeed>1000</n32AttackSpeed>
		<n32MaxHP>2000</n32MaxHP>
		<n32MaxMP>0</n32MaxMP>
		<n32GotExp>0</n32GotExp>
		<n32ConsumeCP>0</n32ConsumeCP>
		<n32KillCP>400</n32KillCP>
		<bIfCanControl>0</bIfCanControl>
		<eConsumeAtt>0</eConsumeAtt>
		<n32ConsumeValue>0</n32ConsumeValue>
		<n32ConsumePer>0</n32ConsumePer>
		<n32HPRecover>0</n32HPRecover>
		<n32MPRecover>0</n32MPRecover>
		<n32GroupID>0</n32GroupID>
		<n32CollideRadius>150</n32CollideRadius>
		<n32IsLocked>1</n32IsLocked>
		<n32LockRadius>2</n32LockRadius>
		<n32RandomAttack>attack</n32RandomAttack>
		<un32WalkSound>0</un32WalkSound>
		<un32DeathSould>Jianta_dead</un32DeathSould>
		<un32FreeSound>0</un32FreeSound>
		<un32SkillType1>1150601</un32SkillType1>
		<un32SkillType2>0</un32SkillType2>
		<un32SkillType3>0</un32SkillType3>
		<un32SkillType4>0</un32SkillType4>
		<un32SkillType5>0</un32SkillType5>
		<un32PassSkillID>0</un32PassSkillID>
		<HeadPhoto>4</HeadPhoto>
		<eCamp>2</eCamp>
		<un32ShopID>0</un32ShopID>
		<BuildsDeathEffID>jiantadeath_B</BuildsDeathEffID>
	</info>
	<info un32ID="21006">
		<szNOStr>Base_A</szNOStr>
		<eNpcType>3</eNpcType>
		<eNpcChildType>11</eNpcChildType>
		<XuetiaoHeight>7</XuetiaoHeight>
		<EmitPos>0,3200,0</EmitPos>
		<HitPos>0,1300,0</HitPos>
		<eRace>0</eRace>
		<eAttendantCate>0</eAttendantCate>
		<eMagicCate>0</eMagicCate>
		<eAttackWay>0</eAttackWay>
		<n32AttackDist>1450</n32AttackDist>
		<eAICate>2</eAICate>
		<un32AITarID>0</un32AITarID>
		<n32PursueDist>0</n32PursueDist>
		<n32GuardDist>1450</n32GuardDist>
		<eAttackMode>1</eAttackMode>
		<n32AttackPower>320</n32AttackPower>
		<n32MagAttackPower>0</n32MagAttackPower>
		<n32DefenseAbility>140</n32DefenseAbility>
		<n32MagDefenseAbility>180</n32MagDefenseAbility>
		<n32MoveSpeed>0</n32MoveSpeed>
		<n32BaseMoveSpeedScaling>1000</n32BaseMoveSpeedScaling>
		<n32AttackSpeed>1000</n32AttackSpeed>
		<n32MaxHP>4000</n32MaxHP>
		<n32MaxMP>0</n32MaxMP>
		<n32GotExp>0</n32GotExp>
		<n32ConsumeCP>0</n32ConsumeCP>
		<n32KillCP>0</n32KillCP>
		<bIfCanControl>0</bIfCanControl>
		<eConsumeAtt>0</eConsumeAtt>
		<n32ConsumeValue>0</n32ConsumeValue>
		<n32ConsumePer>0</n32ConsumePer>
		<n32HPRecover>0</n32HPRecover>
		<n32MPRecover>0</n32MPRecover>
		<n32GroupID>0</n32GroupID>
		<n32CollideRadius>400</n32CollideRadius>
		<n32IsLocked>1</n32IsLocked>
		<n32LockRadius>3.5</n32LockRadius>
		<n32RandomAttack>attack</n32RandomAttack>
		<un32WalkSound>0</un32WalkSound>
		<un32DeathSould>Jianta_dead</un32DeathSould>
		<un32FreeSound>0</un32FreeSound>
		<un32SkillType1>1150501</un32SkillType1>
		<un32SkillType2>0</un32SkillType2>
		<un32SkillType3>0</un32SkillType3>
		<un32SkillType4>0</un32SkillType4>
		<un32SkillType5>0</un32SkillType5>
		<un32PassSkillID>0</un32PassSkillID>
		<HeadPhoto>5</HeadPhoto>
		<eCamp>1</eCamp>
		<un32ShopID>0</un32ShopID>
		<BuildsDeathEffID>jidideath_A</BuildsDeathEffID>
	</info>
	<info un32ID="21007">
		<szNOStr>Base_B</szNOStr>
		<eNpcType>3</eNpcType>
		<eNpcChildType>11</eNpcChildType>
		<XuetiaoHeight>7</XuetiaoHeight>
		<EmitPos>0,3500,0</EmitPos>
		<HitPos>0,1200,0</HitPos>
		<eRace>0</eRace>
		<eAttendantCate>0</eAttendantCate>
		<eMagicCate>0</eMagicCate>
		<eAttackWay>0</eAttackWay>
		<n32AttackDist>1450</n32AttackDist>
		<eAICate>2</eAICate>
		<un32AITarID>0</un32AITarID>
		<n32PursueDist>0</n32PursueDist>
		<n32GuardDist>1450</n32GuardDist>
		<eAttackMode>1</eAttackMode>
		<n32AttackPower>320</n32AttackPower>
		<n32MagAttackPower>0</n32MagAttackPower>
		<n32DefenseAbility>140</n32DefenseAbility>
		<n32MagDefenseAbility>180</n32MagDefenseAbility>
		<n32MoveSpeed>0</n32MoveSpeed>
		<n32BaseMoveSpeedScaling>1000</n32BaseMoveSpeedScaling>
		<n32AttackSpeed>1000</n32AttackSpeed>
		<n32MaxHP>4000</n32MaxHP>
		<n32MaxMP>0</n32MaxMP>
		<n32GotExp>0</n32GotExp>
		<n32ConsumeCP>0</n32ConsumeCP>
		<n32KillCP>0</n32KillCP>
		<bIfCanControl>0</bIfCanControl>
		<eConsumeAtt>0</eConsumeAtt>
		<n32ConsumeValue>0</n32ConsumeValue>
		<n32ConsumePer>0</n32ConsumePer>
		<n32HPRecover>0</n32HPRecover>
		<n32MPRecover>0</n32MPRecover>
		<n32GroupID>0</n32GroupID>
		<n32CollideRadius>400</n32CollideRadius>
		<n32IsLocked>1</n32IsLocked>
		<n32LockRadius>3.5</n32LockRadius>
		<n32RandomAttack>attack</n32RandomAttack>
		<un32WalkSound>0</un32WalkSound>
		<un32DeathSould>Jianta_dead</un32DeathSould>
		<un32FreeSound>0</un32FreeSound>
		<un32SkillType1>1150601</un32SkillType1>
		<un32SkillType2>0</un32SkillType2>
		<un32SkillType3>0</un32SkillType3>
		<un32SkillType4>0</un32SkillType4>
		<un32SkillType5>0</un32SkillType5>
		<un32PassSkillID>0</un32PassSkillID>
		<HeadPhoto>6</HeadPhoto>
		<eCamp>2</eCamp>
		<un32ShopID>0</un32ShopID>
		<BuildsDeathEffID>jidideath_B</BuildsDeathEffID>
	</info>
	<info un32ID="21008">
		<szNOStr>Altar_A</szNOStr>
		<eNpcType>3</eNpcType>
		<eNpcChildType>10</eNpcChildType>
		<XuetiaoHeight>7</XuetiaoHeight>
		<EmitPos>0,7800,0</EmitPos>
		<HitPos>0,3000,0</HitPos>
		<eRace>0</eRace>
		<eAttendantCate>0</eAttendantCate>
		<eMagicCate>0</eMagicCate>
		<eAttackWay>0</eAttackWay>
		<n32AttackDist>1450</n32AttackDist>
		<eAICate>2</eAICate>
		<un32AITarID>0</un32AITarID>
		<n32PursueDist>0</n32PursueDist>
		<n32GuardDist>1450</n32GuardDist>
		<eAttackMode>1</eAttackMode>
		<n32AttackPower>230</n32AttackPower>
		<n32MagAttackPower>0</n32MagAttackPower>
		<n32DefenseAbility>140</n32DefenseAbility>
		<n32MagDefenseAbility>180</n32MagDefenseAbility>
		<n32MoveSpeed>0</n32MoveSpeed>
		<n32BaseMoveSpeedScaling>1000</n32BaseMoveSpeedScaling>
		<n32AttackSpeed>1000</n32AttackSpeed>
		<n32MaxHP>2000</n32MaxHP>
		<n32MaxMP>0</n32MaxMP>
		<n32GotExp>0</n32GotExp>
		<n32ConsumeCP>0</n32ConsumeCP>
		<n32KillCP>600</n32KillCP>
		<bIfCanControl>0</bIfCanControl>
		<eConsumeAtt>0</eConsumeAtt>
		<n32ConsumeValue>0</n32ConsumeValue>
		<n32ConsumePer>0</n32ConsumePer>
		<n32HPRecover>0</n32HPRecover>
		<n32MPRecover>0</n32MPRecover>
		<n32GroupID>0</n32GroupID>
		<n32CollideRadius>100</n32CollideRadius>
		<n32IsLocked>1</n32IsLocked>
		<n32LockRadius>3.5</n32LockRadius>
		<n32RandomAttack>attack</n32RandomAttack>
		<un32WalkSound>0</un32WalkSound>
		<un32DeathSould>Jianta_dead</un32DeathSould>
		<un32FreeSound>0</un32FreeSound>
		<un32SkillType1>1150501</un32SkillType1>
		<un32SkillType2>0</un32SkillType2>
		<un32SkillType3>0</un32SkillType3>
		<un32SkillType4>0</un32SkillType4>
		<un32SkillType5>0</un32SkillType5>
		<un32PassSkillID>0</un32PassSkillID>
		<HeadPhoto>2</HeadPhoto>
		<eCamp>1</eCamp>
		<un32ShopID>0</un32ShopID>
		<BuildsDeathEffID>jiantadeath_A</BuildsDeathEffID>
	</info>
	<info un32ID="21009">
		<szNOStr>Altar_B</szNOStr>
		<eNpcType>3</eNpcType>
		<eNpcChildType>10</eNpcChildType>
		<XuetiaoHeight>7</XuetiaoHeight>
		<EmitPos>0,7800,0</EmitPos>
		<HitPos>0,3000,0</HitPos>
		<eRace>0</eRace>
		<eAttendantCate>0</eAttendantCate>
		<eMagicCate>0</eMagicCate>
		<eAttackWay>0</eAttackWay>
		<n32AttackDist>1450</n32AttackDist>
		<eAICate>2</eAICate>
		<un32AITarID>0</un32AITarID>
		<n32PursueDist>0</n32PursueDist>
		<n32GuardDist>1450</n32GuardDist>
		<eAttackMode>1</eAttackMode>
		<n32AttackPower>230</n32AttackPower>
		<n32MagAttackPower>0</n32MagAttackPower>
		<n32DefenseAbility>140</n32DefenseAbility>
		<n32MagDefenseAbility>180</n32MagDefenseAbility>
		<n32MoveSpeed>0</n32MoveSpeed>
		<n32BaseMoveSpeedScaling>1000</n32BaseMoveSpeedScaling>
		<n32AttackSpeed>1000</n32AttackSpeed>
		<n32MaxHP>2000</n32MaxHP>
		<n32MaxMP>0</n32MaxMP>
		<n32GotExp>0</n32GotExp>
		<n32ConsumeCP>0</n32ConsumeCP>
		<n32KillCP>600</n32KillCP>
		<bIfCanControl>0</bIfCanControl>
		<eConsumeAtt>0</eConsumeAtt>
		<n32ConsumeValue>0</n32ConsumeValue>
		<n32ConsumePer>0</n32ConsumePer>
		<n32HPRecover>0</n32HPRecover>
		<n32MPRecover>0</n32MPRecover>
		<n32GroupID>0</n32GroupID>
		<n32CollideRadius>100</n32CollideRadius>
		<n32IsLocked>1</n32IsLocked>
		<n32LockRadius>3.5</n32LockRadius>
		<n32RandomAttack>attack</n32RandomAttack>
		<un32WalkSound>0</un32WalkSound>
		<un32DeathSould>Jianta_dead</un32DeathSould>
		<un32FreeSound>0</un32FreeSound>
		<un32SkillType1>1150601</un32SkillType1>
		<un32SkillType2>0</un32SkillType2>
		<un32SkillType3>0</un32SkillType3>
		<un32SkillType4>0</un32SkillType4>
		<un32SkillType5>0</un32SkillType5>
		<un32PassSkillID>0</un32PassSkillID>
		<HeadPhoto>1</HeadPhoto>
		<eCamp>2</eCamp>
		<un32ShopID>0</un32ShopID>
		<BuildsDeathEffID>jiantadeath_B</BuildsDeathEffID>
	</info>
	<info un32ID="21010">
		<szNOStr>Jianta_innerA</szNOStr>
		<eNpcType>3</eNpcType>
		<eNpcChildType>0</eNpcChildType>
		<XuetiaoHeight>7</XuetiaoHeight>
		<EmitPos>0,3300,0</EmitPos>
		<HitPos>0,1500,0</HitPos>
		<eRace>0</eRace>
		<eAttendantCate>0</eAttendantCate>
		<eMagicCate>0</eMagicCate>
		<eAttackWay>0</eAttackWay>
		<n32AttackDist>1450</n32AttackDist>
		<eAICate>2</eAICate>
		<un32AITarID>0</un32AITarID>
		<n32PursueDist>0</n32PursueDist>
		<n32GuardDist>1450</n32GuardDist>
		<eAttackMode>1</eAttackMode>
		<n32AttackPower>80</n32AttackPower>
		<n32MagAttackPower>0</n32MagAttackPower>
		<n32DefenseAbility>100</n32DefenseAbility>
		<n32MagDefenseAbility>180</n32MagDefenseAbility>
		<n32MoveSpeed>0</n32MoveSpeed>
		<n32BaseMoveSpeedScaling>1000</n32BaseMoveSpeedScaling>
		<n32AttackSpeed>1000</n32AttackSpeed>
		<n32MaxHP>1800</n32MaxHP>
		<n32MaxMP>0</n32MaxMP>
		<n32GotExp>0</n32GotExp>
		<n32ConsumeCP>0</n32ConsumeCP>
		<n32KillCP>600</n32KillCP>
		<bIfCanControl>0</bIfCanControl>
		<eConsumeAtt>0</eConsumeAtt>
		<n32ConsumeValue>0</n32ConsumeValue>
		<n32ConsumePer>0</n32ConsumePer>
		<n32HPRecover>0</n32HPRecover>
		<n32MPRecover>0</n32MPRecover>
		<n32GroupID>0</n32GroupID>
		<n32CollideRadius>250</n32CollideRadius>
		<n32IsLocked>1</n32IsLocked>
		<n32LockRadius>1</n32LockRadius>
		<n32RandomAttack>attack</n32RandomAttack>
		<un32WalkSound>0</un32WalkSound>
		<un32DeathSould>Jianta_dead</un32DeathSould>
		<un32FreeSound>0</un32FreeSound>
		<un32SkillType1>1150501</un32SkillType1>
		<un32SkillType2>0</un32SkillType2>
		<un32SkillType3>0</un32SkillType3>
		<un32SkillType4>0</un32SkillType4>
		<un32SkillType5>0</un32SkillType5>
		<un32PassSkillID>0</un32PassSkillID>
		<HeadPhoto>3</HeadPhoto>
		<eCamp>1</eCamp>
		<un32ShopID>0</un32ShopID>
		<BuildsDeathEffID>jiantadeath_A</BuildsDeathEffID>
	</info>
	<info un32ID="21011">
		<szNOStr>Jianta_innerB</szNOStr>
		<eNpcType>3</eNpcType>
		<eNpcChildType>0</eNpcChildType>
		<XuetiaoHeight>7</XuetiaoHeight>
		<EmitPos>0,3500,0</EmitPos>
		<HitPos>0,1500,0</HitPos>
		<eRace>0</eRace>
		<eAttendantCate>0</eAttendantCate>
		<eMagicCate>0</eMagicCate>
		<eAttackWay>0</eAttackWay>
		<n32AttackDist>1450</n32AttackDist>
		<eAICate>2</eAICate>
		<un32AITarID>0</un32AITarID>
		<n32PursueDist>0</n32PursueDist>
		<n32GuardDist>1450</n32GuardDist>
		<eAttackMode>1</eAttackMode>
		<n32AttackPower>80</n32AttackPower>
		<n32MagAttackPower>0</n32MagAttackPower>
		<n32DefenseAbility>100</n32DefenseAbility>
		<n32MagDefenseAbility>180</n32MagDefenseAbility>
		<n32MoveSpeed>0</n32MoveSpeed>
		<n32BaseMoveSpeedScaling>1000</n32BaseMoveSpeedScaling>
		<n32AttackSpeed>1000</n32AttackSpeed>
		<n32MaxHP>1800</n32MaxHP>
		<n32MaxMP>0</n32MaxMP>
		<n32GotExp>0</n32GotExp>
		<n32ConsumeCP>0</n32ConsumeCP>
		<n32KillCP>600</n32KillCP>
		<bIfCanControl>0</bIfCanControl>
		<eConsumeAtt>0</eConsumeAtt>
		<n32ConsumeValue>0</n32ConsumeValue>
		<n32ConsumePer>0</n32ConsumePer>
		<n32HPRecover>0</n32HPRecover>
		<n32MPRecover>0</n32MPRecover>
		<n32GroupID>0</n32GroupID>
		<n32CollideRadius>250</n32CollideRadius>
		<n32IsLocked>1</n32IsLocked>
		<n32LockRadius>1</n32LockRadius>
		<n32RandomAttack>attack</n32RandomAttack>
		<un32WalkSound>0</un32WalkSound>
		<un32DeathSould>Jianta_dead</un32DeathSould>
		<un32FreeSound>0</un32FreeSound>
		<un32SkillType1>1150601</un32SkillType1>
		<un32SkillType2>0</un32SkillType2>
		<un32SkillType3>0</un32SkillType3>
		<un32SkillType4>0</un32SkillType4>
		<un32SkillType5>0</un32SkillType5>
		<un32PassSkillID>0</un32PassSkillID>
		<HeadPhoto>4</HeadPhoto>
		<eCamp>2</eCamp>
		<un32ShopID>0</un32ShopID>
		<BuildsDeathEffID>jiantadeath_B</BuildsDeathEffID>
	</info>
	<info un32ID="21012">
		<szNOStr>Portal_A</szNOStr>
		<eNpcType>3</eNpcType>
		<eNpcChildType>0</eNpcChildType>
		<XuetiaoHeight>7</XuetiaoHeight>
		<EmitPos>0,0,0</EmitPos>
		<HitPos>0,0,0</HitPos>
		<eRace>0</eRace>
		<eAttendantCate>0</eAttendantCate>
		<eMagicCate>0</eMagicCate>
		<eAttackWay>0</eAttackWay>
		<n32AttackDist>0</n32AttackDist>
		<eAICate>0</eAICate>
		<un32AITarID>0</un32AITarID>
		<n32PursueDist>0</n32PursueDist>
		<n32GuardDist>0</n32GuardDist>
		<eAttackMode>0</eAttackMode>
		<n32AttackPower>0</n32AttackPower>
		<n32MagAttackPower>0</n32MagAttackPower>
		<n32DefenseAbility>0</n32DefenseAbility>
		<n32MagDefenseAbility>0</n32MagDefenseAbility>
		<n32MoveSpeed>0</n32MoveSpeed>
		<n32BaseMoveSpeedScaling>1000</n32BaseMoveSpeedScaling>
		<n32AttackSpeed>1000</n32AttackSpeed>
		<n32MaxHP>0</n32MaxHP>
		<n32MaxMP>0</n32MaxMP>
		<n32GotExp>0</n32GotExp>
		<n32ConsumeCP>0</n32ConsumeCP>
		<n32KillCP>0</n32KillCP>
		<bIfCanControl>0</bIfCanControl>
		<eConsumeAtt>0</eConsumeAtt>
		<n32ConsumeValue>0</n32ConsumeValue>
		<n32ConsumePer>0</n32ConsumePer>
		<n32HPRecover>0</n32HPRecover>
		<n32MPRecover>0</n32MPRecover>
		<n32GroupID>0</n32GroupID>
		<n32CollideRadius>250</n32CollideRadius>
		<n32IsLocked>1</n32IsLocked>
		<n32LockRadius>1.5</n32LockRadius>
		<n32RandomAttack>attack</n32RandomAttack>
		<un32WalkSound>0</un32WalkSound>
		<un32FreeSound>0</un32FreeSound>
		<un32SkillType1>0</un32SkillType1>
		<un32SkillType2>0</un32SkillType2>
		<un32SkillType3>0</un32SkillType3>
		<un32SkillType4>0</un32SkillType4>
		<un32SkillType5>0</un32SkillType5>
		<un32PassSkillID>0</un32PassSkillID>
		<HeadPhoto>21</HeadPhoto>
		<eCamp>1</eCamp>
		<un32ShopID>0</un32ShopID>
		<BuildsDeathEffID>jiantadeath_A</BuildsDeathEffID>
	</info>
	<info un32ID="21013">
		<szNOStr>Portal_B</szNOStr>
		<eNpcType>3</eNpcType>
		<eNpcChildType>0</eNpcChildType>
		<XuetiaoHeight>7</XuetiaoHeight>
		<EmitPos>0,0,0</EmitPos>
		<HitPos>0,0,0</HitPos>
		<eRace>0</eRace>
		<eAttendantCate>0</eAttendantCate>
		<eMagicCate>0</eMagicCate>
		<eAttackWay>0</eAttackWay>
		<n32AttackDist>0</n32AttackDist>
		<eAICate>0</eAICate>
		<un32AITarID>0</un32AITarID>
		<n32PursueDist>0</n32PursueDist>
		<n32GuardDist>0</n32GuardDist>
		<eAttackMode>0</eAttackMode>
		<n32AttackPower>0</n32AttackPower>
		<n32MagAttackPower>0</n32MagAttackPower>
		<n32DefenseAbility>0</n32DefenseAbility>
		<n32MagDefenseAbility>0</n32MagDefenseAbility>
		<n32MoveSpeed>0</n32MoveSpeed>
		<n32BaseMoveSpeedScaling>1000</n32BaseMoveSpeedScaling>
		<n32AttackSpeed>1000</n32AttackSpeed>
		<n32MaxHP>0</n32MaxHP>
		<n32MaxMP>0</n32MaxMP>
		<n32GotExp>0</n32GotExp>
		<n32ConsumeCP>0</n32ConsumeCP>
		<n32KillCP>0</n32KillCP>
		<bIfCanControl>0</bIfCanControl>
		<eConsumeAtt>0</eConsumeAtt>
		<n32ConsumeValue>0</n32ConsumeValue>
		<n32ConsumePer>0</n32ConsumePer>
		<n32HPRecover>0</n32HPRecover>
		<n32MPRecover>0</n32MPRecover>
		<n32GroupID>0</n32GroupID>
		<n32CollideRadius>250</n32CollideRadius>
		<n32IsLocked>1</n32IsLocked>
		<n32LockRadius>1.5</n32LockRadius>
		<n32RandomAttack>attack</n32RandomAttack>
		<un32WalkSound>0</un32WalkSound>
		<un32FreeSound>0</un32FreeSound>
		<un32SkillType1>0</un32SkillType1>
		<un32SkillType2>0</un32SkillType2>
		<un32SkillType3>0</un32SkillType3>
		<un32SkillType4>0</un32SkillType4>
		<un32SkillType5>0</un32SkillType5>
		<un32PassSkillID>0</un32PassSkillID>
		<HeadPhoto>22</HeadPhoto>
		<eCamp>2</eCamp>
		<un32ShopID>0</un32ShopID>
		<BuildsDeathEffID>jiantadeath_B</BuildsDeathEffID>
	</info>
	<info un32ID="21014">
		<szNOStr>Quashuita_A</szNOStr>
		<eNpcType>3</eNpcType>
		<eNpcChildType>0</eNpcChildType>
		<XuetiaoHeight>7</XuetiaoHeight>
		<EmitPos>0,1000,0</EmitPos>
		<HitPos>0,1000,0</HitPos>
		<eRace>0</eRace>
		<eAttendantCate>0</eAttendantCate>
		<eMagicCate>0</eMagicCate>
		<eAttackWay>0</eAttackWay>
		<n32AttackDist>1450</n32AttackDist>
		<eAICate>0</eAICate>
		<un32AITarID>0</un32AITarID>
		<n32PursueDist>0</n32PursueDist>
		<n32GuardDist>1450</n32GuardDist>
		<eAttackMode>1</eAttackMode>
		<n32AttackPower>300</n32AttackPower>
		<n32MagAttackPower>0</n32MagAttackPower>
		<n32DefenseAbility>0</n32DefenseAbility>
		<n32MagDefenseAbility>180</n32MagDefenseAbility>
		<n32MoveSpeed>0</n32MoveSpeed>
		<n32BaseMoveSpeedScaling>1000</n32BaseMoveSpeedScaling>
		<n32AttackSpeed>200</n32AttackSpeed>
		<n32MaxHP>20000</n32MaxHP>
		<n32MaxMP>0</n32MaxMP>
		<n32GotExp>0</n32GotExp>
		<n32ConsumeCP>0</n32ConsumeCP>
		<n32KillCP>0</n32KillCP>
		<bIfCanControl>0</bIfCanControl>
		<eConsumeAtt>0</eConsumeAtt>
		<n32ConsumeValue>0</n32ConsumeValue>
		<n32ConsumePer>0</n32ConsumePer>
		<n32HPRecover>0</n32HPRecover>
		<n32MPRecover>0</n32MPRecover>
		<n32GroupID>0</n32GroupID>
		<n32CollideRadius>0</n32CollideRadius>
		<n32IsLocked>0</n32IsLocked>
		<n32LockRadius>1.5</n32LockRadius>
		<n32RandomAttack>attack</n32RandomAttack>
		<un32WalkSound>0</un32WalkSound>
		<un32DeathSould>Jianta_dead</un32DeathSould>
		<un32FreeSound>0</un32FreeSound>
		<un32SkillType1>1150501</un32SkillType1>
		<un32SkillType2>0</un32SkillType2>
		<un32SkillType3>0</un32SkillType3>
		<un32SkillType4>0</un32SkillType4>
		<un32SkillType5>0</un32SkillType5>
		<un32PassSkillID>0</un32PassSkillID>
		<HeadPhoto>13</HeadPhoto>
		<eCamp>0</eCamp>
		<un32ShopID>0</un32ShopID>
	</info>
	<info un32ID="21015">
		<szNOStr>Quanshuita_B</szNOStr>
		<eNpcType>3</eNpcType>
		<eNpcChildType>0</eNpcChildType>
		<XuetiaoHeight>7</XuetiaoHeight>
		<EmitPos>0,1000,0</EmitPos>
		<HitPos>0,1000,0</HitPos>
		<eRace>0</eRace>
		<eAttendantCate>0</eAttendantCate>
		<eMagicCate>0</eMagicCate>
		<eAttackWay>0</eAttackWay>
		<n32AttackDist>1450</n32AttackDist>
		<eAICate>0</eAICate>
		<un32AITarID>0</un32AITarID>
		<n32PursueDist>0</n32PursueDist>
		<n32GuardDist>1450</n32GuardDist>
		<eAttackMode>1</eAttackMode>
		<n32AttackPower>300</n32AttackPower>
		<n32MagAttackPower>0</n32MagAttackPower>
		<n32DefenseAbility>0</n32DefenseAbility>
		<n32MagDefenseAbility>180</n32MagDefenseAbility>
		<n32MoveSpeed>0</n32MoveSpeed>
		<n32BaseMoveSpeedScaling>1000</n32BaseMoveSpeedScaling>
		<n32AttackSpeed>200</n32AttackSpeed>
		<n32MaxHP>20000</n32MaxHP>
		<n32MaxMP>0</n32MaxMP>
		<n32GotExp>0</n32GotExp>
		<n32ConsumeCP>0</n32ConsumeCP>
		<n32KillCP>0</n32KillCP>
		<bIfCanControl>0</bIfCanControl>
		<eConsumeAtt>0</eConsumeAtt>
		<n32ConsumeValue>0</n32ConsumeValue>
		<n32ConsumePer>0</n32ConsumePer>
		<n32HPRecover>0</n32HPRecover>
		<n32MPRecover>0</n32MPRecover>
		<n32GroupID>0</n32GroupID>
		<n32CollideRadius>0</n32CollideRadius>
		<n32IsLocked>0</n32IsLocked>
		<n32LockRadius>1.5</n32LockRadius>
		<n32RandomAttack>attack</n32RandomAttack>
		<un32WalkSound>0</un32WalkSound>
		<un32DeathSould>Jianta_dead</un32DeathSould>
		<un32FreeSound>0</un32FreeSound>
		<un32SkillType1>1150601</un32SkillType1>
		<un32SkillType2>0</un32SkillType2>
		<un32SkillType3>0</un32SkillType3>
		<un32SkillType4>0</un32SkillType4>
		<un32SkillType5>0</un32SkillType5>
		<un32PassSkillID>0</un32PassSkillID>
		<HeadPhoto>14</HeadPhoto>
		<eCamp>0</eCamp>
		<un32ShopID>0</un32ShopID>
	</info>
	<info un32ID="21016">
		<szNOStr>Paotai</szNOStr>
		<eNpcType>3</eNpcType>
		<eNpcChildType>20</eNpcChildType>
		<XuetiaoHeight>5</XuetiaoHeight>
		<EmitPos>0,3200,0</EmitPos>
		<HitPos>0,2300,0</HitPos>
		<eRace>0</eRace>
		<eAttendantCate>0</eAttendantCate>
		<eMagicCate>0</eMagicCate>
		<eAttackWay>0</eAttackWay>
		<n32AttackDist>1400</n32AttackDist>
		<eAICate>2</eAICate>
		<un32AITarID>0</un32AITarID>
		<n32PursueDist>0</n32PursueDist>
		<n32GuardDist>1400</n32GuardDist>
		<eAttackMode>1</eAttackMode>
		<n32AttackPower>45</n32AttackPower>
		<n32MagAttackPower>0</n32MagAttackPower>
		<n32DefenseAbility>0</n32DefenseAbility>
		<n32MagDefenseAbility>0</n32MagDefenseAbility>
		<n32MoveSpeed>0</n32MoveSpeed>
		<n32BaseMoveSpeedScaling>1000</n32BaseMoveSpeedScaling>
		<n32AttackSpeed>1000</n32AttackSpeed>
		<n32MaxHP>650</n32MaxHP>
		<n32MaxMP>0</n32MaxMP>
		<n32GotExp>0</n32GotExp>
		<n32ConsumeCP>0</n32ConsumeCP>
		<n32KillCP>20</n32KillCP>
		<bIfCanControl>0</bIfCanControl>
		<eConsumeAtt>0</eConsumeAtt>
		<n32ConsumeValue>0</n32ConsumeValue>
		<n32ConsumePer>0</n32ConsumePer>
		<n32HPRecover>0</n32HPRecover>
		<n32MPRecover>0</n32MPRecover>
		<n32GroupID>0</n32GroupID>
		<n32CollideRadius>30</n32CollideRadius>
		<n32IsLocked>1</n32IsLocked>
		<n32LockRadius>1.5</n32LockRadius>
		<n32RandomAttack>attack</n32RandomAttack>
		<un32WalkSound>0</un32WalkSound>
		<un32FreeSound>0</un32FreeSound>
		<un32SkillType1>1161001</un32SkillType1>
		<un32SkillType2>0</un32SkillType2>
		<un32SkillType3>0</un32SkillType3>
		<un32SkillType4>0</un32SkillType4>
		<un32SkillType5>0</un32SkillType5>
		<un32PassSkillID>0</un32PassSkillID>
		<HeadPhoto>3</HeadPhoto>
		<eCamp>0</eCamp>
		<un32ShopID>0</un32ShopID>
	</info>
	<info un32ID="21017">
		<szNOStr>Jinglingnv_5</szNOStr>
		<eNpcType>2</eNpcType>
		<eNpcChildType>0</eNpcChildType>
		<XuetiaoHeight>5</XuetiaoHeight>
		<EmitPos>0,1200,0</EmitPos>
		<HitPos>0,1000,0</HitPos>
		<eRace>5</eRace>
		<eAttendantCate>0</eAttendantCate>
		<eMagicCate>1</eMagicCate>
		<eAttackWay>0</eAttackWay>
		<n32AttackDist>400</n32AttackDist>
		<eAICate>1</eAICate>
		<un32AITarID>0</un32AITarID>
		<n32PursueDist>0</n32PursueDist>
		<n32GuardDist>1200</n32GuardDist>
		<eAttackMode>1</eAttackMode>
		<n32AttackPower>10</n32AttackPower>
		<n32MagAttackPower>0</n32MagAttackPower>
		<n32DefenseAbility>20</n32DefenseAbility>
		<n32MagDefenseAbility>20</n32MagDefenseAbility>
		<n32MoveSpeed>640</n32MoveSpeed>
		<n32BaseMoveSpeedScaling>1000</n32BaseMoveSpeedScaling>
		<n32AttackSpeed>1000</n32AttackSpeed>
		<n32MaxHP>70</n32MaxHP>
		<n32MaxMP>0</n32MaxMP>
		<n32GotExp>0</n32GotExp>
		<n32ConsumeCP>1000</n32ConsumeCP>
		<n32KillCP>0</n32KillCP>
		<bIfCanControl>0</bIfCanControl>
		<eConsumeAtt>0</eConsumeAtt>
		<n32ConsumeValue>0</n32ConsumeValue>
		<n32ConsumePer>0</n32ConsumePer>
		<n32HPRecover>0</n32HPRecover>
		<n32MPRecover>0</n32MPRecover>
		<n32GroupID>0</n32GroupID>
		<n32CollideRadius>1</n32CollideRadius>
		<n32IsLocked>1</n32IsLocked>
		<n32LockRadius>0.7</n32LockRadius>
		<n32RandomAttack>attack</n32RandomAttack>
		<un32WalkSound>0</un32WalkSound>
		<un32DeathSould>Jinglingnv5_Dead</un32DeathSould>
		<un32FreeSound>0</un32FreeSound>
		<un32SkillType1>1100601</un32SkillType1>
		<un32SkillType2>1201201</un32SkillType2>
		<un32SkillType3>1301101</un32SkillType3>
		<un32SkillType4>1301201</un32SkillType4>
		<un32SkillType5>0</un32SkillType5>
		<un32PassSkillID>0</un32PassSkillID>
		<HeadPhoto>17</HeadPhoto>
		<eCamp>0</eCamp>
		<un32ShopID>0</un32ShopID>
	</info>
	<info un32ID="21018">
		<szNOStr>Jianta_A</szNOStr>
		<eNpcType>3</eNpcType>
		<eNpcChildType>13</eNpcChildType>
		<XuetiaoHeight>7</XuetiaoHeight>
		<EmitPos>0,6600,0</EmitPos>
		<HitPos>0,3100,0</HitPos>
		<eRace>0</eRace>
		<eAttendantCate>0</eAttendantCate>
		<eMagicCate>0</eMagicCate>
		<eAttackWay>0</eAttackWay>
		<n32AttackDist>1450</n32AttackDist>
		<eAICate>2</eAICate>
		<un32AITarID>0</un32AITarID>
		<n32PursueDist>0</n32PursueDist>
		<n32GuardDist>1600</n32GuardDist>
		<eAttackMode>1</eAttackMode>
		<n32AttackPower>1</n32AttackPower>
		<n32MagAttackPower>0</n32MagAttackPower>
		<n32DefenseAbility>30</n32DefenseAbility>
		<n32MagDefenseAbility>90</n32MagDefenseAbility>
		<n32MoveSpeed>0</n32MoveSpeed>
		<n32BaseMoveSpeedScaling>1000</n32BaseMoveSpeedScaling>
		<n32AttackSpeed>1000</n32AttackSpeed>
		<n32MaxHP>2700</n32MaxHP>
		<n32MaxMP>0</n32MaxMP>
		<n32GotExp>0</n32GotExp>
		<n32ConsumeCP>0</n32ConsumeCP>
		<n32KillCP>600</n32KillCP>
		<bIfCanControl>0</bIfCanControl>
		<eConsumeAtt>0</eConsumeAtt>
		<n32ConsumeValue>0</n32ConsumeValue>
		<n32ConsumePer>0</n32ConsumePer>
		<n32HPRecover>0</n32HPRecover>
		<n32MPRecover>0</n32MPRecover>
		<n32GroupID>0</n32GroupID>
		<n32CollideRadius>200</n32CollideRadius>
		<n32IsLocked>1</n32IsLocked>
		<n32LockRadius>2</n32LockRadius>
		<n32RandomAttack>attack</n32RandomAttack>
		<un32WalkSound>0</un32WalkSound>
		<un32DeathSould>Jianta_dead</un32DeathSould>
		<un32FreeSound>0</un32FreeSound>
		<un32SkillType1>1150501</un32SkillType1>
		<un32SkillType2>0</un32SkillType2>
		<un32SkillType3>0</un32SkillType3>
		<un32SkillType4>0</un32SkillType4>
		<un32SkillType5>0</un32SkillType5>
		<un32PassSkillID>0</un32PassSkillID>
		<HeadPhoto>3</HeadPhoto>
		<eCamp>1</eCamp>
		<un32ShopID>0</un32ShopID>
		<BuildsDeathEffID>jiantadeath_A</BuildsDeathEffID>
	</info>
	<info un32ID="21019">
		<szNOStr>Jianta_B</szNOStr>
		<eNpcType>3</eNpcType>
		<eNpcChildType>13</eNpcChildType>
		<XuetiaoHeight>7</XuetiaoHeight>
		<EmitPos>0,7000,0</EmitPos>
		<HitPos>0,3000,0</HitPos>
		<eRace>0</eRace>
		<eAttendantCate>0</eAttendantCate>
		<eMagicCate>0</eMagicCate>
		<eAttackWay>0</eAttackWay>
		<n32AttackDist>1450</n32AttackDist>
		<eAICate>2</eAICate>
		<un32AITarID>0</un32AITarID>
		<n32PursueDist>0</n32PursueDist>
		<n32GuardDist>1600</n32GuardDist>
		<eAttackMode>1</eAttackMode>
		<n32AttackPower>90</n32AttackPower>
		<n32MagAttackPower>0</n32MagAttackPower>
		<n32DefenseAbility>30</n32DefenseAbility>
		<n32MagDefenseAbility>90</n32MagDefenseAbility>
		<n32MoveSpeed>0</n32MoveSpeed>
		<n32BaseMoveSpeedScaling>1000</n32BaseMoveSpeedScaling>
		<n32AttackSpeed>1000</n32AttackSpeed>
		<n32MaxHP>700</n32MaxHP>
		<n32MaxMP>0</n32MaxMP>
		<n32GotExp>0</n32GotExp>
		<n32ConsumeCP>0</n32ConsumeCP>
		<n32KillCP>600</n32KillCP>
		<bIfCanControl>0</bIfCanControl>
		<eConsumeAtt>0</eConsumeAtt>
		<n32ConsumeValue>0</n32ConsumeValue>
		<n32ConsumePer>0</n32ConsumePer>
		<n32HPRecover>0</n32HPRecover>
		<n32MPRecover>0</n32MPRecover>
		<n32GroupID>0</n32GroupID>
		<n32CollideRadius>200</n32CollideRadius>
		<n32IsLocked>1</n32IsLocked>
		<n32LockRadius>2</n32LockRadius>
		<n32RandomAttack>attack</n32RandomAttack>
		<un32WalkSound>0</un32WalkSound>
		<un32DeathSould>Jianta_dead</un32DeathSould>
		<un32FreeSound>0</un32FreeSound>
		<un32SkillType1>1150601</un32SkillType1>
		<un32SkillType2>0</un32SkillType2>
		<un32SkillType3>0</un32SkillType3>
		<un32SkillType4>0</un32SkillType4>
		<un32SkillType5>0</un32SkillType5>
		<un32PassSkillID>0</un32PassSkillID>
		<HeadPhoto>4</HeadPhoto>
		<eCamp>2</eCamp>
		<un32ShopID>0</un32ShopID>
		<BuildsDeathEffID>jiantadeath_B</BuildsDeathEffID>
	</info>
	<info un32ID="21020">
		<szNOStr>Base_A</szNOStr>
		<eNpcType>3</eNpcType>
		<eNpcChildType>11</eNpcChildType>
		<XuetiaoHeight>7</XuetiaoHeight>
		<EmitPos>0,3200,0</EmitPos>
		<HitPos>0,1300,0</HitPos>
		<eRace>0</eRace>
		<eAttendantCate>0</eAttendantCate>
		<eMagicCate>0</eMagicCate>
		<eAttackWay>0</eAttackWay>
		<n32AttackDist>1450</n32AttackDist>
		<eAICate>2</eAICate>
		<un32AITarID>0</un32AITarID>
		<n32PursueDist>0</n32PursueDist>
		<n32GuardDist>1600</n32GuardDist>
		<eAttackMode>1</eAttackMode>
		<n32AttackPower>1</n32AttackPower>
		<n32MagAttackPower>0</n32MagAttackPower>
		<n32DefenseAbility>50</n32DefenseAbility>
		<n32MagDefenseAbility>90</n32MagDefenseAbility>
		<n32MoveSpeed>0</n32MoveSpeed>
		<n32BaseMoveSpeedScaling>1000</n32BaseMoveSpeedScaling>
		<n32AttackSpeed>1000</n32AttackSpeed>
		<n32MaxHP>4500</n32MaxHP>
		<n32MaxMP>0</n32MaxMP>
		<n32GotExp>0</n32GotExp>
		<n32ConsumeCP>0</n32ConsumeCP>
		<n32KillCP>0</n32KillCP>
		<bIfCanControl>0</bIfCanControl>
		<eConsumeAtt>0</eConsumeAtt>
		<n32ConsumeValue>0</n32ConsumeValue>
		<n32ConsumePer>0</n32ConsumePer>
		<n32HPRecover>0</n32HPRecover>
		<n32MPRecover>0</n32MPRecover>
		<n32GroupID>0</n32GroupID>
		<n32CollideRadius>350</n32CollideRadius>
		<n32IsLocked>1</n32IsLocked>
		<n32LockRadius>2.4</n32LockRadius>
		<n32RandomAttack>attack</n32RandomAttack>
		<un32WalkSound>0</un32WalkSound>
		<un32DeathSould>Jianta_dead</un32DeathSould>
		<un32FreeSound>0</un32FreeSound>
		<un32SkillType1>1150501</un32SkillType1>
		<un32SkillType2>0</un32SkillType2>
		<un32SkillType3>0</un32SkillType3>
		<un32SkillType4>0</un32SkillType4>
		<un32SkillType5>0</un32SkillType5>
		<un32PassSkillID>0</un32PassSkillID>
		<HeadPhoto>5</HeadPhoto>
		<eCamp>1</eCamp>
		<un32ShopID>0</un32ShopID>
		<BuildsDeathEffID>jidideath_A</BuildsDeathEffID>
	</info>
	<info un32ID="21021">
		<szNOStr>Base_B</szNOStr>
		<eNpcType>3</eNpcType>
		<eNpcChildType>11</eNpcChildType>
		<XuetiaoHeight>7</XuetiaoHeight>
		<EmitPos>0,3500,0</EmitPos>
		<HitPos>0,1200,0</HitPos>
		<eRace>0</eRace>
		<eAttendantCate>0</eAttendantCate>
		<eMagicCate>0</eMagicCate>
		<eAttackWay>0</eAttackWay>
		<n32AttackDist>1450</n32AttackDist>
		<eAICate>2</eAICate>
		<un32AITarID>0</un32AITarID>
		<n32PursueDist>0</n32PursueDist>
		<n32GuardDist>1600</n32GuardDist>
		<eAttackMode>1</eAttackMode>
		<n32AttackPower>150</n32AttackPower>
		<n32MagAttackPower>0</n32MagAttackPower>
		<n32DefenseAbility>50</n32DefenseAbility>
		<n32MagDefenseAbility>90</n32MagDefenseAbility>
		<n32MoveSpeed>0</n32MoveSpeed>
		<n32BaseMoveSpeedScaling>1000</n32BaseMoveSpeedScaling>
		<n32AttackSpeed>1000</n32AttackSpeed>
		<n32MaxHP>2500</n32MaxHP>
		<n32MaxMP>0</n32MaxMP>
		<n32GotExp>0</n32GotExp>
		<n32ConsumeCP>0</n32ConsumeCP>
		<n32KillCP>0</n32KillCP>
		<bIfCanControl>0</bIfCanControl>
		<eConsumeAtt>0</eConsumeAtt>
		<n32ConsumeValue>0</n32ConsumeValue>
		<n32ConsumePer>0</n32ConsumePer>
		<n32HPRecover>0</n32HPRecover>
		<n32MPRecover>0</n32MPRecover>
		<n32GroupID>0</n32GroupID>
		<n32CollideRadius>350</n32CollideRadius>
		<n32IsLocked>1</n32IsLocked>
		<n32LockRadius>3.8</n32LockRadius>
		<n32RandomAttack>attack</n32RandomAttack>
		<un32WalkSound>0</un32WalkSound>
		<un32DeathSould>Jianta_dead</un32DeathSould>
		<un32FreeSound>0</un32FreeSound>
		<un32SkillType1>1150601</un32SkillType1>
		<un32SkillType2>0</un32SkillType2>
		<un32SkillType3>0</un32SkillType3>
		<un32SkillType4>0</un32SkillType4>
		<un32SkillType5>0</un32SkillType5>
		<un32PassSkillID>0</un32PassSkillID>
		<HeadPhoto>6</HeadPhoto>
		<eCamp>2</eCamp>
		<un32ShopID>0</un32ShopID>
		<BuildsDeathEffID>jidideath_B</BuildsDeathEffID>
	</info>
	<info un32ID="21022">
		<szNOStr>Altar_A</szNOStr>
		<eNpcType>3</eNpcType>
		<eNpcChildType>10</eNpcChildType>
		<XuetiaoHeight>7</XuetiaoHeight>
		<EmitPos>0,7800,0</EmitPos>
		<HitPos>0,3000,0</HitPos>
		<eRace>0</eRace>
		<eAttendantCate>0</eAttendantCate>
		<eMagicCate>0</eMagicCate>
		<eAttackWay>0</eAttackWay>
		<n32AttackDist>1450</n32AttackDist>
		<eAICate>2</eAICate>
		<un32AITarID>0</un32AITarID>
		<n32PursueDist>0</n32PursueDist>
		<n32GuardDist>1600</n32GuardDist>
		<eAttackMode>1</eAttackMode>
		<n32AttackPower>1</n32AttackPower>
		<n32MagAttackPower>0</n32MagAttackPower>
		<n32DefenseAbility>20</n32DefenseAbility>
		<n32MagDefenseAbility>90</n32MagDefenseAbility>
		<n32MoveSpeed>0</n32MoveSpeed>
		<n32BaseMoveSpeedScaling>1000</n32BaseMoveSpeedScaling>
		<n32AttackSpeed>1000</n32AttackSpeed>
		<n32MaxHP>2700</n32MaxHP>
		<n32MaxMP>0</n32MaxMP>
		<n32GotExp>0</n32GotExp>
		<n32ConsumeCP>0</n32ConsumeCP>
		<n32KillCP>700</n32KillCP>
		<bIfCanControl>0</bIfCanControl>
		<eConsumeAtt>0</eConsumeAtt>
		<n32ConsumeValue>0</n32ConsumeValue>
		<n32ConsumePer>0</n32ConsumePer>
		<n32HPRecover>0</n32HPRecover>
		<n32MPRecover>0</n32MPRecover>
		<n32GroupID>0</n32GroupID>
		<n32CollideRadius>50</n32CollideRadius>
		<n32IsLocked>1</n32IsLocked>
		<n32LockRadius>2.8</n32LockRadius>
		<n32RandomAttack>attack</n32RandomAttack>
		<un32WalkSound>0</un32WalkSound>
		<un32DeathSould>Jianta_dead</un32DeathSould>
		<un32FreeSound>0</un32FreeSound>
		<un32SkillType1>1150501</un32SkillType1>
		<un32SkillType2>0</un32SkillType2>
		<un32SkillType3>0</un32SkillType3>
		<un32SkillType4>0</un32SkillType4>
		<un32SkillType5>0</un32SkillType5>
		<un32PassSkillID>0</un32PassSkillID>
		<HeadPhoto>2</HeadPhoto>
		<eCamp>1</eCamp>
		<un32ShopID>0</un32ShopID>
		<BuildsDeathEffID>jiantadeath_A</BuildsDeathEffID>
	</info>
	<info un32ID="21023">
		<szNOStr>Altar_B</szNOStr>
		<eNpcType>3</eNpcType>
		<eNpcChildType>10</eNpcChildType>
		<XuetiaoHeight>7</XuetiaoHeight>
		<EmitPos>0,7800,0</EmitPos>
		<HitPos>0,3000,0</HitPos>
		<eRace>0</eRace>
		<eAttendantCate>0</eAttendantCate>
		<eMagicCate>0</eMagicCate>
		<eAttackWay>0</eAttackWay>
		<n32AttackDist>1450</n32AttackDist>
		<eAICate>2</eAICate>
		<un32AITarID>0</un32AITarID>
		<n32PursueDist>0</n32PursueDist>
		<n32GuardDist>1600</n32GuardDist>
		<eAttackMode>1</eAttackMode>
		<n32AttackPower>120</n32AttackPower>
		<n32MagAttackPower>0</n32MagAttackPower>
		<n32DefenseAbility>20</n32DefenseAbility>
		<n32MagDefenseAbility>90</n32MagDefenseAbility>
		<n32MoveSpeed>0</n32MoveSpeed>
		<n32BaseMoveSpeedScaling>1000</n32BaseMoveSpeedScaling>
		<n32AttackSpeed>1000</n32AttackSpeed>
		<n32MaxHP>1500</n32MaxHP>
		<n32MaxMP>0</n32MaxMP>
		<n32GotExp>0</n32GotExp>
		<n32ConsumeCP>0</n32ConsumeCP>
		<n32KillCP>700</n32KillCP>
		<bIfCanControl>0</bIfCanControl>
		<eConsumeAtt>0</eConsumeAtt>
		<n32ConsumeValue>0</n32ConsumeValue>
		<n32ConsumePer>0</n32ConsumePer>
		<n32HPRecover>0</n32HPRecover>
		<n32MPRecover>0</n32MPRecover>
		<n32GroupID>0</n32GroupID>
		<n32CollideRadius>50</n32CollideRadius>
		<n32IsLocked>1</n32IsLocked>
		<n32LockRadius>2.8</n32LockRadius>
		<n32RandomAttack>attack</n32RandomAttack>
		<un32WalkSound>0</un32WalkSound>
		<un32DeathSould>Jianta_dead</un32DeathSould>
		<un32FreeSound>0</un32FreeSound>
		<un32SkillType1>1150601</un32SkillType1>
		<un32SkillType2>0</un32SkillType2>
		<un32SkillType3>0</un32SkillType3>
		<un32SkillType4>0</un32SkillType4>
		<un32SkillType5>0</un32SkillType5>
		<un32PassSkillID>0</un32PassSkillID>
		<HeadPhoto>1</HeadPhoto>
		<eCamp>2</eCamp>
		<un32ShopID>0</un32ShopID>
		<BuildsDeathEffID>jiantadeath_B</BuildsDeathEffID>
	</info>
	<info un32ID="21024">
		<szNOStr>Zhizhu_5</szNOStr>
		<eNpcType>1</eNpcType>
		<eNpcChildType>0</eNpcChildType>
		<XuetiaoHeight>4</XuetiaoHeight>
		<EmitPos>0,1500,0</EmitPos>
		<HitPos>0,1500,0</HitPos>
		<eRace>3</eRace>
		<eAttendantCate>3</eAttendantCate>
		<eMagicCate>2</eMagicCate>
		<eAttackWay>0</eAttackWay>
		<n32AttackDist>980</n32AttackDist>
		<eAICate>2</eAICate>
		<un32AITarID>0</un32AITarID>
		<n32PursueDist>2000</n32PursueDist>
		<n32GuardDist>1400</n32GuardDist>
		<eAttackMode>1</eAttackMode>
		<n32AttackPower>50</n32AttackPower>
		<n32MagAttackPower>0</n32MagAttackPower>
		<n32DefenseAbility>0</n32DefenseAbility>
		<n32MagDefenseAbility>0</n32MagDefenseAbility>
		<n32MoveSpeed>570</n32MoveSpeed>
		<n32BaseMoveSpeedScaling>1200</n32BaseMoveSpeedScaling>
		<n32AttackSpeed>1300</n32AttackSpeed>
		<n32MaxHP>800</n32MaxHP>
		<n32MaxMP>0</n32MaxMP>
		<n32GotExp>160</n32GotExp>
		<n32ConsumeCP>450</n32ConsumeCP>
		<n32KillCP>160</n32KillCP>
		<bIfCanControl>0</bIfCanControl>
		<eConsumeAtt>10</eConsumeAtt>
		<n32ConsumeValue>0</n32ConsumeValue>
		<n32ConsumePer>400</n32ConsumePer>
		<n32HPRecover>3</n32HPRecover>
		<n32MPRecover>0</n32MPRecover>
		<n32GroupID>0</n32GroupID>
		<n32CollideRadius>100</n32CollideRadius>
		<n32IsLocked>1</n32IsLocked>
		<n32LockRadius>0.9</n32LockRadius>
		<n32RandomAttack>attack</n32RandomAttack>
		<un32DeathSould>Zhizhu5_Dead</un32DeathSould>
		<un32FreeSound>0</un32FreeSound>
		<un32SkillType1>1100701</un32SkillType1>
		<un32SkillType2>1201301</un32SkillType2>
		<un32SkillType3>1201401</un32SkillType3>
		<un32SkillType4>1301301</un32SkillType4>
		<un32SkillType5>1301401</un32SkillType5>
		<un32PassSkillID>0</un32PassSkillID>
		<HeadPhoto>19</HeadPhoto>
		<eCamp>0</eCamp>
		<un32ShopID>0</un32ShopID>
		<un32Script1>Zhizhu_5_line_01,Zhizhu_5_line_02</un32Script1>
		<n32Script1Rate>90050,90050</n32Script1Rate>
	</info>
	<info un32ID="21025">
		<szNOStr>Renma_5</szNOStr>
		<eNpcType>1</eNpcType>
		<eNpcChildType>0</eNpcChildType>
		<XuetiaoHeight>6</XuetiaoHeight>
		<EmitPos>0,1500,0</EmitPos>
		<HitPos>0,1500,0</HitPos>
		<eRace>4</eRace>
		<eAttendantCate>0</eAttendantCate>
		<eMagicCate>1</eMagicCate>
		<eAttackWay>0</eAttackWay>
		<n32AttackDist>330</n32AttackDist>
		<eAICate>2</eAICate>
		<un32AITarID>0</un32AITarID>
		<n32PursueDist>2000</n32PursueDist>
		<n32GuardDist>1400</n32GuardDist>
		<eAttackMode>1</eAttackMode>
		<n32AttackPower>70</n32AttackPower>
		<n32MagAttackPower>0</n32MagAttackPower>
		<n32DefenseAbility>20</n32DefenseAbility>
		<n32MagDefenseAbility>20</n32MagDefenseAbility>
		<n32MoveSpeed>640</n32MoveSpeed>
		<n32BaseMoveSpeedScaling>1000</n32BaseMoveSpeedScaling>
		<n32AttackSpeed>1300</n32AttackSpeed>
		<n32MaxHP>550</n32MaxHP>
		<n32MaxMP>0</n32MaxMP>
		<n32GotExp>180</n32GotExp>
		<n32ConsumeCP>1000</n32ConsumeCP>
		<n32KillCP>160</n32KillCP>
		<bIfCanControl>0</bIfCanControl>
		<eConsumeAtt>0</eConsumeAtt>
		<n32ConsumeValue>0</n32ConsumeValue>
		<n32ConsumePer>400</n32ConsumePer>
		<n32HPRecover>3</n32HPRecover>
		<n32MPRecover>0</n32MPRecover>
		<n32GroupID>0</n32GroupID>
		<n32CollideRadius>100</n32CollideRadius>
		<n32IsLocked>1</n32IsLocked>
		<n32LockRadius>0.9</n32LockRadius>
		<n32RandomAttack>attack</n32RandomAttack>
		<un32DeathSould>D_QT_J</un32DeathSould>
		<un32FreeSound>0</un32FreeSound>
		<un32SkillType1>1100901</un32SkillType1>
		<un32SkillType2>1201701</un32SkillType2>
		<un32SkillType3>1201801</un32SkillType3>
		<un32SkillType4>1301701</un32SkillType4>
		<un32SkillType5>1301801</un32SkillType5>
		<un32PassSkillID>0</un32PassSkillID>
		<HeadPhoto>23</HeadPhoto>
		<eCamp>0</eCamp>
		<un32ShopID>0</un32ShopID>
		<un32Script1>Renma_5_line_01,Renma_5_line_02</un32Script1>
		<n32Script1Rate>90050,90050</n32Script1Rate>
	</info>
	<info un32ID="21026">
		<szNOStr>Feilong_5</szNOStr>
		<eNpcType>1</eNpcType>
		<eNpcChildType>0</eNpcChildType>
		<XuetiaoHeight>6</XuetiaoHeight>
		<EmitPos>0,1000,0</EmitPos>
		<HitPos>0,1000,0</HitPos>
		<eRace>2</eRace>
		<eAttendantCate>3</eAttendantCate>
		<eMagicCate>2</eMagicCate>
		<eAttackWay>0</eAttackWay>
		<n32AttackDist>1100</n32AttackDist>
		<eAICate>2</eAICate>
		<un32AITarID>0</un32AITarID>
		<n32PursueDist>2000</n32PursueDist>
		<n32GuardDist>1400</n32GuardDist>
		<eAttackMode>0</eAttackMode>
		<n32AttackPower>50</n32AttackPower>
		<n32MagAttackPower>0</n32MagAttackPower>
		<n32DefenseAbility>0</n32DefenseAbility>
		<n32MagDefenseAbility>0</n32MagDefenseAbility>
		<n32MoveSpeed>570</n32MoveSpeed>
		<n32BaseMoveSpeedScaling>1200</n32BaseMoveSpeedScaling>
		<n32AttackSpeed>1300</n32AttackSpeed>
		<n32MaxHP>51400</n32MaxHP>
		<n32MaxMP>0</n32MaxMP>
		<n32GotExp>113</n32GotExp>
		<n32ConsumeCP>450</n32ConsumeCP>
		<n32KillCP>160</n32KillCP>
		<bIfCanControl>1</bIfCanControl>
		<eConsumeAtt>10</eConsumeAtt>
		<n32ConsumeValue>0</n32ConsumeValue>
		<n32ConsumePer>400</n32ConsumePer>
		<n32HPRecover>3</n32HPRecover>
		<n32MPRecover>0</n32MPRecover>
		<n32GroupID>0</n32GroupID>
		<n32CollideRadius>100</n32CollideRadius>
		<n32IsLocked>1</n32IsLocked>
		<n32LockRadius>0.9</n32LockRadius>
		<n32RandomAttack>attack</n32RandomAttack>
		<un32FreeSound>0</un32FreeSound>
		<un32SkillType1>1100501</un32SkillType1>
		<un32SkillType2>1201001</un32SkillType2>
		<un32SkillType3>1201001</un32SkillType3>
		<un32SkillType4>1201001</un32SkillType4>
		<un32SkillType5>1201001</un32SkillType5>
		<un32PassSkillID>0</un32PassSkillID>
		<HeadPhoto>8</HeadPhoto>
		<eCamp>0</eCamp>
		<un32ShopID>0</un32ShopID>
		<un32Script1>Feilong_5_line_01,Feilong_5_line_02</un32Script1>
		<n32Script1Rate>90050,90050</n32Script1Rate>
	</info>
	<info un32ID="21027">
		<szNOStr>wlxb_jz_5</szNOStr>
		<eNpcType>1</eNpcType>
		<eNpcChildType>0</eNpcChildType>
		<XuetiaoHeight>3</XuetiaoHeight>
		<EmitPos>0,1300,0</EmitPos>
		<HitPos>0,1300,0</HitPos>
		<eRace>4</eRace>
		<eAttendantCate>1</eAttendantCate>
		<eMagicCate>2</eMagicCate>
		<eAttackWay>0</eAttackWay>
		<n32AttackDist>230</n32AttackDist>
		<eAICate>1</eAICate>
		<un32AITarID>0</un32AITarID>
		<n32PursueDist>600</n32PursueDist>
		<n32GuardDist>1400</n32GuardDist>
		<eAttackMode>1</eAttackMode>
		<n32AttackPower>25</n32AttackPower>
		<n32MagAttackPower>0</n32MagAttackPower>
		<n32DefenseAbility>10</n32DefenseAbility>
		<n32MagDefenseAbility>10</n32MagDefenseAbility>
		<n32MoveSpeed>590</n32MoveSpeed>
		<n32BaseMoveSpeedScaling>1200</n32BaseMoveSpeedScaling>
		<n32AttackSpeed>1000</n32AttackSpeed>
		<n32MaxHP>340</n32MaxHP>
		<n32MaxMP>0</n32MaxMP>
		<n32GotExp>30</n32GotExp>
		<n32ConsumeCP>0</n32ConsumeCP>
		<n32KillCP>65</n32KillCP>
		<bIfCanControl>0</bIfCanControl>
		<eConsumeAtt>0</eConsumeAtt>
		<n32ConsumeValue>0</n32ConsumeValue>
		<n32ConsumePer>0</n32ConsumePer>
		<n32HPRecover>0</n32HPRecover>
		<n32MPRecover>0</n32MPRecover>
		<n32GroupID>0</n32GroupID>
		<n32CollideRadius>30</n32CollideRadius>
		<n32IsLocked>1</n32IsLocked>
		<n32LockRadius>1.2</n32LockRadius>
		<n32RandomAttack>attack</n32RandomAttack>
		<un32SkillType1>1150301</un32SkillType1>
		<un32SkillType2>0</un32SkillType2>
		<un32SkillType3>0</un32SkillType3>
		<un32SkillType4>0</un32SkillType4>
		<un32SkillType5>0</un32SkillType5>
		<un32PassSkillID>0</un32PassSkillID>
		<HeadPhoto>25</HeadPhoto>
		<eCamp>1</eCamp>
		<un32ShopID>0</un32ShopID>
	</info>
	<info un32ID="21028">
		<szNOStr>Paotai</szNOStr>
		<eNpcType>3</eNpcType>
		<eNpcChildType>20</eNpcChildType>
		<XuetiaoHeight>5</XuetiaoHeight>
		<EmitPos>0,3200,0</EmitPos>
		<HitPos>0,2300,0</HitPos>
		<eRace>0</eRace>
		<eAttendantCate>0</eAttendantCate>
		<eMagicCate>0</eMagicCate>
		<eAttackWay>0</eAttackWay>
		<n32AttackDist>400</n32AttackDist>
		<eAICate>2</eAICate>
		<un32AITarID>0</un32AITarID>
		<n32PursueDist>0</n32PursueDist>
		<n32GuardDist>400</n32GuardDist>
		<eAttackMode>1</eAttackMode>
		<n32AttackPower>0</n32AttackPower>
		<n32MagAttackPower>0</n32MagAttackPower>
		<n32DefenseAbility>0</n32DefenseAbility>
		<n32MagDefenseAbility>0</n32MagDefenseAbility>
		<n32MoveSpeed>0</n32MoveSpeed>
		<n32BaseMoveSpeedScaling>1000</n32BaseMoveSpeedScaling>
		<n32AttackSpeed>1000</n32AttackSpeed>
		<n32MaxHP>1</n32MaxHP>
		<n32MaxMP>0</n32MaxMP>
		<n32GotExp>0</n32GotExp>
		<n32ConsumeCP>0</n32ConsumeCP>
		<n32KillCP>0</n32KillCP>
		<bIfCanControl>0</bIfCanControl>
		<eConsumeAtt>0</eConsumeAtt>
		<n32ConsumeValue>0</n32ConsumeValue>
		<n32ConsumePer>0</n32ConsumePer>
		<n32HPRecover>0</n32HPRecover>
		<n32MPRecover>0</n32MPRecover>
		<n32GroupID>0</n32GroupID>
		<n32CollideRadius>0</n32CollideRadius>
		<n32IsLocked>1</n32IsLocked>
		<n32LockRadius>1.5</n32LockRadius>
		<n32RandomAttack>attack</n32RandomAttack>
		<un32WalkSound>0</un32WalkSound>
		<un32FreeSound>0</un32FreeSound>
		<un32SkillType1>1161101</un32SkillType1>
		<un32SkillType2>0</un32SkillType2>
		<un32SkillType3>0</un32SkillType3>
		<un32SkillType4>0</un32SkillType4>
		<un32SkillType5>0</un32SkillType5>
		<un32PassSkillID>11200601,11200701</un32PassSkillID>
		<HeadPhoto>3</HeadPhoto>
		<eCamp>0</eCamp>
		<un32ShopID>0</un32ShopID>
	</info>
	<info un32ID="21029">
		<szNOStr>heimolv_skill1</szNOStr>
		<eNpcType>3</eNpcType>
		<eNpcChildType>20</eNpcChildType>
		<XuetiaoHeight>5</XuetiaoHeight>
		<EmitPos>0,3200,0</EmitPos>
		<HitPos>0,2300,0</HitPos>
		<eRace>0</eRace>
		<eAttendantCate>0</eAttendantCate>
		<eMagicCate>0</eMagicCate>
		<eAttackWay>0</eAttackWay>
		<n32AttackDist>400</n32AttackDist>
		<eAICate>2</eAICate>
		<un32AITarID>0</un32AITarID>
		<n32PursueDist>0</n32PursueDist>
		<n32GuardDist>400</n32GuardDist>
		<eAttackMode>1</eAttackMode>
		<n32AttackPower>0</n32AttackPower>
		<n32MagAttackPower>0</n32MagAttackPower>
		<n32DefenseAbility>0</n32DefenseAbility>
		<n32MagDefenseAbility>0</n32MagDefenseAbility>
		<n32MoveSpeed>0</n32MoveSpeed>
		<n32BaseMoveSpeedScaling>1000</n32BaseMoveSpeedScaling>
		<n32AttackSpeed>1000</n32AttackSpeed>
		<n32MaxHP>1</n32MaxHP>
		<n32MaxMP>0</n32MaxMP>
		<n32GotExp>0</n32GotExp>
		<n32ConsumeCP>0</n32ConsumeCP>
		<n32KillCP>0</n32KillCP>
		<bIfCanControl>0</bIfCanControl>
		<eConsumeAtt>0</eConsumeAtt>
		<n32ConsumeValue>0</n32ConsumeValue>
		<n32ConsumePer>0</n32ConsumePer>
		<n32HPRecover>0</n32HPRecover>
		<n32MPRecover>0</n32MPRecover>
		<n32GroupID>0</n32GroupID>
		<n32CollideRadius>0</n32CollideRadius>
		<n32IsLocked>1</n32IsLocked>
		<n32LockRadius>1.5</n32LockRadius>
		<n32RandomAttack>attack</n32RandomAttack>
		<un32WalkSound>0</un32WalkSound>
		<un32FreeSound>0</un32FreeSound>
		<un32SkillType1>1161201</un32SkillType1>
		<un32SkillType2>0</un32SkillType2>
		<un32SkillType3>0</un32SkillType3>
		<un32SkillType4>0</un32SkillType4>
		<un32SkillType5>0</un32SkillType5>
		<un32PassSkillID>11200801,11200901</un32PassSkillID>
		<HeadPhoto>3</HeadPhoto>
		<eCamp>0</eCamp>
		<un32ShopID>0</un32ShopID>
	</info>
	<info un32ID="21030">
		<szNOStr>heimolv_skill1</szNOStr>
		<eNpcType>3</eNpcType>
		<eNpcChildType>20</eNpcChildType>
		<XuetiaoHeight>5</XuetiaoHeight>
		<EmitPos>0,3200,0</EmitPos>
		<HitPos>0,2300,0</HitPos>
		<eRace>0</eRace>
		<eAttendantCate>0</eAttendantCate>
		<eMagicCate>0</eMagicCate>
		<eAttackWay>0</eAttackWay>
		<n32AttackDist>400</n32AttackDist>
		<eAICate>2</eAICate>
		<un32AITarID>0</un32AITarID>
		<n32PursueDist>0</n32PursueDist>
		<n32GuardDist>400</n32GuardDist>
		<eAttackMode>1</eAttackMode>
		<n32AttackPower>0</n32AttackPower>
		<n32MagAttackPower>0</n32MagAttackPower>
		<n32DefenseAbility>0</n32DefenseAbility>
		<n32MagDefenseAbility>0</n32MagDefenseAbility>
		<n32MoveSpeed>0</n32MoveSpeed>
		<n32BaseMoveSpeedScaling>1000</n32BaseMoveSpeedScaling>
		<n32AttackSpeed>1000</n32AttackSpeed>
		<n32MaxHP>1</n32MaxHP>
		<n32MaxMP>0</n32MaxMP>
		<n32GotExp>0</n32GotExp>
		<n32ConsumeCP>0</n32ConsumeCP>
		<n32KillCP>0</n32KillCP>
		<bIfCanControl>0</bIfCanControl>
		<eConsumeAtt>0</eConsumeAtt>
		<n32ConsumeValue>0</n32ConsumeValue>
		<n32ConsumePer>0</n32ConsumePer>
		<n32HPRecover>0</n32HPRecover>
		<n32MPRecover>0</n32MPRecover>
		<n32GroupID>0</n32GroupID>
		<n32CollideRadius>0</n32CollideRadius>
		<n32IsLocked>1</n32IsLocked>
		<n32LockRadius>1.5</n32LockRadius>
		<n32RandomAttack>attack</n32RandomAttack>
		<un32WalkSound>0</un32WalkSound>
		<un32FreeSound>0</un32FreeSound>
		<un32SkillType1>1161301</un32SkillType1>
		<un32SkillType2>0</un32SkillType2>
		<un32SkillType3>0</un32SkillType3>
		<un32SkillType4>0</un32SkillType4>
		<un32SkillType5>0</un32SkillType5>
		<un32PassSkillID>11201001,11201101</un32PassSkillID>
		<HeadPhoto>3</HeadPhoto>
		<eCamp>0</eCamp>
		<un32ShopID>0</un32ShopID>
	</info>
	<info un32ID="21031">
		<szNOStr>heimolv_skill1</szNOStr>
		<eNpcType>3</eNpcType>
		<eNpcChildType>20</eNpcChildType>
		<XuetiaoHeight>5</XuetiaoHeight>
		<EmitPos>0,3200,0</EmitPos>
		<HitPos>0,2300,0</HitPos>
		<eRace>0</eRace>
		<eAttendantCate>0</eAttendantCate>
		<eMagicCate>0</eMagicCate>
		<eAttackWay>0</eAttackWay>
		<n32AttackDist>400</n32AttackDist>
		<eAICate>2</eAICate>
		<un32AITarID>0</un32AITarID>
		<n32PursueDist>0</n32PursueDist>
		<n32GuardDist>400</n32GuardDist>
		<eAttackMode>1</eAttackMode>
		<n32AttackPower>0</n32AttackPower>
		<n32MagAttackPower>0</n32MagAttackPower>
		<n32DefenseAbility>0</n32DefenseAbility>
		<n32MagDefenseAbility>0</n32MagDefenseAbility>
		<n32MoveSpeed>0</n32MoveSpeed>
		<n32BaseMoveSpeedScaling>1000</n32BaseMoveSpeedScaling>
		<n32AttackSpeed>1000</n32AttackSpeed>
		<n32MaxHP>1</n32MaxHP>
		<n32MaxMP>0</n32MaxMP>
		<n32GotExp>0</n32GotExp>
		<n32ConsumeCP>0</n32ConsumeCP>
		<n32KillCP>0</n32KillCP>
		<bIfCanControl>0</bIfCanControl>
		<eConsumeAtt>0</eConsumeAtt>
		<n32ConsumeValue>0</n32ConsumeValue>
		<n32ConsumePer>0</n32ConsumePer>
		<n32HPRecover>0</n32HPRecover>
		<n32MPRecover>0</n32MPRecover>
		<n32GroupID>0</n32GroupID>
		<n32CollideRadius>0</n32CollideRadius>
		<n32IsLocked>1</n32IsLocked>
		<n32LockRadius>1.5</n32LockRadius>
		<n32RandomAttack>attack</n32RandomAttack>
		<un32WalkSound>0</un32WalkSound>
		<un32FreeSound>0</un32FreeSound>
		<un32SkillType1>1161401</un32SkillType1>
		<un32SkillType2>0</un32SkillType2>
		<un32SkillType3>0</un32SkillType3>
		<un32SkillType4>0</un32SkillType4>
		<un32SkillType5>0</un32SkillType5>
		<un32PassSkillID>11201201,11201301</un32PassSkillID>
		<HeadPhoto>3</HeadPhoto>
		<eCamp>0</eCamp>
		<un32ShopID>0</un32ShopID>
	</info>
</NPCCfg>