<?xml version="1.0" encoding="UTF-8" standalone="yes"?>
<WildMonsterCfg xmlns:xsi="http://www.w3.org/2001/XMLSchema-instance">
	<info UserLevel="1">
		<LevelUpExp>0</LevelUpExp>
	</info>
	<info UserLevel="2">
		<LevelUpExp>100</LevelUpExp>
	</info>
	<info UserLevel="3">
		<LevelUpExp>117</LevelUpExp>
	</info>
	<info UserLevel="4">
		<LevelUpExp>144</LevelUpExp>
	</info>
	<info UserLevel="5">
		<LevelUpExp>178</LevelUpExp>
	</info>
	<info UserLevel="6">
		<LevelUpExp>220</LevelUpExp>
	</info>
	<info UserLevel="7">
		<LevelUpExp>269</LevelUpExp>
	</info>
	<info UserLevel="8">
		<LevelUpExp>325</LevelUpExp>
	</info>
	<info UserLevel="9">
		<LevelUpExp>389</LevelUpExp>
	</info>
	<info UserLevel="10">
		<LevelUpExp>458</LevelUpExp>
	</info>
	<info UserLevel="11">
		<LevelUpExp>535</LevelUpExp>
	</info>
	<info UserLevel="12">
		<LevelUpExp>617</LevelUpExp>
	</info>
	<info UserLevel="13">
		<LevelUpExp>706</LevelUpExp>
	</info>
	<info UserLevel="14">
		<LevelUpExp>801</LevelUpExp>
	</info>
	<info UserLevel="15">
		<LevelUpExp>902</LevelUpExp>
	</info>
	<info UserLevel="16">
		<LevelUpExp>1009</LevelUpExp>
	</info>
	<info UserLevel="17">
		<LevelUpExp>1122</LevelUpExp>
	</info>
	<info UserLevel="18">
		<LevelUpExp>1241</LevelUpExp>
	</info>
	<info UserLevel="19">
		<LevelUpExp>1365</LevelUpExp>
	</info>
	<info UserLevel="20">
		<LevelUpExp>1495</LevelUpExp>
	</info>
	<info UserLevel="21">
		<LevelUpExp>1631</LevelUpExp>
	</info>
	<info UserLevel="22">
		<LevelUpExp>1772</LevelUpExp>
	</info>
	<info UserLevel="23">
		<LevelUpExp>1919</LevelUpExp>
	</info>
	<info UserLevel="24">
		<LevelUpExp>2071</LevelUpExp>
	</info>
	<info UserLevel="25">
		<LevelUpExp>2228</LevelUpExp>
	</info>
	<info UserLevel="26">
		<LevelUpExp>2391</LevelUpExp>
	</info>
	<info UserLevel="27">
		<LevelUpExp>2559</LevelUpExp>
	</info>
	<info UserLevel="28">
		<LevelUpExp>2733</LevelUpExp>
	</info>
	<info UserLevel="29">
		<LevelUpExp>2911</LevelUpExp>
	</info>
	<info UserLevel="30">
		<LevelUpExp>3095</LevelUpExp>
	</info>
</WildMonsterCfg>