<?xml version="1.0" encoding="UTF-8" standalone="yes"?>
<HeroBuyCfg xmlns:xsi="http://www.w3.org/2001/XMLSchema-instance">
	<info un32ID="100001">
		<Name>飞樱漫舞</Name>
		<HeroKind>2</HeroKind>
		<un8ConsumeType>1</un8ConsumeType>
		<n32Price>2500</n32Price>
		<bIsShowInShop>1</bIsShowInShop>
		<bIsShowInHeroInfo>1</bIsShowInHeroInfo>
		<UnlockHeroID>10001</UnlockHeroID>
		<Time>-1</Time>
		<DefaultSkin>110001</DefaultSkin>
		<DefaultIcon>32</DefaultIcon>
		<OnSaleSkins>111001,111002</OnSaleSkins>
	</info>
	<info un32ID="100002">
		<Name>破灭之剑</Name>
		<HeroKind>1</HeroKind>
		<un8ConsumeType>0</un8ConsumeType>
		<n32Price>0</n32Price>
		<bIsShowInShop>1</bIsShowInShop>
		<bIsShowInHeroInfo>1</bIsShowInHeroInfo>
		<UnlockHeroID>10002</UnlockHeroID>
		<Time>-1</Time>
		<DefaultSkin>110002</DefaultSkin>
		<DefaultIcon>16</DefaultIcon>
		<OnSaleSkins>0</OnSaleSkins>
	</info>
	<info un32ID="100003">
		<Name>幽影幻刺</Name>
		<HeroKind>1</HeroKind>
		<un8ConsumeType>0</un8ConsumeType>
		<n32Price>0</n32Price>
		<bIsShowInShop>1</bIsShowInShop>
		<bIsShowInHeroInfo>1</bIsShowInHeroInfo>
		<UnlockHeroID>10003</UnlockHeroID>
		<Time>-1</Time>
		<DefaultSkin>110003</DefaultSkin>
		<DefaultIcon>12</DefaultIcon>
		<OnSaleSkins>0</OnSaleSkins>
	</info>
	<info un32ID="100004">
		<Name>绝对零度</Name>
		<HeroKind>2</HeroKind>
		<un8ConsumeType>0</un8ConsumeType>
		<n32Price>0</n32Price>
		<bIsShowInShop>1</bIsShowInShop>
		<bIsShowInHeroInfo>1</bIsShowInHeroInfo>
		<UnlockHeroID>10004</UnlockHeroID>
		<Time>-1</Time>
		<DefaultSkin>110004</DefaultSkin>
		<DefaultIcon>7</DefaultIcon>
		<OnSaleSkins>0</OnSaleSkins>
	</info>
	<info un32ID="100005">
		<Name>湮灭烈焰</Name>
		<HeroKind>3</HeroKind>
		<un8ConsumeType>0</un8ConsumeType>
		<n32Price>0</n32Price>
		<bIsShowInShop>1</bIsShowInShop>
		<bIsShowInHeroInfo>1</bIsShowInHeroInfo>
		<UnlockHeroID>10005</UnlockHeroID>
		<Time>-1</Time>
		<DefaultSkin>110005</DefaultSkin>
		<DefaultIcon>8</DefaultIcon>
		<OnSaleSkins>0</OnSaleSkins>
	</info>
	<info un32ID="100006">
		<Name>流星之箭</Name>
		<HeroKind>1</HeroKind>
		<un8ConsumeType>0</un8ConsumeType>
		<n32Price>0</n32Price>
		<bIsShowInShop>1</bIsShowInShop>
		<bIsShowInHeroInfo>1</bIsShowInHeroInfo>
		<UnlockHeroID>10006</UnlockHeroID>
		<Time>-1</Time>
		<DefaultSkin>110006</DefaultSkin>
		<DefaultIcon>17</DefaultIcon>
		<OnSaleSkins>0</OnSaleSkins>
	</info>
	<info un32ID="100007">
		<Name>剧毒行者</Name>
		<HeroKind>3</HeroKind>
		<un8ConsumeType>0</un8ConsumeType>
		<n32Price>0</n32Price>
		<bIsShowInShop>1</bIsShowInShop>
		<bIsShowInHeroInfo>1</bIsShowInHeroInfo>
		<UnlockHeroID>10007</UnlockHeroID>
		<Time>-1</Time>
		<DefaultSkin>110007</DefaultSkin>
		<DefaultIcon>19</DefaultIcon>
		<OnSaleSkins>0</OnSaleSkins>
	</info>
	<info un32ID="100008">
		<Name>冲刺之牙</Name>
		<HeroKind>1</HeroKind>
		<un8ConsumeType>0</un8ConsumeType>
		<n32Price>0</n32Price>
		<bIsShowInShop>1</bIsShowInShop>
		<bIsShowInHeroInfo>1</bIsShowInHeroInfo>
		<UnlockHeroID>10008</UnlockHeroID>
		<Time>-1</Time>
		<DefaultSkin>110008</DefaultSkin>
		<DefaultIcon>28</DefaultIcon>
		<OnSaleSkins>0</OnSaleSkins>
	</info>
	<info un32ID="100009">
		<Name>征战先锋</Name>
		<HeroKind>4</HeroKind>
		<un8ConsumeType>0</un8ConsumeType>
		<n32Price>0</n32Price>
		<bIsShowInShop>1</bIsShowInShop>
		<bIsShowInHeroInfo>1</bIsShowInHeroInfo>
		<UnlockHeroID>10009</UnlockHeroID>
		<Time>-1</Time>
		<DefaultSkin>110009</DefaultSkin>
		<DefaultIcon>23</DefaultIcon>
		<OnSaleSkins>0</OnSaleSkins>
	</info>
	<info un32ID="100010">
		<Name>深渊之刺</Name>
		<HeroKind>4</HeroKind>
		<un8ConsumeType>1</un8ConsumeType>
		<n32Price>4600</n32Price>
		<bIsShowInShop>1</bIsShowInShop>
		<bIsShowInHeroInfo>1</bIsShowInHeroInfo>
		<UnlockHeroID>10010</UnlockHeroID>
		<Time>-1</Time>
		<DefaultSkin>110010</DefaultSkin>
		<DefaultIcon>14</DefaultIcon>
		<OnSaleSkins>0</OnSaleSkins>
	</info>
	<info un32ID="100011">
		<Name>风暴之女</Name>
		<HeroKind>2</HeroKind>
		<un8ConsumeType>1</un8ConsumeType>
		<n32Price>7700</n32Price>
		<bIsShowInShop>1</bIsShowInShop>
		<bIsShowInHeroInfo>1</bIsShowInHeroInfo>
		<UnlockHeroID>10011</UnlockHeroID>
		<Time>-1</Time>
		<DefaultSkin>110011</DefaultSkin>
		<DefaultIcon>35</DefaultIcon>
		<OnSaleSkins>0</OnSaleSkins>
	</info>
	<info un32ID="100012">
		<Name>炼狱使者</Name>
		<HeroKind>1</HeroKind>
		<un8ConsumeType>1</un8ConsumeType>
		<n32Price>23000</n32Price>
		<bIsShowInShop>1</bIsShowInShop>
		<bIsShowInHeroInfo>1</bIsShowInHeroInfo>
		<UnlockHeroID>10012</UnlockHeroID>
		<Time>-1</Time>
		<DefaultSkin>110012</DefaultSkin>
		<DefaultIcon>36</DefaultIcon>
		<OnSaleSkins>0</OnSaleSkins>
	</info>
	<info un32ID="100013">
		<Name>寒辉之羽</Name>
		<HeroKind>3</HeroKind>
		<un8ConsumeType>1</un8ConsumeType>
		<n32Price>7700</n32Price>
		<bIsShowInShop>1</bIsShowInShop>
		<bIsShowInHeroInfo>1</bIsShowInHeroInfo>
		<UnlockHeroID>10013</UnlockHeroID>
		<Time>-1</Time>
		<DefaultSkin>110013</DefaultSkin>
		<DefaultIcon>37</DefaultIcon>
		<OnSaleSkins>0</OnSaleSkins>
	</info>
	<info un32ID="100014">
		<Name>石斧巨人</Name>
		<HeroKind>4</HeroKind>
		<un8ConsumeType>1</un8ConsumeType>
		<n32Price>7700</n32Price>
		<bIsShowInShop>1</bIsShowInShop>
		<bIsShowInHeroInfo>1</bIsShowInHeroInfo>
		<UnlockHeroID>10014</UnlockHeroID>
		<Time>-1</Time>
		<DefaultSkin>110014</DefaultSkin>
		<DefaultIcon>38</DefaultIcon>
		<OnSaleSkins>0</OnSaleSkins>
	</info>
	<info un32ID="100015">
		<Name>惩戒者</Name>
		<HeroKind>2</HeroKind>
		<un8ConsumeType>1</un8ConsumeType>
		<n32Price>7700</n32Price>
		<bIsShowInShop>1</bIsShowInShop>
		<bIsShowInHeroInfo>1</bIsShowInHeroInfo>
		<UnlockHeroID>10015</UnlockHeroID>
		<Time>-1</Time>
		<DefaultSkin>110015</DefaultSkin>
		<DefaultIcon>39</DefaultIcon>
		<OnSaleSkins>0</OnSaleSkins>
	</info>
	<info un32ID="100016">
		<Name>洞窟蝙蝠</Name>
		<HeroKind>2</HeroKind>
		<un8ConsumeType>1</un8ConsumeType>
		<n32Price>9200</n32Price>
		<bIsShowInShop>1</bIsShowInShop>
		<bIsShowInHeroInfo>1</bIsShowInHeroInfo>
		<UnlockHeroID>10016</UnlockHeroID>
		<Time>-1</Time>
		<DefaultSkin>110016</DefaultSkin>
		<DefaultIcon>40</DefaultIcon>
		<OnSaleSkins>0</OnSaleSkins>
	</info>
	<info un32ID="100017">
		<Name>瘟疫巫师</Name>
		<HeroKind>2</HeroKind>
		<un8ConsumeType>1</un8ConsumeType>
		<n32Price>9200</n32Price>
		<bIsShowInShop>1</bIsShowInShop>
		<bIsShowInHeroInfo>1</bIsShowInHeroInfo>
		<UnlockHeroID>10017</UnlockHeroID>
		<Time>-1</Time>
		<DefaultSkin>110017</DefaultSkin>
		<DefaultIcon>51</DefaultIcon>
		<OnSaleSkins>0</OnSaleSkins>
	</info>
	<info un32ID="100018">
		<Name>嗜魂者</Name>
		<HeroKind>1</HeroKind>
		<un8ConsumeType>1</un8ConsumeType>
		<n32Price>17300</n32Price>
		<bIsShowInShop>1</bIsShowInShop>
		<bIsShowInHeroInfo>1</bIsShowInHeroInfo>
		<UnlockHeroID>10018</UnlockHeroID>
		<Time>-1</Time>
		<DefaultSkin>110018</DefaultSkin>
		<DefaultIcon>47</DefaultIcon>
		<OnSaleSkins>0</OnSaleSkins>
	</info>
	<info un32ID="100019">
		<Name>泰狱神</Name>
		<HeroKind>4</HeroKind>
		<un8ConsumeType>1</un8ConsumeType>
		<n32Price>17300</n32Price>
		<bIsShowInShop>1</bIsShowInShop>
		<bIsShowInHeroInfo>1</bIsShowInHeroInfo>
		<UnlockHeroID>10019</UnlockHeroID>
		<Time>-1</Time>
		<DefaultSkin>110019</DefaultSkin>
		<DefaultIcon>49</DefaultIcon>
		<OnSaleSkins>0</OnSaleSkins>
	</info>
	<info/>
	<info un32ID="100021">
		<Name>黑魔律</Name>
		<HeroKind>2</HeroKind>
		<un8ConsumeType>1</un8ConsumeType>
		<n32Price>7700</n32Price>
		<bIsShowInShop>1</bIsShowInShop>
		<bIsShowInHeroInfo>1</bIsShowInHeroInfo>
		<UnlockHeroID>10021</UnlockHeroID>
		<Time>-1</Time>
		<DefaultSkin>110021</DefaultSkin>
		<DefaultIcon>42</DefaultIcon>
		<OnSaleSkins>0</OnSaleSkins>
	</info>
	<info un32ID="100022">
		<Name>幻魔之刃</Name>
		<HeroKind>1</HeroKind>
		<un8ConsumeType>1</un8ConsumeType>
		<n32Price>13800</n32Price>
		<bIsShowInShop>1</bIsShowInShop>
		<bIsShowInHeroInfo>1</bIsShowInHeroInfo>
		<UnlockHeroID>10022</UnlockHeroID>
		<Time>-1</Time>
		<DefaultSkin>110022</DefaultSkin>
		<DefaultIcon>50</DefaultIcon>
		<OnSaleSkins>0</OnSaleSkins>
	</info>
	<info/>
	<info un32ID="101001">
		<Name>飞樱漫舞(3天)</Name>
		<HeroKind>2</HeroKind>
		<un8ConsumeType>1,2</un8ConsumeType>
		<n32Price>2500,250</n32Price>
		<bIsShowInShop>1</bIsShowInShop>
		<bIsShowInHeroInfo>0</bIsShowInHeroInfo>
		<UnlockHeroID>10001</UnlockHeroID>
		<Time>72</Time>
		<DefaultSkin>110001</DefaultSkin>
		<DefaultIcon>32</DefaultIcon>
		<OnSaleSkins>111001,111002</OnSaleSkins>
	</info>
	<info un32ID="101002">
		<Name>破灭之剑(3天)</Name>
		<HeroKind>1</HeroKind>
		<un8ConsumeType>0</un8ConsumeType>
		<n32Price>0</n32Price>
		<bIsShowInShop>0</bIsShowInShop>
		<bIsShowInHeroInfo>0</bIsShowInHeroInfo>
		<UnlockHeroID>10002</UnlockHeroID>
		<Time>72</Time>
		<DefaultSkin>110002</DefaultSkin>
		<DefaultIcon>16</DefaultIcon>
		<OnSaleSkins>0</OnSaleSkins>
	</info>
	<info un32ID="101003">
		<Name>幽影幻刺(3天)</Name>
		<HeroKind>1</HeroKind>
		<un8ConsumeType>0</un8ConsumeType>
		<n32Price>0</n32Price>
		<bIsShowInShop>0</bIsShowInShop>
		<bIsShowInHeroInfo>0</bIsShowInHeroInfo>
		<UnlockHeroID>10003</UnlockHeroID>
		<Time>72</Time>
		<DefaultSkin>110003</DefaultSkin>
		<DefaultIcon>12</DefaultIcon>
		<OnSaleSkins>0</OnSaleSkins>
	</info>
	<info un32ID="101004">
		<Name>绝对零度(3天)</Name>
		<HeroKind>2</HeroKind>
		<un8ConsumeType>0</un8ConsumeType>
		<n32Price>0</n32Price>
		<bIsShowInShop>0</bIsShowInShop>
		<bIsShowInHeroInfo>0</bIsShowInHeroInfo>
		<UnlockHeroID>10004</UnlockHeroID>
		<Time>72</Time>
		<DefaultSkin>110004</DefaultSkin>
		<DefaultIcon>7</DefaultIcon>
		<OnSaleSkins>0</OnSaleSkins>
	</info>
	<info un32ID="101005">
		<Name>湮灭烈焰(3天)</Name>
		<HeroKind>3</HeroKind>
		<un8ConsumeType>0</un8ConsumeType>
		<n32Price>0</n32Price>
		<bIsShowInShop>0</bIsShowInShop>
		<bIsShowInHeroInfo>0</bIsShowInHeroInfo>
		<UnlockHeroID>10005</UnlockHeroID>
		<Time>72</Time>
		<DefaultSkin>110005</DefaultSkin>
		<DefaultIcon>8</DefaultIcon>
		<OnSaleSkins>0</OnSaleSkins>
	</info>
	<info un32ID="101006">
		<Name>流星之箭(3天)</Name>
		<HeroKind>1</HeroKind>
		<un8ConsumeType>0</un8ConsumeType>
		<n32Price>0</n32Price>
		<bIsShowInShop>1</bIsShowInShop>
		<bIsShowInHeroInfo>0</bIsShowInHeroInfo>
		<UnlockHeroID>10006</UnlockHeroID>
		<Time>72</Time>
		<DefaultSkin>110006</DefaultSkin>
		<DefaultIcon>17</DefaultIcon>
		<OnSaleSkins>0</OnSaleSkins>
	</info>
	<info un32ID="101007">
		<Name>剧毒行者(3天)</Name>
		<HeroKind>3</HeroKind>
		<un8ConsumeType>0</un8ConsumeType>
		<n32Price>0</n32Price>
		<bIsShowInShop>0</bIsShowInShop>
		<bIsShowInHeroInfo>0</bIsShowInHeroInfo>
		<UnlockHeroID>10007</UnlockHeroID>
		<Time>72</Time>
		<DefaultSkin>110007</DefaultSkin>
		<DefaultIcon>19</DefaultIcon>
		<OnSaleSkins>0</OnSaleSkins>
	</info>
	<info un32ID="101008">
		<Name>冲刺之牙(3天)</Name>
		<HeroKind>1</HeroKind>
		<un8ConsumeType>0</un8ConsumeType>
		<n32Price>0</n32Price>
		<bIsShowInShop>0</bIsShowInShop>
		<bIsShowInHeroInfo>0</bIsShowInHeroInfo>
		<UnlockHeroID>10008</UnlockHeroID>
		<Time>72</Time>
		<DefaultSkin>110008</DefaultSkin>
		<DefaultIcon>28</DefaultIcon>
		<OnSaleSkins>0</OnSaleSkins>
	</info>
	<info un32ID="101009">
		<Name>征战先锋(3天)</Name>
		<HeroKind>4</HeroKind>
		<un8ConsumeType>0</un8ConsumeType>
		<n32Price>0</n32Price>
		<bIsShowInShop>0</bIsShowInShop>
		<bIsShowInHeroInfo>0</bIsShowInHeroInfo>
		<UnlockHeroID>10009</UnlockHeroID>
		<Time>72</Time>
		<DefaultSkin>110009</DefaultSkin>
		<DefaultIcon>23</DefaultIcon>
		<OnSaleSkins>0</OnSaleSkins>
	</info>
	<info un32ID="101010">
		<Name>深渊之刺(3天)</Name>
		<HeroKind>4</HeroKind>
		<un8ConsumeType>1,2</un8ConsumeType>
		<n32Price>900,90</n32Price>
		<bIsShowInShop>1</bIsShowInShop>
		<bIsShowInHeroInfo>0</bIsShowInHeroInfo>
		<UnlockHeroID>10010</UnlockHeroID>
		<Time>72</Time>
		<DefaultSkin>110010</DefaultSkin>
		<DefaultIcon>14</DefaultIcon>
		<OnSaleSkins>0</OnSaleSkins>
	</info>
	<info un32ID="101011">
		<Name>风暴之女(3天)</Name>
		<HeroKind>2</HeroKind>
		<un8ConsumeType>1,2</un8ConsumeType>
		<n32Price>1100,110</n32Price>
		<bIsShowInShop>1</bIsShowInShop>
		<bIsShowInHeroInfo>0</bIsShowInHeroInfo>
		<UnlockHeroID>10011</UnlockHeroID>
		<Time>72</Time>
		<DefaultSkin>110011</DefaultSkin>
		<DefaultIcon>35</DefaultIcon>
		<OnSaleSkins>0</OnSaleSkins>
	</info>
	<info un32ID="101012">
		<Name>炼狱使者(3天)</Name>
		<HeroKind>1</HeroKind>
		<un8ConsumeType>1,2</un8ConsumeType>
		<n32Price>1500,150</n32Price>
		<bIsShowInShop>1</bIsShowInShop>
		<bIsShowInHeroInfo>0</bIsShowInHeroInfo>
		<UnlockHeroID>10012</UnlockHeroID>
		<Time>72</Time>
		<DefaultSkin>110012</DefaultSkin>
		<DefaultIcon>36</DefaultIcon>
		<OnSaleSkins>0</OnSaleSkins>
	</info>
	<info un32ID="101013">
		<Name>寒辉之羽(3天)</Name>
		<HeroKind>3</HeroKind>
		<un8ConsumeType>1,2</un8ConsumeType>
		<n32Price>1100,110</n32Price>
		<bIsShowInShop>1</bIsShowInShop>
		<bIsShowInHeroInfo>0</bIsShowInHeroInfo>
		<UnlockHeroID>10013</UnlockHeroID>
		<Time>72</Time>
		<DefaultSkin>110013</DefaultSkin>
		<DefaultIcon>37</DefaultIcon>
		<OnSaleSkins>0</OnSaleSkins>
	</info>
	<info un32ID="101014">
		<Name>石斧巨人(3天)</Name>
		<HeroKind>4</HeroKind>
		<un8ConsumeType>1,2</un8ConsumeType>
		<n32Price>1500,150</n32Price>
		<bIsShowInShop>0</bIsShowInShop>
		<bIsShowInHeroInfo>0</bIsShowInHeroInfo>
		<UnlockHeroID>10014</UnlockHeroID>
		<Time>72</Time>
		<DefaultSkin>110014</DefaultSkin>
		<DefaultIcon>38</DefaultIcon>
		<OnSaleSkins>0</OnSaleSkins>
	</info>
	<info un32ID="101015">
		<Name>惩戒者(3天)</Name>
		<HeroKind>2</HeroKind>
		<un8ConsumeType>1,2</un8ConsumeType>
		<n32Price>1100,110</n32Price>
		<bIsShowInShop>1</bIsShowInShop>
		<bIsShowInHeroInfo>0</bIsShowInHeroInfo>
		<UnlockHeroID>10015</UnlockHeroID>
		<Time>72</Time>
		<DefaultSkin>110015</DefaultSkin>
		<DefaultIcon>39</DefaultIcon>
		<OnSaleSkins>0</OnSaleSkins>
	</info>
	<info un32ID="101016">
		<Name>洞窟蝙蝠(3天)</Name>
		<HeroKind>2</HeroKind>
		<un8ConsumeType>1,2</un8ConsumeType>
		<n32Price>1100,110</n32Price>
		<bIsShowInShop>1</bIsShowInShop>
		<bIsShowInHeroInfo>0</bIsShowInHeroInfo>
		<UnlockHeroID>10016</UnlockHeroID>
		<Time>72</Time>
		<DefaultSkin>110016</DefaultSkin>
		<DefaultIcon>40</DefaultIcon>
		<OnSaleSkins>0</OnSaleSkins>
	</info>
	<info un32ID="101017">
		<Name>瘟疫巫师(3天)</Name>
		<HeroKind>2</HeroKind>
		<un8ConsumeType>1,2</un8ConsumeType>
		<n32Price>900,90</n32Price>
		<bIsShowInShop>1</bIsShowInShop>
		<bIsShowInHeroInfo>0</bIsShowInHeroInfo>
		<UnlockHeroID>10017</UnlockHeroID>
		<Time>72</Time>
		<DefaultSkin>110017</DefaultSkin>
		<DefaultIcon>51</DefaultIcon>
		<OnSaleSkins>0</OnSaleSkins>
	</info>
	<info un32ID="101018">
		<Name>嗜魂者(3天)</Name>
		<HeroKind>1</HeroKind>
		<un8ConsumeType>1,2</un8ConsumeType>
		<n32Price>1100,110</n32Price>
		<bIsShowInShop>1</bIsShowInShop>
		<bIsShowInHeroInfo>0</bIsShowInHeroInfo>
		<UnlockHeroID>10018</UnlockHeroID>
		<Time>72</Time>
		<DefaultSkin>110018</DefaultSkin>
		<DefaultIcon>47</DefaultIcon>
		<OnSaleSkins>0</OnSaleSkins>
	</info>
	<info un32ID="101019">
		<Name>泰狱神(3天)</Name>
		<HeroKind>4</HeroKind>
		<un8ConsumeType>1,2</un8ConsumeType>
		<n32Price>1100,110</n32Price>
		<bIsShowInShop>1</bIsShowInShop>
		<bIsShowInHeroInfo>0</bIsShowInHeroInfo>
		<UnlockHeroID>10019</UnlockHeroID>
		<Time>72</Time>
		<DefaultSkin>110019</DefaultSkin>
		<DefaultIcon>49</DefaultIcon>
		<OnSaleSkins>0</OnSaleSkins>
	</info>
	<info/>
	<info un32ID="101021">
		<Name>黑魔律(3天)</Name>
		<HeroKind>2</HeroKind>
		<un8ConsumeType>1,2</un8ConsumeType>
		<n32Price>1500,150</n32Price>
		<bIsShowInShop>1</bIsShowInShop>
		<bIsShowInHeroInfo>0</bIsShowInHeroInfo>
		<UnlockHeroID>10021</UnlockHeroID>
		<Time>72</Time>
		<DefaultSkin>110021</DefaultSkin>
		<DefaultIcon>42</DefaultIcon>
		<OnSaleSkins>0</OnSaleSkins>
	</info>
	<info un32ID="101022">
		<Name>幻魔之刃(3天)</Name>
		<HeroKind>1</HeroKind>
		<un8ConsumeType>1,2</un8ConsumeType>
		<n32Price>1500,150</n32Price>
		<bIsShowInShop>1</bIsShowInShop>
		<bIsShowInHeroInfo>0</bIsShowInHeroInfo>
		<UnlockHeroID>10022</UnlockHeroID>
		<Time>72</Time>
		<DefaultSkin>110022</DefaultSkin>
		<DefaultIcon>50</DefaultIcon>
		<OnSaleSkins>0</OnSaleSkins>
	</info>
	<info/>
	<info un32ID="102001">
		<Name>飞樱漫舞(7天)</Name>
		<HeroKind>2</HeroKind>
		<un8ConsumeType>1,2</un8ConsumeType>
		<n32Price>2500,250</n32Price>
		<bIsShowInShop>1</bIsShowInShop>
		<bIsShowInHeroInfo>0</bIsShowInHeroInfo>
		<UnlockHeroID>10001</UnlockHeroID>
		<Time>168</Time>
		<DefaultSkin>110001</DefaultSkin>
		<DefaultIcon>32</DefaultIcon>
		<OnSaleSkins>111001,111002</OnSaleSkins>
	</info>
	<info un32ID="102002">
		<Name>破灭之剑(7天)</Name>
		<HeroKind>1</HeroKind>
		<un8ConsumeType>0</un8ConsumeType>
		<n32Price>0</n32Price>
		<bIsShowInShop>0</bIsShowInShop>
		<bIsShowInHeroInfo>0</bIsShowInHeroInfo>
		<UnlockHeroID>10002</UnlockHeroID>
		<Time>168</Time>
		<DefaultSkin>110002</DefaultSkin>
		<DefaultIcon>16</DefaultIcon>
		<OnSaleSkins>0</OnSaleSkins>
	</info>
	<info un32ID="102003">
		<Name>幽影幻刺(7天)</Name>
		<HeroKind>1</HeroKind>
		<un8ConsumeType>0</un8ConsumeType>
		<n32Price>0</n32Price>
		<bIsShowInShop>0</bIsShowInShop>
		<bIsShowInHeroInfo>0</bIsShowInHeroInfo>
		<UnlockHeroID>10003</UnlockHeroID>
		<Time>168</Time>
		<DefaultSkin>110003</DefaultSkin>
		<DefaultIcon>12</DefaultIcon>
		<OnSaleSkins>0</OnSaleSkins>
	</info>
	<info un32ID="102004">
		<Name>绝对零度(7天)</Name>
		<HeroKind>2</HeroKind>
		<un8ConsumeType>0</un8ConsumeType>
		<n32Price>0</n32Price>
		<bIsShowInShop>0</bIsShowInShop>
		<bIsShowInHeroInfo>0</bIsShowInHeroInfo>
		<UnlockHeroID>10004</UnlockHeroID>
		<Time>168</Time>
		<DefaultSkin>110004</DefaultSkin>
		<DefaultIcon>7</DefaultIcon>
		<OnSaleSkins>0</OnSaleSkins>
	</info>
	<info un32ID="102005">
		<Name>湮灭烈焰(7天)</Name>
		<HeroKind>3</HeroKind>
		<un8ConsumeType>0</un8ConsumeType>
		<n32Price>0</n32Price>
		<bIsShowInShop>0</bIsShowInShop>
		<bIsShowInHeroInfo>0</bIsShowInHeroInfo>
		<UnlockHeroID>10005</UnlockHeroID>
		<Time>168</Time>
		<DefaultSkin>110005</DefaultSkin>
		<DefaultIcon>8</DefaultIcon>
		<OnSaleSkins>0</OnSaleSkins>
	</info>
	<info un32ID="102006">
		<Name>流星之箭(7天)</Name>
		<HeroKind>1</HeroKind>
		<un8ConsumeType>0</un8ConsumeType>
		<n32Price>0</n32Price>
		<bIsShowInShop>1</bIsShowInShop>
		<bIsShowInHeroInfo>0</bIsShowInHeroInfo>
		<UnlockHeroID>10006</UnlockHeroID>
		<Time>168</Time>
		<DefaultSkin>110006</DefaultSkin>
		<DefaultIcon>17</DefaultIcon>
		<OnSaleSkins>0</OnSaleSkins>
	</info>
	<info un32ID="102007">
		<Name>剧毒行者(7天)</Name>
		<HeroKind>3</HeroKind>
		<un8ConsumeType>0</un8ConsumeType>
		<n32Price>0</n32Price>
		<bIsShowInShop>0</bIsShowInShop>
		<bIsShowInHeroInfo>0</bIsShowInHeroInfo>
		<UnlockHeroID>10007</UnlockHeroID>
		<Time>168</Time>
		<DefaultSkin>110007</DefaultSkin>
		<DefaultIcon>19</DefaultIcon>
		<OnSaleSkins>0</OnSaleSkins>
	</info>
	<info un32ID="102008">
		<Name>冲刺之牙(7天)</Name>
		<HeroKind>1</HeroKind>
		<un8ConsumeType>0</un8ConsumeType>
		<n32Price>0</n32Price>
		<bIsShowInShop>0</bIsShowInShop>
		<bIsShowInHeroInfo>0</bIsShowInHeroInfo>
		<UnlockHeroID>10008</UnlockHeroID>
		<Time>168</Time>
		<DefaultSkin>110008</DefaultSkin>
		<DefaultIcon>28</DefaultIcon>
		<OnSaleSkins>0</OnSaleSkins>
	</info>
	<info un32ID="102009">
		<Name>征战先锋(7天)</Name>
		<HeroKind>4</HeroKind>
		<un8ConsumeType>0</un8ConsumeType>
		<n32Price>0</n32Price>
		<bIsShowInShop>0</bIsShowInShop>
		<bIsShowInHeroInfo>0</bIsShowInHeroInfo>
		<UnlockHeroID>10009</UnlockHeroID>
		<Time>168</Time>
		<DefaultSkin>110009</DefaultSkin>
		<DefaultIcon>23</DefaultIcon>
		<OnSaleSkins>0</OnSaleSkins>
	</info>
	<info un32ID="102010">
		<Name>深渊之刺(7天)</Name>
		<HeroKind>4</HeroKind>
		<un8ConsumeType>1,2</un8ConsumeType>
		<n32Price>1800,180</n32Price>
		<bIsShowInShop>1</bIsShowInShop>
		<bIsShowInHeroInfo>0</bIsShowInHeroInfo>
		<UnlockHeroID>10010</UnlockHeroID>
		<Time>168</Time>
		<DefaultSkin>110010</DefaultSkin>
		<DefaultIcon>14</DefaultIcon>
		<OnSaleSkins>0</OnSaleSkins>
	</info>
	<info un32ID="102011">
		<Name>风暴之女(7天)</Name>
		<HeroKind>2</HeroKind>
		<un8ConsumeType>1,2</un8ConsumeType>
		<n32Price>2250,225</n32Price>
		<bIsShowInShop>1</bIsShowInShop>
		<bIsShowInHeroInfo>0</bIsShowInHeroInfo>
		<UnlockHeroID>10011</UnlockHeroID>
		<Time>168</Time>
		<DefaultSkin>110011</DefaultSkin>
		<DefaultIcon>35</DefaultIcon>
		<OnSaleSkins>0</OnSaleSkins>
	</info>
	<info un32ID="102012">
		<Name>炼狱使者(7天)</Name>
		<HeroKind>1</HeroKind>
		<un8ConsumeType>1,2</un8ConsumeType>
		<n32Price>3000,300</n32Price>
		<bIsShowInShop>1</bIsShowInShop>
		<bIsShowInHeroInfo>0</bIsShowInHeroInfo>
		<UnlockHeroID>10012</UnlockHeroID>
		<Time>168</Time>
		<DefaultSkin>110012</DefaultSkin>
		<DefaultIcon>36</DefaultIcon>
		<OnSaleSkins>0</OnSaleSkins>
	</info>
	<info un32ID="102013">
		<Name>寒辉之羽(7天)</Name>
		<HeroKind>3</HeroKind>
		<un8ConsumeType>1,2</un8ConsumeType>
		<n32Price>2250,225</n32Price>
		<bIsShowInShop>1</bIsShowInShop>
		<bIsShowInHeroInfo>0</bIsShowInHeroInfo>
		<UnlockHeroID>10013</UnlockHeroID>
		<Time>168</Time>
		<DefaultSkin>110013</DefaultSkin>
		<DefaultIcon>37</DefaultIcon>
		<OnSaleSkins>0</OnSaleSkins>
	</info>
	<info un32ID="102014">
		<Name>石斧巨人(7天)</Name>
		<HeroKind>4</HeroKind>
		<un8ConsumeType>1,2</un8ConsumeType>
		<n32Price>3000,300</n32Price>
		<bIsShowInShop>0</bIsShowInShop>
		<bIsShowInHeroInfo>0</bIsShowInHeroInfo>
		<UnlockHeroID>10014</UnlockHeroID>
		<Time>168</Time>
		<DefaultSkin>110014</DefaultSkin>
		<DefaultIcon>38</DefaultIcon>
		<OnSaleSkins>0</OnSaleSkins>
	</info>
	<info un32ID="102015">
		<Name>惩戒者(7天)</Name>
		<HeroKind>2</HeroKind>
		<un8ConsumeType>1,2</un8ConsumeType>
		<n32Price>2250,225</n32Price>
		<bIsShowInShop>1</bIsShowInShop>
		<bIsShowInHeroInfo>0</bIsShowInHeroInfo>
		<UnlockHeroID>10015</UnlockHeroID>
		<Time>168</Time>
		<DefaultSkin>110015</DefaultSkin>
		<DefaultIcon>39</DefaultIcon>
		<OnSaleSkins>0</OnSaleSkins>
	</info>
	<info un32ID="102016">
		<Name>洞窟蝙蝠(7天)</Name>
		<HeroKind>2</HeroKind>
		<un8ConsumeType>1,2</un8ConsumeType>
		<n32Price>2250,225</n32Price>
		<bIsShowInShop>1</bIsShowInShop>
		<bIsShowInHeroInfo>0</bIsShowInHeroInfo>
		<UnlockHeroID>10016</UnlockHeroID>
		<Time>168</Time>
		<DefaultSkin>110016</DefaultSkin>
		<DefaultIcon>40</DefaultIcon>
		<OnSaleSkins>0</OnSaleSkins>
	</info>
	<info un32ID="102017">
		<Name>瘟疫巫师(7天)</Name>
		<HeroKind>2</HeroKind>
		<un8ConsumeType>1,2</un8ConsumeType>
		<n32Price>1800,180</n32Price>
		<bIsShowInShop>1</bIsShowInShop>
		<bIsShowInHeroInfo>0</bIsShowInHeroInfo>
		<UnlockHeroID>10017</UnlockHeroID>
		<Time>168</Time>
		<DefaultSkin>110017</DefaultSkin>
		<DefaultIcon>51</DefaultIcon>
		<OnSaleSkins>0</OnSaleSkins>
	</info>
	<info un32ID="102018">
		<Name>嗜魂者(7天)</Name>
		<HeroKind>1</HeroKind>
		<un8ConsumeType>1,2</un8ConsumeType>
		<n32Price>2250,225</n32Price>
		<bIsShowInShop>1</bIsShowInShop>
		<bIsShowInHeroInfo>0</bIsShowInHeroInfo>
		<UnlockHeroID>10018</UnlockHeroID>
		<Time>168</Time>
		<DefaultSkin>110018</DefaultSkin>
		<DefaultIcon>47</DefaultIcon>
		<OnSaleSkins>0</OnSaleSkins>
	</info>
	<info un32ID="102019">
		<Name>泰狱神(7天)</Name>
		<HeroKind>4</HeroKind>
		<un8ConsumeType>1,2</un8ConsumeType>
		<n32Price>2250,225</n32Price>
		<bIsShowInShop>1</bIsShowInShop>
		<bIsShowInHeroInfo>0</bIsShowInHeroInfo>
		<UnlockHeroID>10019</UnlockHeroID>
		<Time>168</Time>
		<DefaultSkin>110019</DefaultSkin>
		<DefaultIcon>49</DefaultIcon>
		<OnSaleSkins>0</OnSaleSkins>
	</info>
	<info/>
	<info un32ID="102021">
		<Name>黑魔律(7天)</Name>
		<HeroKind>2</HeroKind>
		<un8ConsumeType>1,2</un8ConsumeType>
		<n32Price>3000,300</n32Price>
		<bIsShowInShop>1</bIsShowInShop>
		<bIsShowInHeroInfo>0</bIsShowInHeroInfo>
		<UnlockHeroID>10021</UnlockHeroID>
		<Time>168</Time>
		<DefaultSkin>110021</DefaultSkin>
		<DefaultIcon>42</DefaultIcon>
		<OnSaleSkins>0</OnSaleSkins>
	</info>
	<info un32ID="102022">
		<Name>幻魔之刃(7天)</Name>
		<HeroKind>1</HeroKind>
		<un8ConsumeType>1,2</un8ConsumeType>
		<n32Price>3000,300</n32Price>
		<bIsShowInShop>1</bIsShowInShop>
		<bIsShowInHeroInfo>0</bIsShowInHeroInfo>
		<UnlockHeroID>10022</UnlockHeroID>
		<Time>168</Time>
		<DefaultSkin>110022</DefaultSkin>
		<DefaultIcon>50</DefaultIcon>
		<OnSaleSkins>0</OnSaleSkins>
	</info>
</HeroBuyCfg>