<?xml version="1.0" encoding="UTF-8" standalone="yes"?>
<RuneCfg xmlns:xsi="http://www.w3.org/2001/XMLSchema-instance">
	<info un32ID="120101">
		<RuneName>一级物攻符文</RuneName>
		<un8Level>1</un8Level>
		<un8EffectID>5</un8EffectID>
		<n32EffectVal>0.4</n32EffectVal>
		<fEffectPer>0</fEffectPer>
		<un8ConsumeType>1</un8ConsumeType>
		<n32PriceSeries>40</n32PriceSeries>
		<bIsShowInShop>1</bIsShowInShop>
		<bIsCanRandomComposed>1</bIsCanRandomComposed>
		<n32ComposedSubID>0</n32ComposedSubID>
		<Description>+{0}点物理攻击</Description>
		<Icon>1401</Icon>
	</info>
	<info un32ID="120102">
		<RuneName>一级攻速符文</RuneName>
		<un8Level>1</un8Level>
		<un8EffectID>10</un8EffectID>
		<n32EffectVal>0</n32EffectVal>
		<fEffectPer>1.9</fEffectPer>
		<un8ConsumeType>1</un8ConsumeType>
		<n32PriceSeries>40</n32PriceSeries>
		<bIsShowInShop>1</bIsShowInShop>
		<bIsCanRandomComposed>1</bIsCanRandomComposed>
		<n32ComposedSubID>0</n32ComposedSubID>
		<Description>+{1}%攻击速度</Description>
		<Icon>1201</Icon>
	</info>
	<info un32ID="120103">
		<RuneName>一级狂暴符文</RuneName>
		<un8Level>1</un8Level>
		<un8EffectID>24</un8EffectID>
		<n32EffectVal>4.1</n32EffectVal>
		<fEffectPer>0</fEffectPer>
		<un8ConsumeType>1</un8ConsumeType>
		<n32PriceSeries>40</n32PriceSeries>
		<bIsShowInShop>1</bIsShowInShop>
		<bIsCanRandomComposed>1</bIsCanRandomComposed>
		<n32ComposedSubID>0</n32ComposedSubID>
		<Description>+{0}%暴击伤害</Description>
		<Icon>201</Icon>
	</info>
	<info un32ID="120104">
		<RuneName>一级暴击符文</RuneName>
		<un8Level>1</un8Level>
		<un8EffectID>23</un8EffectID>
		<n32EffectVal>1.9</n32EffectVal>
		<fEffectPer>0</fEffectPer>
		<un8ConsumeType>1</un8ConsumeType>
		<n32PriceSeries>40</n32PriceSeries>
		<bIsShowInShop>1</bIsShowInShop>
		<bIsCanRandomComposed>1</bIsCanRandomComposed>
		<n32ComposedSubID>0</n32ComposedSubID>
		<Description>+{0}%暴击几率</Description>
		<Icon>301</Icon>
	</info>
	<info un32ID="120105">
		<RuneName>一级魔攻符文</RuneName>
		<un8Level>1</un8Level>
		<un8EffectID>6</un8EffectID>
		<n32EffectVal>0.67</n32EffectVal>
		<fEffectPer>0</fEffectPer>
		<un8ConsumeType>1</un8ConsumeType>
		<n32PriceSeries>40</n32PriceSeries>
		<bIsShowInShop>1</bIsShowInShop>
		<bIsCanRandomComposed>1</bIsCanRandomComposed>
		<n32ComposedSubID>0</n32ComposedSubID>
		<Description>+{0}点魔法攻击</Description>
		<Icon>501</Icon>
	</info>
	<info un32ID="120106">
		<RuneName>一级物防符文</RuneName>
		<un8Level>1</un8Level>
		<un8EffectID>7</un8EffectID>
		<n32EffectVal>0.68</n32EffectVal>
		<fEffectPer>0</fEffectPer>
		<un8ConsumeType>1</un8ConsumeType>
		<n32PriceSeries>40</n32PriceSeries>
		<bIsShowInShop>1</bIsShowInShop>
		<bIsCanRandomComposed>1</bIsCanRandomComposed>
		<n32ComposedSubID>0</n32ComposedSubID>
		<Description>+{0}点物理防御</Description>
		<Icon>1301</Icon>
	</info>
	<info un32ID="120107">
		<RuneName>一级魔防符文</RuneName>
		<un8Level>1</un8Level>
		<un8EffectID>8</un8EffectID>
		<n32EffectVal>0.7</n32EffectVal>
		<fEffectPer>0</fEffectPer>
		<un8ConsumeType>1</un8ConsumeType>
		<n32PriceSeries>40</n32PriceSeries>
		<bIsShowInShop>1</bIsShowInShop>
		<bIsCanRandomComposed>1</bIsCanRandomComposed>
		<n32ComposedSubID>0</n32ComposedSubID>
		<Description>+{0}点魔法防御</Description>
		<Icon>401</Icon>
	</info>
	<info un32ID="120108">
		<RuneName>一级生命符文</RuneName>
		<un8Level>1</un8Level>
		<un8EffectID>11</un8EffectID>
		<n32EffectVal>3.1</n32EffectVal>
		<fEffectPer>0</fEffectPer>
		<un8ConsumeType>1</un8ConsumeType>
		<n32PriceSeries>40</n32PriceSeries>
		<bIsShowInShop>1</bIsShowInShop>
		<bIsCanRandomComposed>1</bIsCanRandomComposed>
		<n32ComposedSubID>0</n32ComposedSubID>
		<Description>+{0}点生命值</Description>
		<Icon>1101</Icon>
	</info>
	<info un32ID="120109">
		<RuneName>一级长生符文</RuneName>
		<un8Level>1</un8Level>
		<un8EffectID>11</un8EffectID>
		<n32EffectVal>0</n32EffectVal>
		<fEffectPer>2</fEffectPer>
		<un8ConsumeType>1</un8ConsumeType>
		<n32PriceSeries>40</n32PriceSeries>
		<bIsShowInShop>1</bIsShowInShop>
		<bIsCanRandomComposed>1</bIsCanRandomComposed>
		<n32ComposedSubID>0</n32ComposedSubID>
		<Description>+{1}%生命值</Description>
		<Icon>901</Icon>
	</info>
	<info un32ID="120110">
		<RuneName>一级回血符文</RuneName>
		<un8Level>1</un8Level>
		<un8EffectID>13</un8EffectID>
		<n32EffectVal>60</n32EffectVal>
		<fEffectPer>0</fEffectPer>
		<un8ConsumeType>1</un8ConsumeType>
		<n32PriceSeries>40</n32PriceSeries>
		<bIsShowInShop>1</bIsShowInShop>
		<bIsCanRandomComposed>0</bIsCanRandomComposed>
		<n32ComposedSubID>0</n32ComposedSubID>
		<Description>+{0}点/秒生命回复</Description>
		<Icon>1001</Icon>
	</info>
	<info un32ID="120111">
		<RuneName>一级魔法符文</RuneName>
		<un8Level>1</un8Level>
		<un8EffectID>12</un8EffectID>
		<n32EffectVal>1.61</n32EffectVal>
		<fEffectPer>0</fEffectPer>
		<un8ConsumeType>1</un8ConsumeType>
		<n32PriceSeries>40</n32PriceSeries>
		<bIsShowInShop>1</bIsShowInShop>
		<bIsCanRandomComposed>1</bIsCanRandomComposed>
		<n32ComposedSubID>0</n32ComposedSubID>
		<Description>+{0}点魔法值</Description>
		<Icon>801</Icon>
	</info>
	<info un32ID="120112">
		<RuneName>一级回魔符文</RuneName>
		<un8Level>1</un8Level>
		<un8EffectID>14</un8EffectID>
		<n32EffectVal>60</n32EffectVal>
		<fEffectPer>0</fEffectPer>
		<un8ConsumeType>1</un8ConsumeType>
		<n32PriceSeries>40</n32PriceSeries>
		<bIsShowInShop>1</bIsShowInShop>
		<bIsCanRandomComposed>1</bIsCanRandomComposed>
		<n32ComposedSubID>0</n32ComposedSubID>
		<Description>+{0}点/秒魔法回复</Description>
		<Icon>701</Icon>
	</info>
	<info un32ID="120113">
		<RuneName>一级魔泉符文</RuneName>
		<un8Level>1</un8Level>
		<un8EffectID>14</un8EffectID>
		<n32EffectVal>0</n32EffectVal>
		<fEffectPer>9.9</fEffectPer>
		<un8ConsumeType>1</un8ConsumeType>
		<n32PriceSeries>40</n32PriceSeries>
		<bIsShowInShop>1</bIsShowInShop>
		<bIsCanRandomComposed>1</bIsCanRandomComposed>
		<n32ComposedSubID>0</n32ComposedSubID>
		<Description>+{1}%魔法回复</Description>
		<Icon>601</Icon>
	</info>
	<info un32ID="120114">
		<RuneName>一级招财符文</RuneName>
		<un8Level>1</un8Level>
		<un8EffectID>25</un8EffectID>
		<n32EffectVal>0.02</n32EffectVal>
		<fEffectPer>0</fEffectPer>
		<un8ConsumeType>1</un8ConsumeType>
		<n32PriceSeries>40</n32PriceSeries>
		<bIsShowInShop>1</bIsShowInShop>
		<bIsCanRandomComposed>1</bIsCanRandomComposed>
		<n32ComposedSubID>0</n32ComposedSubID>
		<Description>+{0}点/秒CP回复</Description>
		<Icon>101</Icon>
	</info>
	<info un32ID="120115">
		<RuneName>一级疾跑符文</RuneName>
		<un8Level>1</un8Level>
		<un8EffectID>9</un8EffectID>
		<n32EffectVal>0.5</n32EffectVal>
		<fEffectPer>0</fEffectPer>
		<un8ConsumeType>1</un8ConsumeType>
		<n32PriceSeries>40</n32PriceSeries>
		<bIsShowInShop>0</bIsShowInShop>
		<bIsCanRandomComposed>0</bIsCanRandomComposed>
		<n32ComposedSubID>0</n32ComposedSubID>
		<Description>+{0}点移动速度</Description>
		<Icon>0</Icon>
	</info>
	<info un32ID="120201">
		<RuneName>二级物攻符文</RuneName>
		<un8Level>2</un8Level>
		<un8EffectID>5</un8EffectID>
		<n32EffectVal>0.6</n32EffectVal>
		<fEffectPer>0</fEffectPer>
		<un8ConsumeType>1</un8ConsumeType>
		<n32PriceSeries>120</n32PriceSeries>
		<bIsShowInShop>1</bIsShowInShop>
		<bIsCanRandomComposed>1</bIsCanRandomComposed>
		<n32ComposedSubID>120101</n32ComposedSubID>
		<Description>+{0}点物理攻击</Description>
		<Icon>1402</Icon>
	</info>
	<info un32ID="120202">
		<RuneName>二级攻速符文</RuneName>
		<un8Level>2</un8Level>
		<un8EffectID>10</un8EffectID>
		<n32EffectVal>0</n32EffectVal>
		<fEffectPer>2.9</fEffectPer>
		<un8ConsumeType>1</un8ConsumeType>
		<n32PriceSeries>120</n32PriceSeries>
		<bIsShowInShop>1</bIsShowInShop>
		<bIsCanRandomComposed>1</bIsCanRandomComposed>
		<n32ComposedSubID>120102</n32ComposedSubID>
		<Description>+{1}%攻击速度</Description>
		<Icon>1202</Icon>
	</info>
	<info un32ID="120203">
		<RuneName>二级狂暴符文</RuneName>
		<un8Level>2</un8Level>
		<un8EffectID>24</un8EffectID>
		<n32EffectVal>6.2</n32EffectVal>
		<fEffectPer>0</fEffectPer>
		<un8ConsumeType>1</un8ConsumeType>
		<n32PriceSeries>120</n32PriceSeries>
		<bIsShowInShop>1</bIsShowInShop>
		<bIsCanRandomComposed>1</bIsCanRandomComposed>
		<n32ComposedSubID>120103</n32ComposedSubID>
		<Description>+{0}%暴击伤害</Description>
		<Icon>202</Icon>
	</info>
	<info un32ID="120204">
		<RuneName>二级暴击符文</RuneName>
		<un8Level>2</un8Level>
		<un8EffectID>23</un8EffectID>
		<n32EffectVal>2.9</n32EffectVal>
		<fEffectPer>0</fEffectPer>
		<un8ConsumeType>1</un8ConsumeType>
		<n32PriceSeries>120</n32PriceSeries>
		<bIsShowInShop>1</bIsShowInShop>
		<bIsCanRandomComposed>1</bIsCanRandomComposed>
		<n32ComposedSubID>120104</n32ComposedSubID>
		<Description>+{0}%暴击几率</Description>
		<Icon>302</Icon>
	</info>
	<info un32ID="120205">
		<RuneName>二级魔攻符文</RuneName>
		<un8Level>2</un8Level>
		<un8EffectID>6</un8EffectID>
		<n32EffectVal>1.01</n32EffectVal>
		<fEffectPer>0</fEffectPer>
		<un8ConsumeType>1</un8ConsumeType>
		<n32PriceSeries>120</n32PriceSeries>
		<bIsShowInShop>1</bIsShowInShop>
		<bIsCanRandomComposed>1</bIsCanRandomComposed>
		<n32ComposedSubID>120105</n32ComposedSubID>
		<Description>+{0}点魔法攻击</Description>
		<Icon>502</Icon>
	</info>
	<info un32ID="120206">
		<RuneName>二级物防符文</RuneName>
		<un8Level>2</un8Level>
		<un8EffectID>7</un8EffectID>
		<n32EffectVal>1.02</n32EffectVal>
		<fEffectPer>0</fEffectPer>
		<un8ConsumeType>1</un8ConsumeType>
		<n32PriceSeries>120</n32PriceSeries>
		<bIsShowInShop>1</bIsShowInShop>
		<bIsCanRandomComposed>1</bIsCanRandomComposed>
		<n32ComposedSubID>120106</n32ComposedSubID>
		<Description>+{0}点物理防御</Description>
		<Icon>1302</Icon>
	</info>
	<info un32ID="120207">
		<RuneName>二级魔防符文</RuneName>
		<un8Level>2</un8Level>
		<un8EffectID>8</un8EffectID>
		<n32EffectVal>1.05</n32EffectVal>
		<fEffectPer>0</fEffectPer>
		<un8ConsumeType>1</un8ConsumeType>
		<n32PriceSeries>120</n32PriceSeries>
		<bIsShowInShop>1</bIsShowInShop>
		<bIsCanRandomComposed>1</bIsCanRandomComposed>
		<n32ComposedSubID>120107</n32ComposedSubID>
		<Description>+{0}点魔法防御</Description>
		<Icon>402</Icon>
	</info>
	<info un32ID="120208">
		<RuneName>二级生命符文</RuneName>
		<un8Level>2</un8Level>
		<un8EffectID>11</un8EffectID>
		<n32EffectVal>4.65</n32EffectVal>
		<fEffectPer>0</fEffectPer>
		<un8ConsumeType>1</un8ConsumeType>
		<n32PriceSeries>120</n32PriceSeries>
		<bIsShowInShop>1</bIsShowInShop>
		<bIsCanRandomComposed>1</bIsCanRandomComposed>
		<n32ComposedSubID>120108</n32ComposedSubID>
		<Description>+{0}点生命值</Description>
		<Icon>1102</Icon>
	</info>
	<info un32ID="120209">
		<RuneName>二级长生符文</RuneName>
		<un8Level>2</un8Level>
		<un8EffectID>11</un8EffectID>
		<n32EffectVal>0</n32EffectVal>
		<fEffectPer>3</fEffectPer>
		<un8ConsumeType>1</un8ConsumeType>
		<n32PriceSeries>120</n32PriceSeries>
		<bIsShowInShop>1</bIsShowInShop>
		<bIsCanRandomComposed>1</bIsCanRandomComposed>
		<n32ComposedSubID>120109</n32ComposedSubID>
		<Description>+{1}%生命值</Description>
		<Icon>902</Icon>
	</info>
	<info un32ID="120210">
		<RuneName>二级回血符文</RuneName>
		<un8Level>2</un8Level>
		<un8EffectID>13</un8EffectID>
		<n32EffectVal>90</n32EffectVal>
		<fEffectPer>0</fEffectPer>
		<un8ConsumeType>1</un8ConsumeType>
		<n32PriceSeries>120</n32PriceSeries>
		<bIsShowInShop>1</bIsShowInShop>
		<bIsCanRandomComposed>1</bIsCanRandomComposed>
		<n32ComposedSubID>120110</n32ComposedSubID>
		<Description>+{0}点/秒生命回复</Description>
		<Icon>1002</Icon>
	</info>
	<info un32ID="120211">
		<RuneName>二级魔法符文</RuneName>
		<un8Level>2</un8Level>
		<un8EffectID>12</un8EffectID>
		<n32EffectVal>2.42</n32EffectVal>
		<fEffectPer>0</fEffectPer>
		<un8ConsumeType>1</un8ConsumeType>
		<n32PriceSeries>120</n32PriceSeries>
		<bIsShowInShop>1</bIsShowInShop>
		<bIsCanRandomComposed>1</bIsCanRandomComposed>
		<n32ComposedSubID>120111</n32ComposedSubID>
		<Description>+{0}点魔法值</Description>
		<Icon>802</Icon>
	</info>
	<info un32ID="120212">
		<RuneName>二级回魔符文</RuneName>
		<un8Level>2</un8Level>
		<un8EffectID>14</un8EffectID>
		<n32EffectVal>90</n32EffectVal>
		<fEffectPer>0</fEffectPer>
		<un8ConsumeType>1</un8ConsumeType>
		<n32PriceSeries>120</n32PriceSeries>
		<bIsShowInShop>1</bIsShowInShop>
		<bIsCanRandomComposed>1</bIsCanRandomComposed>
		<n32ComposedSubID>120112</n32ComposedSubID>
		<Description>+{0}点/秒魔法回复</Description>
		<Icon>702</Icon>
	</info>
	<info un32ID="120213">
		<RuneName>二级魔泉符文</RuneName>
		<un8Level>2</un8Level>
		<un8EffectID>14</un8EffectID>
		<n32EffectVal>0</n32EffectVal>
		<fEffectPer>14.9</fEffectPer>
		<un8ConsumeType>1</un8ConsumeType>
		<n32PriceSeries>120</n32PriceSeries>
		<bIsShowInShop>1</bIsShowInShop>
		<bIsCanRandomComposed>1</bIsCanRandomComposed>
		<n32ComposedSubID>120113</n32ComposedSubID>
		<Description>+{1}%魔法回复</Description>
		<Icon>602</Icon>
	</info>
	<info un32ID="120214">
		<RuneName>二级招财符文</RuneName>
		<un8Level>2</un8Level>
		<un8EffectID>25</un8EffectID>
		<n32EffectVal>0.03</n32EffectVal>
		<fEffectPer>0</fEffectPer>
		<un8ConsumeType>1</un8ConsumeType>
		<n32PriceSeries>120</n32PriceSeries>
		<bIsShowInShop>1</bIsShowInShop>
		<bIsCanRandomComposed>1</bIsCanRandomComposed>
		<n32ComposedSubID>120114</n32ComposedSubID>
		<Description>+{0}点/秒CP回复</Description>
		<Icon>102</Icon>
	</info>
	<info un32ID="120215">
		<RuneName>二级疾跑符文</RuneName>
		<un8Level>2</un8Level>
		<un8EffectID>9</un8EffectID>
		<n32EffectVal>0.75</n32EffectVal>
		<fEffectPer>0</fEffectPer>
		<un8ConsumeType>1</un8ConsumeType>
		<n32PriceSeries>120</n32PriceSeries>
		<bIsShowInShop>0</bIsShowInShop>
		<bIsCanRandomComposed>0</bIsCanRandomComposed>
		<n32ComposedSubID>0</n32ComposedSubID>
		<Description>+{0}点移动速度</Description>
		<Icon>0</Icon>
	</info>
	<info un32ID="120301">
		<RuneName>三级物攻符文</RuneName>
		<un8Level>3</un8Level>
		<un8EffectID>5</un8EffectID>
		<n32EffectVal>0.9</n32EffectVal>
		<fEffectPer>0</fEffectPer>
		<un8ConsumeType>1</un8ConsumeType>
		<n32PriceSeries>360</n32PriceSeries>
		<bIsShowInShop>1</bIsShowInShop>
		<bIsCanRandomComposed>1</bIsCanRandomComposed>
		<n32ComposedSubID>120201</n32ComposedSubID>
		<Description>+{0}点物理攻击</Description>
		<Icon>1403</Icon>
	</info>
	<info un32ID="120302">
		<RuneName>三级攻速符文</RuneName>
		<un8Level>3</un8Level>
		<un8EffectID>10</un8EffectID>
		<n32EffectVal>0</n32EffectVal>
		<fEffectPer>4.3</fEffectPer>
		<un8ConsumeType>1</un8ConsumeType>
		<n32PriceSeries>360</n32PriceSeries>
		<bIsShowInShop>1</bIsShowInShop>
		<bIsCanRandomComposed>1</bIsCanRandomComposed>
		<n32ComposedSubID>120202</n32ComposedSubID>
		<Description>+{1}%攻击速度</Description>
		<Icon>1203</Icon>
	</info>
	<info un32ID="120303">
		<RuneName>三级狂暴符文</RuneName>
		<un8Level>3</un8Level>
		<un8EffectID>24</un8EffectID>
		<n32EffectVal>9.2</n32EffectVal>
		<fEffectPer>0</fEffectPer>
		<un8ConsumeType>1</un8ConsumeType>
		<n32PriceSeries>360</n32PriceSeries>
		<bIsShowInShop>1</bIsShowInShop>
		<bIsCanRandomComposed>1</bIsCanRandomComposed>
		<n32ComposedSubID>120203</n32ComposedSubID>
		<Description>+{0}%暴击伤害</Description>
		<Icon>203</Icon>
	</info>
	<info un32ID="120304">
		<RuneName>三级暴击符文</RuneName>
		<un8Level>3</un8Level>
		<un8EffectID>23</un8EffectID>
		<n32EffectVal>4.3</n32EffectVal>
		<fEffectPer>0</fEffectPer>
		<un8ConsumeType>1</un8ConsumeType>
		<n32PriceSeries>360</n32PriceSeries>
		<bIsShowInShop>1</bIsShowInShop>
		<bIsCanRandomComposed>1</bIsCanRandomComposed>
		<n32ComposedSubID>120204</n32ComposedSubID>
		<Description>+{0}%暴击几率</Description>
		<Icon>303</Icon>
	</info>
	<info un32ID="120305">
		<RuneName>三级魔攻符文</RuneName>
		<un8Level>3</un8Level>
		<un8EffectID>6</un8EffectID>
		<n32EffectVal>1.51</n32EffectVal>
		<fEffectPer>0</fEffectPer>
		<un8ConsumeType>1</un8ConsumeType>
		<n32PriceSeries>360</n32PriceSeries>
		<bIsShowInShop>1</bIsShowInShop>
		<bIsCanRandomComposed>1</bIsCanRandomComposed>
		<n32ComposedSubID>120205</n32ComposedSubID>
		<Description>+{0}点魔法攻击</Description>
		<Icon>503</Icon>
	</info>
	<info un32ID="120306">
		<RuneName>三级物防符文</RuneName>
		<un8Level>3</un8Level>
		<un8EffectID>7</un8EffectID>
		<n32EffectVal>1.53</n32EffectVal>
		<fEffectPer>0</fEffectPer>
		<un8ConsumeType>1</un8ConsumeType>
		<n32PriceSeries>360</n32PriceSeries>
		<bIsShowInShop>1</bIsShowInShop>
		<bIsCanRandomComposed>1</bIsCanRandomComposed>
		<n32ComposedSubID>120206</n32ComposedSubID>
		<Description>+{0}点物理防御</Description>
		<Icon>1303</Icon>
	</info>
	<info un32ID="120307">
		<RuneName>三级魔防符文</RuneName>
		<un8Level>3</un8Level>
		<un8EffectID>8</un8EffectID>
		<n32EffectVal>1.58</n32EffectVal>
		<fEffectPer>0</fEffectPer>
		<un8ConsumeType>1</un8ConsumeType>
		<n32PriceSeries>360</n32PriceSeries>
		<bIsShowInShop>1</bIsShowInShop>
		<bIsCanRandomComposed>1</bIsCanRandomComposed>
		<n32ComposedSubID>120207</n32ComposedSubID>
		<Description>+{0}点魔法防御</Description>
		<Icon>403</Icon>
	</info>
	<info un32ID="120308">
		<RuneName>三级生命符文</RuneName>
		<un8Level>3</un8Level>
		<un8EffectID>11</un8EffectID>
		<n32EffectVal>6.98</n32EffectVal>
		<fEffectPer>0</fEffectPer>
		<un8ConsumeType>1</un8ConsumeType>
		<n32PriceSeries>360</n32PriceSeries>
		<bIsShowInShop>1</bIsShowInShop>
		<bIsCanRandomComposed>1</bIsCanRandomComposed>
		<n32ComposedSubID>120208</n32ComposedSubID>
		<Description>+{0}点生命值</Description>
		<Icon>1103</Icon>
	</info>
	<info un32ID="120309">
		<RuneName>三级长生符文</RuneName>
		<un8Level>3</un8Level>
		<un8EffectID>11</un8EffectID>
		<n32EffectVal>0</n32EffectVal>
		<fEffectPer>4.5</fEffectPer>
		<un8ConsumeType>1</un8ConsumeType>
		<n32PriceSeries>360</n32PriceSeries>
		<bIsShowInShop>1</bIsShowInShop>
		<bIsCanRandomComposed>1</bIsCanRandomComposed>
		<n32ComposedSubID>120209</n32ComposedSubID>
		<Description>+{1}%生命值</Description>
		<Icon>903</Icon>
	</info>
	<info un32ID="120310">
		<RuneName>三级回血符文</RuneName>
		<un8Level>3</un8Level>
		<un8EffectID>13</un8EffectID>
		<n32EffectVal>140</n32EffectVal>
		<fEffectPer>0</fEffectPer>
		<un8ConsumeType>1</un8ConsumeType>
		<n32PriceSeries>360</n32PriceSeries>
		<bIsShowInShop>1</bIsShowInShop>
		<bIsCanRandomComposed>1</bIsCanRandomComposed>
		<n32ComposedSubID>120210</n32ComposedSubID>
		<Description>+{0}点/秒生命回复</Description>
		<Icon>1003</Icon>
	</info>
	<info un32ID="120311">
		<RuneName>三级魔法符文</RuneName>
		<un8Level>3</un8Level>
		<un8EffectID>12</un8EffectID>
		<n32EffectVal>3.62</n32EffectVal>
		<fEffectPer>0</fEffectPer>
		<un8ConsumeType>1</un8ConsumeType>
		<n32PriceSeries>360</n32PriceSeries>
		<bIsShowInShop>1</bIsShowInShop>
		<bIsCanRandomComposed>1</bIsCanRandomComposed>
		<n32ComposedSubID>120211</n32ComposedSubID>
		<Description>+{0}点魔法值</Description>
		<Icon>803</Icon>
	</info>
	<info un32ID="120312">
		<RuneName>三级回魔符文</RuneName>
		<un8Level>3</un8Level>
		<un8EffectID>14</un8EffectID>
		<n32EffectVal>140</n32EffectVal>
		<fEffectPer>0</fEffectPer>
		<un8ConsumeType>1</un8ConsumeType>
		<n32PriceSeries>360</n32PriceSeries>
		<bIsShowInShop>1</bIsShowInShop>
		<bIsCanRandomComposed>1</bIsCanRandomComposed>
		<n32ComposedSubID>120212</n32ComposedSubID>
		<Description>+{0}点/秒魔法回复</Description>
		<Icon>703</Icon>
	</info>
	<info un32ID="120313">
		<RuneName>三级魔泉符文</RuneName>
		<un8Level>3</un8Level>
		<un8EffectID>14</un8EffectID>
		<n32EffectVal>0</n32EffectVal>
		<fEffectPer>22.3</fEffectPer>
		<un8ConsumeType>1</un8ConsumeType>
		<n32PriceSeries>360</n32PriceSeries>
		<bIsShowInShop>1</bIsShowInShop>
		<bIsCanRandomComposed>1</bIsCanRandomComposed>
		<n32ComposedSubID>120213</n32ComposedSubID>
		<Description>+{1}%魔法回复</Description>
		<Icon>603</Icon>
	</info>
	<info un32ID="120314">
		<RuneName>三级招财符文</RuneName>
		<un8Level>3</un8Level>
		<un8EffectID>25</un8EffectID>
		<n32EffectVal>0.05</n32EffectVal>
		<fEffectPer>0</fEffectPer>
		<un8ConsumeType>1</un8ConsumeType>
		<n32PriceSeries>360</n32PriceSeries>
		<bIsShowInShop>1</bIsShowInShop>
		<bIsCanRandomComposed>1</bIsCanRandomComposed>
		<n32ComposedSubID>120214</n32ComposedSubID>
		<Description>+{0}点/秒CP回复</Description>
		<Icon>103</Icon>
	</info>
	<info un32ID="120315">
		<RuneName>三级疾跑符文</RuneName>
		<un8Level>3</un8Level>
		<un8EffectID>9</un8EffectID>
		<n32EffectVal>1.13</n32EffectVal>
		<fEffectPer>0</fEffectPer>
		<un8ConsumeType>1</un8ConsumeType>
		<n32PriceSeries>360</n32PriceSeries>
		<bIsShowInShop>0</bIsShowInShop>
		<bIsCanRandomComposed>0</bIsCanRandomComposed>
		<n32ComposedSubID>0</n32ComposedSubID>
		<Description>+{0}点移动速度</Description>
		<Icon>0</Icon>
	</info>
	<info un32ID="120401">
		<RuneName>四级物攻符文</RuneName>
		<un8Level>4</un8Level>
		<un8EffectID>5</un8EffectID>
		<n32EffectVal>1.35</n32EffectVal>
		<fEffectPer>0</fEffectPer>
		<un8ConsumeType>1,2</un8ConsumeType>
		<n32PriceSeries>1080,108</n32PriceSeries>
		<bIsShowInShop>0</bIsShowInShop>
		<bIsCanRandomComposed>1</bIsCanRandomComposed>
		<n32ComposedSubID>120301</n32ComposedSubID>
		<Description>+{0}点物理攻击</Description>
		<Icon>1404</Icon>
	</info>
	<info un32ID="120402">
		<RuneName>四级攻速符文</RuneName>
		<un8Level>4</un8Level>
		<un8EffectID>10</un8EffectID>
		<n32EffectVal>0</n32EffectVal>
		<fEffectPer>6.4</fEffectPer>
		<un8ConsumeType>1,2</un8ConsumeType>
		<n32PriceSeries>1080,108</n32PriceSeries>
		<bIsShowInShop>0</bIsShowInShop>
		<bIsCanRandomComposed>1</bIsCanRandomComposed>
		<n32ComposedSubID>120302</n32ComposedSubID>
		<Description>+{1}%攻击速度</Description>
		<Icon>1204</Icon>
	</info>
	<info un32ID="120403">
		<RuneName>四级狂暴符文</RuneName>
		<un8Level>4</un8Level>
		<un8EffectID>24</un8EffectID>
		<n32EffectVal>13.8</n32EffectVal>
		<fEffectPer>0</fEffectPer>
		<un8ConsumeType>1,2</un8ConsumeType>
		<n32PriceSeries>1080,108</n32PriceSeries>
		<bIsShowInShop>0</bIsShowInShop>
		<bIsCanRandomComposed>1</bIsCanRandomComposed>
		<n32ComposedSubID>120303</n32ComposedSubID>
		<Description>+{0}%暴击伤害</Description>
		<Icon>204</Icon>
	</info>
	<info un32ID="120404">
		<RuneName>四级暴击符文</RuneName>
		<un8Level>4</un8Level>
		<un8EffectID>23</un8EffectID>
		<n32EffectVal>6.4</n32EffectVal>
		<fEffectPer>0</fEffectPer>
		<un8ConsumeType>1,2</un8ConsumeType>
		<n32PriceSeries>1080,108</n32PriceSeries>
		<bIsShowInShop>0</bIsShowInShop>
		<bIsCanRandomComposed>1</bIsCanRandomComposed>
		<n32ComposedSubID>120304</n32ComposedSubID>
		<Description>+{0}%暴击几率</Description>
		<Icon>304</Icon>
	</info>
	<info un32ID="120405">
		<RuneName>四级魔攻符文</RuneName>
		<un8Level>4</un8Level>
		<un8EffectID>6</un8EffectID>
		<n32EffectVal>2.26</n32EffectVal>
		<fEffectPer>0</fEffectPer>
		<un8ConsumeType>1,2</un8ConsumeType>
		<n32PriceSeries>1080,108</n32PriceSeries>
		<bIsShowInShop>0</bIsShowInShop>
		<bIsCanRandomComposed>1</bIsCanRandomComposed>
		<n32ComposedSubID>120305</n32ComposedSubID>
		<Description>+{0}点魔法攻击</Description>
		<Icon>504</Icon>
	</info>
	<info un32ID="120406">
		<RuneName>四级物防符文</RuneName>
		<un8Level>4</un8Level>
		<un8EffectID>7</un8EffectID>
		<n32EffectVal>2.3</n32EffectVal>
		<fEffectPer>0</fEffectPer>
		<un8ConsumeType>1,2</un8ConsumeType>
		<n32PriceSeries>1080,108</n32PriceSeries>
		<bIsShowInShop>0</bIsShowInShop>
		<bIsCanRandomComposed>1</bIsCanRandomComposed>
		<n32ComposedSubID>120306</n32ComposedSubID>
		<Description>+{0}点物理防御</Description>
		<Icon>1304</Icon>
	</info>
	<info un32ID="120407">
		<RuneName>四级魔防符文</RuneName>
		<un8Level>4</un8Level>
		<un8EffectID>8</un8EffectID>
		<n32EffectVal>2.36</n32EffectVal>
		<fEffectPer>0</fEffectPer>
		<un8ConsumeType>1,2</un8ConsumeType>
		<n32PriceSeries>1080,108</n32PriceSeries>
		<bIsShowInShop>0</bIsShowInShop>
		<bIsCanRandomComposed>1</bIsCanRandomComposed>
		<n32ComposedSubID>120307</n32ComposedSubID>
		<Description>+{0}点魔法防御</Description>
		<Icon>404</Icon>
	</info>
	<info un32ID="120408">
		<RuneName>四级生命符文</RuneName>
		<un8Level>4</un8Level>
		<un8EffectID>11</un8EffectID>
		<n32EffectVal>10.46</n32EffectVal>
		<fEffectPer>0</fEffectPer>
		<un8ConsumeType>1,2</un8ConsumeType>
		<n32PriceSeries>1080,108</n32PriceSeries>
		<bIsShowInShop>0</bIsShowInShop>
		<bIsCanRandomComposed>1</bIsCanRandomComposed>
		<n32ComposedSubID>120308</n32ComposedSubID>
		<Description>+{0}点生命值</Description>
		<Icon>1104</Icon>
	</info>
	<info un32ID="120409">
		<RuneName>四级长生符文</RuneName>
		<un8Level>4</un8Level>
		<un8EffectID>11</un8EffectID>
		<n32EffectVal>0</n32EffectVal>
		<fEffectPer>6.8</fEffectPer>
		<un8ConsumeType>1,2</un8ConsumeType>
		<n32PriceSeries>1080,108</n32PriceSeries>
		<bIsShowInShop>0</bIsShowInShop>
		<bIsCanRandomComposed>1</bIsCanRandomComposed>
		<n32ComposedSubID>120309</n32ComposedSubID>
		<Description>+{1}%生命值</Description>
		<Icon>904</Icon>
	</info>
	<info un32ID="120410">
		<RuneName>四级回血符文</RuneName>
		<un8Level>4</un8Level>
		<un8EffectID>13</un8EffectID>
		<n32EffectVal>200</n32EffectVal>
		<fEffectPer>0</fEffectPer>
		<un8ConsumeType>1,2</un8ConsumeType>
		<n32PriceSeries>1080,108</n32PriceSeries>
		<bIsShowInShop>0</bIsShowInShop>
		<bIsCanRandomComposed>1</bIsCanRandomComposed>
		<n32ComposedSubID>120310</n32ComposedSubID>
		<Description>+{0}点/秒生命回复</Description>
		<Icon>1004</Icon>
	</info>
	<info un32ID="120411">
		<RuneName>四级魔法符文</RuneName>
		<un8Level>4</un8Level>
		<un8EffectID>12</un8EffectID>
		<n32EffectVal>5.43</n32EffectVal>
		<fEffectPer>0</fEffectPer>
		<un8ConsumeType>1,2</un8ConsumeType>
		<n32PriceSeries>1080,108</n32PriceSeries>
		<bIsShowInShop>0</bIsShowInShop>
		<bIsCanRandomComposed>1</bIsCanRandomComposed>
		<n32ComposedSubID>120311</n32ComposedSubID>
		<Description>+{0}点魔法值</Description>
		<Icon>804</Icon>
	</info>
	<info un32ID="120412">
		<RuneName>四级回魔符文</RuneName>
		<un8Level>4</un8Level>
		<un8EffectID>14</un8EffectID>
		<n32EffectVal>200</n32EffectVal>
		<fEffectPer>0</fEffectPer>
		<un8ConsumeType>1,2</un8ConsumeType>
		<n32PriceSeries>1080,108</n32PriceSeries>
		<bIsShowInShop>0</bIsShowInShop>
		<bIsCanRandomComposed>1</bIsCanRandomComposed>
		<n32ComposedSubID>120312</n32ComposedSubID>
		<Description>+{0}点/秒魔法回复</Description>
		<Icon>704</Icon>
	</info>
	<info un32ID="120413">
		<RuneName>四级魔泉符文</RuneName>
		<un8Level>4</un8Level>
		<un8EffectID>14</un8EffectID>
		<n32EffectVal>0</n32EffectVal>
		<fEffectPer>33.4</fEffectPer>
		<un8ConsumeType>1,2</un8ConsumeType>
		<n32PriceSeries>1080,108</n32PriceSeries>
		<bIsShowInShop>0</bIsShowInShop>
		<bIsCanRandomComposed>1</bIsCanRandomComposed>
		<n32ComposedSubID>120313</n32ComposedSubID>
		<Description>+{1}%魔法回复</Description>
		<Icon>604</Icon>
	</info>
	<info un32ID="120414">
		<RuneName>四级招财符文</RuneName>
		<un8Level>4</un8Level>
		<un8EffectID>25</un8EffectID>
		<n32EffectVal>0.07</n32EffectVal>
		<fEffectPer>0</fEffectPer>
		<un8ConsumeType>1,2</un8ConsumeType>
		<n32PriceSeries>1080,108</n32PriceSeries>
		<bIsShowInShop>0</bIsShowInShop>
		<bIsCanRandomComposed>1</bIsCanRandomComposed>
		<n32ComposedSubID>120314</n32ComposedSubID>
		<Description>+{0}点/秒CP回复</Description>
		<Icon>104</Icon>
	</info>
	<info un32ID="120415">
		<RuneName>四级疾跑符文</RuneName>
		<un8Level>4</un8Level>
		<un8EffectID>9</un8EffectID>
		<n32EffectVal>1.69</n32EffectVal>
		<fEffectPer>0</fEffectPer>
		<un8ConsumeType>1,2</un8ConsumeType>
		<n32PriceSeries>1080,108</n32PriceSeries>
		<bIsShowInShop>0</bIsShowInShop>
		<bIsCanRandomComposed>0</bIsCanRandomComposed>
		<n32ComposedSubID>0</n32ComposedSubID>
		<Description>+{0}点移动速度</Description>
		<Icon>0</Icon>
	</info>
	<info un32ID="120501">
		<RuneName>五级物攻符文</RuneName>
		<un8Level>5</un8Level>
		<un8EffectID>5</un8EffectID>
		<n32EffectVal>2.03</n32EffectVal>
		<fEffectPer>0</fEffectPer>
		<un8ConsumeType>1,2</un8ConsumeType>
		<n32PriceSeries>3240,324</n32PriceSeries>
		<bIsShowInShop>0</bIsShowInShop>
		<bIsCanRandomComposed>1</bIsCanRandomComposed>
		<n32ComposedSubID>120401</n32ComposedSubID>
		<Description>+{0}点物理攻击</Description>
		<Icon>1405</Icon>
	</info>
	<info un32ID="120502">
		<RuneName>五级攻速符文</RuneName>
		<un8Level>5</un8Level>
		<un8EffectID>10</un8EffectID>
		<n32EffectVal>0</n32EffectVal>
		<fEffectPer>9.6</fEffectPer>
		<un8ConsumeType>1,2</un8ConsumeType>
		<n32PriceSeries>3240,324</n32PriceSeries>
		<bIsShowInShop>0</bIsShowInShop>
		<bIsCanRandomComposed>1</bIsCanRandomComposed>
		<n32ComposedSubID>120402</n32ComposedSubID>
		<Description>+{1}%攻击速度</Description>
		<Icon>1205</Icon>
	</info>
	<info un32ID="120503">
		<RuneName>五级狂暴符文</RuneName>
		<un8Level>5</un8Level>
		<un8EffectID>24</un8EffectID>
		<n32EffectVal>20.8</n32EffectVal>
		<fEffectPer>0</fEffectPer>
		<un8ConsumeType>1,2</un8ConsumeType>
		<n32PriceSeries>3240,324</n32PriceSeries>
		<bIsShowInShop>0</bIsShowInShop>
		<bIsCanRandomComposed>1</bIsCanRandomComposed>
		<n32ComposedSubID>120403</n32ComposedSubID>
		<Description>+{0}%暴击伤害</Description>
		<Icon>205</Icon>
	</info>
	<info un32ID="120504">
		<RuneName>五级暴击符文</RuneName>
		<un8Level>5</un8Level>
		<un8EffectID>23</un8EffectID>
		<n32EffectVal>9.6</n32EffectVal>
		<fEffectPer>0</fEffectPer>
		<un8ConsumeType>1,2</un8ConsumeType>
		<n32PriceSeries>3240,324</n32PriceSeries>
		<bIsShowInShop>0</bIsShowInShop>
		<bIsCanRandomComposed>1</bIsCanRandomComposed>
		<n32ComposedSubID>120404</n32ComposedSubID>
		<Description>+{0}%暴击几率</Description>
		<Icon>305</Icon>
	</info>
	<info un32ID="120505">
		<RuneName>五级魔攻符文</RuneName>
		<un8Level>5</un8Level>
		<un8EffectID>6</un8EffectID>
		<n32EffectVal>3.39</n32EffectVal>
		<fEffectPer>0</fEffectPer>
		<un8ConsumeType>1,2</un8ConsumeType>
		<n32PriceSeries>3240,324</n32PriceSeries>
		<bIsShowInShop>0</bIsShowInShop>
		<bIsCanRandomComposed>1</bIsCanRandomComposed>
		<n32ComposedSubID>120405</n32ComposedSubID>
		<Description>+{0}点魔法攻击</Description>
		<Icon>505</Icon>
	</info>
	<info un32ID="120506">
		<RuneName>五级物防符文</RuneName>
		<un8Level>5</un8Level>
		<un8EffectID>7</un8EffectID>
		<n32EffectVal>3.44</n32EffectVal>
		<fEffectPer>0</fEffectPer>
		<un8ConsumeType>1,2</un8ConsumeType>
		<n32PriceSeries>3240,324</n32PriceSeries>
		<bIsShowInShop>0</bIsShowInShop>
		<bIsCanRandomComposed>1</bIsCanRandomComposed>
		<n32ComposedSubID>120406</n32ComposedSubID>
		<Description>+{0}点物理防御</Description>
		<Icon>1305</Icon>
	</info>
	<info un32ID="120507">
		<RuneName>五级魔防符文</RuneName>
		<un8Level>5</un8Level>
		<un8EffectID>8</un8EffectID>
		<n32EffectVal>3.54</n32EffectVal>
		<fEffectPer>0</fEffectPer>
		<un8ConsumeType>1,2</un8ConsumeType>
		<n32PriceSeries>3240,324</n32PriceSeries>
		<bIsShowInShop>0</bIsShowInShop>
		<bIsCanRandomComposed>1</bIsCanRandomComposed>
		<n32ComposedSubID>120407</n32ComposedSubID>
		<Description>+{0}点魔法防御</Description>
		<Icon>405</Icon>
	</info>
	<info un32ID="120508">
		<RuneName>五级生命符文</RuneName>
		<un8Level>5</un8Level>
		<un8EffectID>11</un8EffectID>
		<n32EffectVal>15.69</n32EffectVal>
		<fEffectPer>0</fEffectPer>
		<un8ConsumeType>1,2</un8ConsumeType>
		<n32PriceSeries>3240,324</n32PriceSeries>
		<bIsShowInShop>0</bIsShowInShop>
		<bIsCanRandomComposed>1</bIsCanRandomComposed>
		<n32ComposedSubID>120408</n32ComposedSubID>
		<Description>+{0}点生命值</Description>
		<Icon>1105</Icon>
	</info>
	<info un32ID="120509">
		<RuneName>五级长生符文</RuneName>
		<un8Level>5</un8Level>
		<un8EffectID>11</un8EffectID>
		<n32EffectVal>0</n32EffectVal>
		<fEffectPer>10.1</fEffectPer>
		<un8ConsumeType>1,2</un8ConsumeType>
		<n32PriceSeries>3240,324</n32PriceSeries>
		<bIsShowInShop>0</bIsShowInShop>
		<bIsCanRandomComposed>1</bIsCanRandomComposed>
		<n32ComposedSubID>120409</n32ComposedSubID>
		<Description>+{1}%生命值</Description>
		<Icon>905</Icon>
	</info>
	<info un32ID="120510">
		<RuneName>五级回血符文</RuneName>
		<un8Level>5</un8Level>
		<un8EffectID>13</un8EffectID>
		<n32EffectVal>300</n32EffectVal>
		<fEffectPer>0</fEffectPer>
		<un8ConsumeType>1,2</un8ConsumeType>
		<n32PriceSeries>3240,324</n32PriceSeries>
		<bIsShowInShop>0</bIsShowInShop>
		<bIsCanRandomComposed>1</bIsCanRandomComposed>
		<n32ComposedSubID>120410</n32ComposedSubID>
		<Description>+{0}点/秒生命回复</Description>
		<Icon>1005</Icon>
	</info>
	<info un32ID="120511">
		<RuneName>五级魔法符文</RuneName>
		<un8Level>5</un8Level>
		<un8EffectID>12</un8EffectID>
		<n32EffectVal>8.15</n32EffectVal>
		<fEffectPer>0</fEffectPer>
		<un8ConsumeType>1,2</un8ConsumeType>
		<n32PriceSeries>3240,324</n32PriceSeries>
		<bIsShowInShop>0</bIsShowInShop>
		<bIsCanRandomComposed>1</bIsCanRandomComposed>
		<n32ComposedSubID>120411</n32ComposedSubID>
		<Description>+{0}点魔法值</Description>
		<Icon>805</Icon>
	</info>
	<info un32ID="120512">
		<RuneName>五级回魔符文</RuneName>
		<un8Level>5</un8Level>
		<un8EffectID>14</un8EffectID>
		<n32EffectVal>300</n32EffectVal>
		<fEffectPer>0</fEffectPer>
		<un8ConsumeType>1,2</un8ConsumeType>
		<n32PriceSeries>3240,324</n32PriceSeries>
		<bIsShowInShop>0</bIsShowInShop>
		<bIsCanRandomComposed>1</bIsCanRandomComposed>
		<n32ComposedSubID>120412</n32ComposedSubID>
		<Description>+{0}点/秒魔法回复</Description>
		<Icon>705</Icon>
	</info>
	<info un32ID="120513">
		<RuneName>五级魔泉符文</RuneName>
		<un8Level>5</un8Level>
		<un8EffectID>14</un8EffectID>
		<n32EffectVal>0</n32EffectVal>
		<fEffectPer>50.1</fEffectPer>
		<un8ConsumeType>1,2</un8ConsumeType>
		<n32PriceSeries>3240,324</n32PriceSeries>
		<bIsShowInShop>0</bIsShowInShop>
		<bIsCanRandomComposed>1</bIsCanRandomComposed>
		<n32ComposedSubID>120413</n32ComposedSubID>
		<Description>+{1}%魔法回复</Description>
		<Icon>605</Icon>
	</info>
	<info un32ID="120514">
		<RuneName>五级招财符文</RuneName>
		<un8Level>5</un8Level>
		<un8EffectID>25</un8EffectID>
		<n32EffectVal>0.1</n32EffectVal>
		<fEffectPer>0</fEffectPer>
		<un8ConsumeType>1,2</un8ConsumeType>
		<n32PriceSeries>3240,324</n32PriceSeries>
		<bIsShowInShop>0</bIsShowInShop>
		<bIsCanRandomComposed>1</bIsCanRandomComposed>
		<n32ComposedSubID>120414</n32ComposedSubID>
		<Description>+{0}点/秒CP回复</Description>
		<Icon>105</Icon>
	</info>
	<info un32ID="120515">
		<RuneName>五级疾跑符文</RuneName>
		<un8Level>5</un8Level>
		<un8EffectID>9</un8EffectID>
		<n32EffectVal>2.53</n32EffectVal>
		<fEffectPer>0</fEffectPer>
		<un8ConsumeType>1,2</un8ConsumeType>
		<n32PriceSeries>3240,324</n32PriceSeries>
		<bIsShowInShop>0</bIsShowInShop>
		<bIsCanRandomComposed>0</bIsCanRandomComposed>
		<n32ComposedSubID>0</n32ComposedSubID>
		<Description>+{0}点移动速度</Description>
		<Icon>0</Icon>
	</info>
</RuneCfg>