<?xml version="1.0" encoding="UTF-8" standalone="yes"?>
<SkinCfg xmlns:xsi="http://www.w3.org/2001/XMLSchema-instance">
	<info un32ID="110001">
		<SkinName>精灵之翼（默认）</SkinName>
		<n32Level>0</n32Level>
		<un8ConsumeType>0</un8ConsumeType>
		<n32Price>0</n32Price>
		<Time>0</Time>
		<Description>0</Description>
		<Icon>32</Icon>
		<ResourcesID>0</ResourcesID>
		<Skill1Effect>0</Skill1Effect>
		<Skill2Effect>0</Skill2Effect>
	</info>
	<info un32ID="110002">
		<SkinName>精灵之翼（默认）</SkinName>
		<n32Level>0</n32Level>
		<un8ConsumeType>0</un8ConsumeType>
		<n32Price>0</n32Price>
		<Time>0</Time>
		<Description>0</Description>
		<Icon>16</Icon>
		<ResourcesID>0</ResourcesID>
		<Skill1Effect>0</Skill1Effect>
		<Skill2Effect>0</Skill2Effect>
	</info>
	<info un32ID="110003">
		<SkinName>精灵之翼（默认）</SkinName>
		<n32Level>0</n32Level>
		<un8ConsumeType>0</un8ConsumeType>
		<n32Price>0</n32Price>
		<Time>0</Time>
		<Description>0</Description>
		<Icon>12</Icon>
		<ResourcesID>0</ResourcesID>
		<Skill1Effect>0</Skill1Effect>
		<Skill2Effect>0</Skill2Effect>
	</info>
	<info un32ID="110004">
		<SkinName>精灵之翼（默认）</SkinName>
		<n32Level>0</n32Level>
		<un8ConsumeType>0</un8ConsumeType>
		<n32Price>0</n32Price>
		<Time>0</Time>
		<Description>0</Description>
		<Icon>7</Icon>
		<ResourcesID>0</ResourcesID>
		<Skill1Effect>0</Skill1Effect>
		<Skill2Effect>0</Skill2Effect>
	</info>
	<info un32ID="110005">
		<SkinName>精灵之翼（默认）</SkinName>
		<n32Level>0</n32Level>
		<un8ConsumeType>0</un8ConsumeType>
		<n32Price>0</n32Price>
		<Time>0</Time>
		<Description>0</Description>
		<Icon>8</Icon>
		<ResourcesID>0</ResourcesID>
		<Skill1Effect>0</Skill1Effect>
		<Skill2Effect>0</Skill2Effect>
	</info>
	<info un32ID="110006">
		<SkinName>精灵之翼（默认）</SkinName>
		<n32Level>0</n32Level>
		<un8ConsumeType>0</un8ConsumeType>
		<n32Price>0</n32Price>
		<Time>0</Time>
		<Description>0</Description>
		<Icon>17</Icon>
		<ResourcesID>0</ResourcesID>
		<Skill1Effect>0</Skill1Effect>
		<Skill2Effect>0</Skill2Effect>
	</info>
	<info un32ID="110007">
		<SkinName>精灵之翼（默认）</SkinName>
		<n32Level>0</n32Level>
		<un8ConsumeType>0</un8ConsumeType>
		<n32Price>0</n32Price>
		<Time>0</Time>
		<Description>0</Description>
		<Icon>19</Icon>
		<ResourcesID>0</ResourcesID>
		<Skill1Effect>0</Skill1Effect>
		<Skill2Effect>0</Skill2Effect>
	</info>
	<info un32ID="110008">
		<SkinName>精灵之翼（默认）</SkinName>
		<n32Level>0</n32Level>
		<un8ConsumeType>0</un8ConsumeType>
		<n32Price>0</n32Price>
		<Time>0</Time>
		<Description>0</Description>
		<Icon>28</Icon>
		<ResourcesID>0</ResourcesID>
		<Skill1Effect>0</Skill1Effect>
		<Skill2Effect>0</Skill2Effect>
	</info>
	<info un32ID="110009">
		<SkinName>精灵之翼（默认）</SkinName>
		<n32Level>0</n32Level>
		<un8ConsumeType>0</un8ConsumeType>
		<n32Price>0</n32Price>
		<Time>0</Time>
		<Description>0</Description>
		<Icon>23</Icon>
		<ResourcesID>0</ResourcesID>
		<Skill1Effect>0</Skill1Effect>
		<Skill2Effect>0</Skill2Effect>
	</info>
	<info un32ID="110010">
		<SkinName>精灵之翼（默认）</SkinName>
		<n32Level>0</n32Level>
		<un8ConsumeType>0</un8ConsumeType>
		<n32Price>0</n32Price>
		<Time>0</Time>
		<Description>0</Description>
		<Icon>14</Icon>
		<ResourcesID>0</ResourcesID>
		<Skill1Effect>0</Skill1Effect>
		<Skill2Effect>0</Skill2Effect>
	</info>
	<info un32ID="110011">
		<SkinName>精灵之翼（默认）</SkinName>
		<n32Level>0</n32Level>
		<un8ConsumeType>0</un8ConsumeType>
		<n32Price>0</n32Price>
		<Time>0</Time>
		<Description>0</Description>
		<Icon>35</Icon>
		<ResourcesID>0</ResourcesID>
		<Skill1Effect>0</Skill1Effect>
		<Skill2Effect>0</Skill2Effect>
	</info>
	<info un32ID="110012">
		<SkinName>精灵之翼（默认）</SkinName>
		<n32Level>0</n32Level>
		<un8ConsumeType>0</un8ConsumeType>
		<n32Price>0</n32Price>
		<Time>0</Time>
		<Description>0</Description>
		<Icon>36</Icon>
		<ResourcesID>0</ResourcesID>
		<Skill1Effect>0</Skill1Effect>
		<Skill2Effect>0</Skill2Effect>
	</info>
	<info un32ID="110013">
		<SkinName>精灵之翼（默认）</SkinName>
		<n32Level>0</n32Level>
		<un8ConsumeType>0</un8ConsumeType>
		<n32Price>0</n32Price>
		<Time>0</Time>
		<Description>0</Description>
		<Icon>37</Icon>
		<ResourcesID>0</ResourcesID>
		<Skill1Effect>0</Skill1Effect>
		<Skill2Effect>0</Skill2Effect>
	</info>
	<info un32ID="110014">
		<SkinName>精灵之翼（默认）</SkinName>
		<n32Level>0</n32Level>
		<un8ConsumeType>0</un8ConsumeType>
		<n32Price>0</n32Price>
		<Time>0</Time>
		<Description>0</Description>
		<Icon>38</Icon>
		<ResourcesID>0</ResourcesID>
		<Skill1Effect>0</Skill1Effect>
		<Skill2Effect>0</Skill2Effect>
	</info>
	<info un32ID="110015">
		<SkinName>精灵之翼（默认）</SkinName>
		<n32Level>0</n32Level>
		<un8ConsumeType>0</un8ConsumeType>
		<n32Price>0</n32Price>
		<Time>0</Time>
		<Description>0</Description>
		<Icon>39</Icon>
		<ResourcesID>0</ResourcesID>
		<Skill1Effect>0</Skill1Effect>
		<Skill2Effect>0</Skill2Effect>
	</info>
	<info un32ID="110016">
		<SkinName>精灵之翼（默认）</SkinName>
		<n32Level>0</n32Level>
		<un8ConsumeType>0</un8ConsumeType>
		<n32Price>0</n32Price>
		<Time>0</Time>
		<Description>0</Description>
		<Icon>40</Icon>
		<ResourcesID>0</ResourcesID>
		<Skill1Effect>0</Skill1Effect>
		<Skill2Effect>0</Skill2Effect>
	</info>
	<info un32ID="110017">
		<SkinName>精灵之翼（默认）</SkinName>
		<n32Level>0</n32Level>
		<un8ConsumeType>0</un8ConsumeType>
		<n32Price>0</n32Price>
		<Time>0</Time>
		<Description>0</Description>
		<Icon>51</Icon>
		<ResourcesID>0</ResourcesID>
		<Skill1Effect>0</Skill1Effect>
		<Skill2Effect>0</Skill2Effect>
	</info>
	<info un32ID="110018">
		<SkinName>精灵之翼（默认）</SkinName>
		<n32Level>0</n32Level>
		<un8ConsumeType>0</un8ConsumeType>
		<n32Price>0</n32Price>
		<Time>0</Time>
		<Description>0</Description>
		<Icon>47</Icon>
		<ResourcesID>0</ResourcesID>
		<Skill1Effect>0</Skill1Effect>
		<Skill2Effect>0</Skill2Effect>
	</info>
	<info un32ID="110019">
		<SkinName>精灵之翼（默认）</SkinName>
		<n32Level>0</n32Level>
		<un8ConsumeType>0</un8ConsumeType>
		<n32Price>0</n32Price>
		<Time>0</Time>
		<Description>0</Description>
		<Icon>49</Icon>
		<ResourcesID>0</ResourcesID>
		<Skill1Effect>0</Skill1Effect>
		<Skill2Effect>0</Skill2Effect>
	</info>
	<info/>
	<info un32ID="110021">
		<SkinName>精灵之翼（默认）</SkinName>
		<n32Level>0</n32Level>
		<un8ConsumeType>0</un8ConsumeType>
		<n32Price>0</n32Price>
		<Time>0</Time>
		<Description>0</Description>
		<Icon>42</Icon>
		<ResourcesID>0</ResourcesID>
		<Skill1Effect>0</Skill1Effect>
		<Skill2Effect>0</Skill2Effect>
	</info>
	<info un32ID="110022">
		<SkinName>精灵之翼（默认）</SkinName>
		<n32Level>0</n32Level>
		<un8ConsumeType>0</un8ConsumeType>
		<n32Price>0</n32Price>
		<Time>0</Time>
		<Description>0</Description>
		<Icon>50</Icon>
		<ResourcesID>0</ResourcesID>
		<Skill1Effect>0</Skill1Effect>
		<Skill2Effect>0</Skill2Effect>
	</info>
	<info/>
	<info un32ID="111001">
		<SkinName>精灵之翼（1天）</SkinName>
		<n32Level>0</n32Level>
		<un8ConsumeType>0</un8ConsumeType>
		<n32Price>0</n32Price>
		<Time>24</Time>
		<Description>0</Description>
		<Icon>32</Icon>
		<ResourcesID>0</ResourcesID>
		<Skill1Effect>0</Skill1Effect>
		<Skill2Effect>0</Skill2Effect>
	</info>
	<info un32ID="111002">
		<SkinName>精灵之翼</SkinName>
		<n32Level>0</n32Level>
		<un8ConsumeType>0</un8ConsumeType>
		<n32Price>0</n32Price>
		<Time>0</Time>
		<Description>0</Description>
		<Icon>32</Icon>
		<ResourcesID>0</ResourcesID>
		<Skill1Effect>0</Skill1Effect>
		<Skill2Effect>0</Skill2Effect>
	</info>
	<info un32ID="111003">
		<SkinName>精灵之翼</SkinName>
		<n32Level>0</n32Level>
		<un8ConsumeType>0</un8ConsumeType>
		<n32Price>0</n32Price>
		<Time>0</Time>
		<Description>0</Description>
		<Icon>32</Icon>
		<ResourcesID>0</ResourcesID>
		<Skill1Effect>0</Skill1Effect>
		<Skill2Effect>0</Skill2Effect>
	</info>
	<info un32ID="111004">
		<SkinName>精灵之翼</SkinName>
		<n32Level>0</n32Level>
		<un8ConsumeType>0</un8ConsumeType>
		<n32Price>0</n32Price>
		<Time>0</Time>
		<Description>0</Description>
		<Icon>32</Icon>
		<ResourcesID>0</ResourcesID>
		<Skill1Effect>0</Skill1Effect>
		<Skill2Effect>0</Skill2Effect>
	</info>
	<info un32ID="111005">
		<SkinName>精灵之翼</SkinName>
		<n32Level>0</n32Level>
		<un8ConsumeType>0</un8ConsumeType>
		<n32Price>0</n32Price>
		<Time>0</Time>
		<Description>0</Description>
		<Icon>32</Icon>
		<ResourcesID>0</ResourcesID>
		<Skill1Effect>0</Skill1Effect>
		<Skill2Effect>0</Skill2Effect>
	</info>
</SkinCfg>