<?xml version="1.0" encoding="UTF-8" standalone="yes"?>
<AltarConfig xmlns:xsi="http://www.w3.org/2001/XMLSchema-instance">
	<info MapID="1001">
		<AltarID>2</AltarID>
		<WayID>2</WayID>
		<BatmanInterval>30000</BatmanInterval>
		<BatmanNumber>1</BatmanNumber>
		<batmanMaximum>-1</batmanMaximum>
		<BatmanBirthCoordinates>8119,6006,7307</BatmanBirthCoordinates>
		<BatmanOrientation>0.5,0,0.9</BatmanOrientation>
	</info>
	<info MapID="1001">
		<AltarID>3</AltarID>
		<WayID>4</WayID>
		<BatmanInterval>30000</BatmanInterval>
		<BatmanNumber>1</BatmanNumber>
		<batmanMaximum>-1</batmanMaximum>
		<BatmanBirthCoordinates>8181,6006,12668</BatmanBirthCoordinates>
		<BatmanOrientation>0.9,-0.1,-0.4</BatmanOrientation>
	</info>
	<info MapID="1001">
		<AltarID>7</AltarID>
		<WayID>3</WayID>
		<BatmanInterval>30000</BatmanInterval>
		<BatmanNumber>1</BatmanNumber>
		<batmanMaximum>-1</batmanMaximum>
		<BatmanBirthCoordinates>21934,6006,12724</BatmanBirthCoordinates>
		<BatmanOrientation>-0.5,0,-0.8</BatmanOrientation>
	</info>
	<info MapID="1001">
		<AltarID>8</AltarID>
		<WayID>1</WayID>
		<BatmanInterval>30000</BatmanInterval>
		<BatmanNumber>1</BatmanNumber>
		<batmanMaximum>-1</batmanMaximum>
		<BatmanBirthCoordinates>21911,6006,7265</BatmanBirthCoordinates>
		<BatmanOrientation>-0.8,0.2,0.6</BatmanOrientation>
	</info>
	<info MapID="1002">
		<AltarID>17</AltarID>
		<WayID>1</WayID>
		<BatmanInterval>30000</BatmanInterval>
		<BatmanNumber>1</BatmanNumber>
		<batmanMaximum>-1</batmanMaximum>
		<BatmanBirthCoordinates>8334,6006,9182</BatmanBirthCoordinates>
		<BatmanOrientation>1,0,-0.1</BatmanOrientation>
	</info>
	<info MapID="1002">
		<AltarID>18</AltarID>
		<WayID>1</WayID>
		<BatmanInterval>30000</BatmanInterval>
		<BatmanNumber>1</BatmanNumber>
		<batmanMaximum>-1</batmanMaximum>
		<BatmanBirthCoordinates>8334,6006,10955</BatmanBirthCoordinates>
		<BatmanOrientation>1,0,-0.1</BatmanOrientation>
	</info>
	<info MapID="1002">
		<AltarID>22</AltarID>
		<WayID>2</WayID>
		<BatmanInterval>30000</BatmanInterval>
		<BatmanNumber>1</BatmanNumber>
		<batmanMaximum>-1</batmanMaximum>
		<BatmanBirthCoordinates>21549,6006,11000</BatmanBirthCoordinates>
		<BatmanOrientation>-1,0,-0.1</BatmanOrientation>
	</info>
	<info MapID="1002">
		<AltarID>23</AltarID>
		<WayID>2</WayID>
		<BatmanInterval>30000</BatmanInterval>
		<BatmanNumber>1</BatmanNumber>
		<batmanMaximum>-1</batmanMaximum>
		<BatmanBirthCoordinates>21519,6006,9147</BatmanBirthCoordinates>
		<BatmanOrientation>-1,0,-0.1</BatmanOrientation>
	</info>
	<info MapID="1000">
		<AltarID>102</AltarID>
		<WayID>1</WayID>
		<BatmanInterval>30000</BatmanInterval>
		<BatmanNumber>1</BatmanNumber>
		<batmanMaximum>-1</batmanMaximum>
		<BatmanBirthCoordinates>8334,6006,9182</BatmanBirthCoordinates>
		<BatmanOrientation>1,0,-0.1</BatmanOrientation>
	</info>
	<info MapID="1000">
		<AltarID>103</AltarID>
		<WayID>1</WayID>
		<BatmanInterval>30000</BatmanInterval>
		<BatmanNumber>1</BatmanNumber>
		<batmanMaximum>-1</batmanMaximum>
		<BatmanBirthCoordinates>8334,6006,10955</BatmanBirthCoordinates>
		<BatmanOrientation>1,0,-0.1</BatmanOrientation>
	</info>
	<info MapID="1000">
		<AltarID>107</AltarID>
		<WayID>2</WayID>
		<BatmanInterval>30000</BatmanInterval>
		<BatmanNumber>1</BatmanNumber>
		<batmanMaximum>-1</batmanMaximum>
		<BatmanBirthCoordinates>21549,6006,11000</BatmanBirthCoordinates>
		<BatmanOrientation>-1,0,-0.1</BatmanOrientation>
	</info>
	<info MapID="1000">
		<AltarID>108</AltarID>
		<WayID>2</WayID>
		<BatmanInterval>30000</BatmanInterval>
		<BatmanNumber>1</BatmanNumber>
		<batmanMaximum>-1</batmanMaximum>
		<BatmanBirthCoordinates>21519,6006,9147</BatmanBirthCoordinates>
		<BatmanOrientation>-1,0,-0.1</BatmanOrientation>
	</info>
</AltarConfig>