<?xml version="1.0" encoding="UTF-8" standalone="yes"?>
<CreepsConfig xmlns:xsi="http://www.w3.org/2001/XMLSchema-instance">
	<info MapID="1000">
		<ID>100</ID>
		<MonsterLv>1</MonsterLv>
		<MonsterNumber>1</MonsterNumber>
		<MonsterID>20001,20002,20003,20004,20005,20006</MonsterID>
		<BornCoordinates>9109,6006,7355</BornCoordinates>
		<MonsterRefreshInterval>30000</MonsterRefreshInterval>
		<Random>1</Random>
		<Orientation>0.6,0,0.8</Orientation>
	</info>
	<info MapID="1000">
		<ID>101</ID>
		<MonsterLv>1</MonsterLv>
		<MonsterNumber>1</MonsterNumber>
		<MonsterID>20001,20002,20003,20004,20005,20006</MonsterID>
		<BornCoordinates>11308,6006,7728</BornCoordinates>
		<MonsterRefreshInterval>30000</MonsterRefreshInterval>
		<Random>1</Random>
		<Orientation>0.3,0,1</Orientation>
	</info>
	<info MapID="1000">
		<ID>102</ID>
		<MonsterLv>1</MonsterLv>
		<MonsterNumber>1</MonsterNumber>
		<MonsterID>20001,20002,20003,20004,20005,20006</MonsterID>
		<BornCoordinates>12883,6006,5532</BornCoordinates>
		<MonsterRefreshInterval>30000</MonsterRefreshInterval>
		<Random>1</Random>
		<Orientation>-0.7,0,0.7</Orientation>
	</info>
	<info MapID="1000">
		<ID>103</ID>
		<MonsterLv>1</MonsterLv>
		<MonsterNumber>1</MonsterNumber>
		<MonsterID>20004</MonsterID>
		<BornCoordinates>9615,6006,12830</BornCoordinates>
		<MonsterRefreshInterval>10000</MonsterRefreshInterval>
		<Random>1</Random>
		<Orientation>0.4,0,-0.9</Orientation>
	</info>
	<info MapID="1000">
		<ID>104</ID>
		<MonsterLv>1</MonsterLv>
		<MonsterNumber>1</MonsterNumber>
		<MonsterID>20001,20002,20003,20004,20005,20006</MonsterID>
		<BornCoordinates>12259,6006,12871</BornCoordinates>
		<MonsterRefreshInterval>30000</MonsterRefreshInterval>
		<Random>1</Random>
		<Orientation>-0.8,0,-0.6</Orientation>
	</info>
	<info MapID="1000">
		<ID>105</ID>
		<MonsterLv>2</MonsterLv>
		<MonsterNumber>1</MonsterNumber>
		<MonsterID>20007,20008,20009</MonsterID>
		<BornCoordinates>10860,6006,15323</BornCoordinates>
		<MonsterRefreshInterval>60000</MonsterRefreshInterval>
		<Random>1</Random>
		<Orientation>0.4,0,-0.9</Orientation>
	</info>
	<info MapID="1000">
		<ID>106</ID>
		<MonsterLv>1</MonsterLv>
		<MonsterNumber>1</MonsterNumber>
		<MonsterID>20001,20002,20003,20004,20005,20006</MonsterID>
		<BornCoordinates>20314,6006,13263</BornCoordinates>
		<MonsterRefreshInterval>30000</MonsterRefreshInterval>
		<Random>1</Random>
		<Orientation>-0.3,0,-1</Orientation>
	</info>
	<info MapID="1000">
		<ID>107</ID>
		<MonsterLv>1</MonsterLv>
		<MonsterNumber>1</MonsterNumber>
		<MonsterID>20001,20002,20003,20004,20005,20006</MonsterID>
		<BornCoordinates>18320,6006,12304</BornCoordinates>
		<MonsterRefreshInterval>30000</MonsterRefreshInterval>
		<Random>1</Random>
		<Orientation>0.2,0,-1</Orientation>
	</info>
	<info MapID="1000">
		<ID>108</ID>
		<MonsterLv>1</MonsterLv>
		<MonsterNumber>1</MonsterNumber>
		<MonsterID>20001,20002,20003,20004,20005,20006</MonsterID>
		<BornCoordinates>16850,6006,14587</BornCoordinates>
		<MonsterRefreshInterval>30000</MonsterRefreshInterval>
		<Random>1</Random>
		<Orientation>0.8,0,-0.6</Orientation>
	</info>
	<info MapID="1000">
		<ID>109</ID>
		<MonsterLv>1</MonsterLv>
		<MonsterNumber>1</MonsterNumber>
		<MonsterID>20001,20002,20003,20004,20005,20006</MonsterID>
		<BornCoordinates>19938,6006,6926</BornCoordinates>
		<MonsterRefreshInterval>30000</MonsterRefreshInterval>
		<Random>1</Random>
		<Orientation>-0.6,0,0.8</Orientation>
	</info>
	<info MapID="1000">
		<ID>110</ID>
		<MonsterLv>1</MonsterLv>
		<MonsterNumber>1</MonsterNumber>
		<MonsterID>20001,20002,20003,20004,20005,20006</MonsterID>
		<BornCoordinates>17121,6006,7060</BornCoordinates>
		<MonsterRefreshInterval>30000</MonsterRefreshInterval>
		<Random>1</Random>
		<Orientation>1,0,-0.2</Orientation>
	</info>
	<info MapID="1000">
		<ID>111</ID>
		<MonsterLv>2</MonsterLv>
		<MonsterNumber>1</MonsterNumber>
		<MonsterID>20007,20008,20009</MonsterID>
		<BornCoordinates>18652,6006,4575</BornCoordinates>
		<MonsterRefreshInterval>60000</MonsterRefreshInterval>
		<Random>1</Random>
		<Orientation>-0.4,0,0.9</Orientation>
	</info>
	<info MapID="1001">
		<ID>1</ID>
		<MonsterLv>1</MonsterLv>
		<MonsterNumber>1</MonsterNumber>
		<MonsterID>20001,20002,20003,20004,20005,20006</MonsterID>
		<BornCoordinates>11757,5965,8026</BornCoordinates>
		<MonsterRefreshInterval>30000</MonsterRefreshInterval>
		<Random>1</Random>
		<Orientation>-0.7,0,0.8</Orientation>
	</info>
	<info MapID="1001">
		<ID>2</ID>
		<MonsterLv>1</MonsterLv>
		<MonsterNumber>1</MonsterNumber>
		<MonsterID>20001,20002,20003,20004,20005,20006</MonsterID>
		<BornCoordinates>11590,5966,11795</BornCoordinates>
		<MonsterRefreshInterval>30000</MonsterRefreshInterval>
		<Random>1</Random>
		<Orientation>-0.6,0,-0.8</Orientation>
	</info>
	<info MapID="1001">
		<ID>3</ID>
		<MonsterLv>1</MonsterLv>
		<MonsterNumber>1</MonsterNumber>
		<MonsterID>20001,20002,20003,20004,20005,20006</MonsterID>
		<BornCoordinates>13662,5967,8160</BornCoordinates>
		<MonsterRefreshInterval>30000</MonsterRefreshInterval>
		<Random>1</Random>
		<Orientation>-1,0,0.1</Orientation>
	</info>
	<info MapID="1001">
		<ID>4</ID>
		<MonsterLv>1</MonsterLv>
		<MonsterNumber>1</MonsterNumber>
		<MonsterID>20001,20002,20003,20004,20005,20006</MonsterID>
		<BornCoordinates>14334,6006,11805</BornCoordinates>
		<MonsterRefreshInterval>30000</MonsterRefreshInterval>
		<Random>1</Random>
		<Orientation>-1,0,-0.3</Orientation>
	</info>
	<info MapID="1001">
		<ID>5</ID>
		<MonsterLv>2</MonsterLv>
		<MonsterNumber>1</MonsterNumber>
		<MonsterID>20007,20008,20009</MonsterID>
		<BornCoordinates>11963,6006,10065</BornCoordinates>
		<MonsterRefreshInterval>60000</MonsterRefreshInterval>
		<Random>1</Random>
		<Orientation>1,0,0.2</Orientation>
	</info>
	<info MapID="1001">
		<ID>6</ID>
		<MonsterLv>1</MonsterLv>
		<MonsterNumber>1</MonsterNumber>
		<MonsterID>20001,20002,20003,20004,20005,20006</MonsterID>
		<BornCoordinates>18478,6006,11775</BornCoordinates>
		<MonsterRefreshInterval>30000</MonsterRefreshInterval>
		<Random>1</Random>
		<Orientation>0.7,0,-0.8</Orientation>
	</info>
	<info MapID="1001">
		<ID>7</ID>
		<MonsterLv>1</MonsterLv>
		<MonsterNumber>1</MonsterNumber>
		<MonsterID>20001,20002,20003,20004,20005,20006</MonsterID>
		<BornCoordinates>18485,6006,8005</BornCoordinates>
		<MonsterRefreshInterval>30000</MonsterRefreshInterval>
		<Random>1</Random>
		<Orientation>0.6,0,0.8</Orientation>
	</info>
	<info MapID="1001">
		<ID>8</ID>
		<MonsterLv>1</MonsterLv>
		<MonsterNumber>1</MonsterNumber>
		<MonsterID>20001,20002,20003,20004,20005,20006</MonsterID>
		<BornCoordinates>16630,6006,11876</BornCoordinates>
		<MonsterRefreshInterval>30000</MonsterRefreshInterval>
		<Random>1</Random>
		<Orientation>1,0,-0.3</Orientation>
	</info>
	<info MapID="1001">
		<ID>9</ID>
		<MonsterLv>1</MonsterLv>
		<MonsterNumber>1</MonsterNumber>
		<MonsterID>20001,20002,20003,20004,20005,20006</MonsterID>
		<BornCoordinates>15899,6006,8158</BornCoordinates>
		<MonsterRefreshInterval>30000</MonsterRefreshInterval>
		<Random>1</Random>
		<Orientation>0.9,0,0.5</Orientation>
	</info>
	<info MapID="1001">
		<ID>10</ID>
		<MonsterLv>2</MonsterLv>
		<MonsterNumber>1</MonsterNumber>
		<MonsterID>20007,20008,20009</MonsterID>
		<BornCoordinates>18063,6006,10051</BornCoordinates>
		<MonsterRefreshInterval>60000</MonsterRefreshInterval>
		<Random>1</Random>
		<Orientation>-1,0,-0.1</Orientation>
	</info>
	<info MapID="1002">
		<ID>1</ID>
		<MonsterLv>1</MonsterLv>
		<MonsterNumber>1</MonsterNumber>
		<MonsterID>20001,20002,20003,20004,20005,20006</MonsterID>
		<BornCoordinates>9109,6006,7355</BornCoordinates>
		<MonsterRefreshInterval>30000</MonsterRefreshInterval>
		<Random>1</Random>
		<Orientation>0.6,0,0.8</Orientation>
	</info>
	<info MapID="1002">
		<ID>2</ID>
		<MonsterLv>1</MonsterLv>
		<MonsterNumber>1</MonsterNumber>
		<MonsterID>20001,20002,20003,20004,20005,20006</MonsterID>
		<BornCoordinates>11308,6006,7728</BornCoordinates>
		<MonsterRefreshInterval>30000</MonsterRefreshInterval>
		<Random>1</Random>
		<Orientation>0.3,0,1</Orientation>
	</info>
	<info MapID="1002">
		<ID>3</ID>
		<MonsterLv>1</MonsterLv>
		<MonsterNumber>1</MonsterNumber>
		<MonsterID>20001,20002,20003,20004,20005,20006</MonsterID>
		<BornCoordinates>12883,6006,5532</BornCoordinates>
		<MonsterRefreshInterval>30000</MonsterRefreshInterval>
		<Random>1</Random>
		<Orientation>-0.7,0,0.7</Orientation>
	</info>
	<info MapID="1002">
		<ID>4</ID>
		<MonsterLv>1</MonsterLv>
		<MonsterNumber>1</MonsterNumber>
		<MonsterID>20001,20002,20003,20004,20005,20006</MonsterID>
		<BornCoordinates>9581,6006,12901</BornCoordinates>
		<MonsterRefreshInterval>30000</MonsterRefreshInterval>
		<Random>1</Random>
		<Orientation>0.4,0,-0.9</Orientation>
	</info>
	<info MapID="1002">
		<ID>5</ID>
		<MonsterLv>1</MonsterLv>
		<MonsterNumber>1</MonsterNumber>
		<MonsterID>20001,20002,20003,20004,20005,20006</MonsterID>
		<BornCoordinates>12259,6006,12871</BornCoordinates>
		<MonsterRefreshInterval>30000</MonsterRefreshInterval>
		<Random>1</Random>
		<Orientation>-0.8,0,-0.6</Orientation>
	</info>
	<info MapID="1002">
		<ID>6</ID>
		<MonsterLv>2</MonsterLv>
		<MonsterNumber>1</MonsterNumber>
		<MonsterID>20007,20008,20009</MonsterID>
		<BornCoordinates>10860,6006,15323</BornCoordinates>
		<MonsterRefreshInterval>60000</MonsterRefreshInterval>
		<Random>1</Random>
		<Orientation>0.4,0,-0.9</Orientation>
	</info>
	<info MapID="1002">
		<ID>7</ID>
		<MonsterLv>1</MonsterLv>
		<MonsterNumber>1</MonsterNumber>
		<MonsterID>20001,20002,20003,20004,20005,20006</MonsterID>
		<BornCoordinates>20314,6006,13263</BornCoordinates>
		<MonsterRefreshInterval>30000</MonsterRefreshInterval>
		<Random>1</Random>
		<Orientation>-0.3,0,-1</Orientation>
	</info>
	<info MapID="1002">
		<ID>8</ID>
		<MonsterLv>1</MonsterLv>
		<MonsterNumber>1</MonsterNumber>
		<MonsterID>20001,20002,20003,20004,20005,20006</MonsterID>
		<BornCoordinates>18320,6006,12304</BornCoordinates>
		<MonsterRefreshInterval>30000</MonsterRefreshInterval>
		<Random>1</Random>
		<Orientation>0.2,0,-1</Orientation>
	</info>
	<info MapID="1002">
		<ID>9</ID>
		<MonsterLv>1</MonsterLv>
		<MonsterNumber>1</MonsterNumber>
		<MonsterID>20001,20002,20003,20004,20005,20006</MonsterID>
		<BornCoordinates>16850,6006,14587</BornCoordinates>
		<MonsterRefreshInterval>30000</MonsterRefreshInterval>
		<Random>1</Random>
		<Orientation>0.8,0,-0.6</Orientation>
	</info>
	<info MapID="1002">
		<ID>10</ID>
		<MonsterLv>1</MonsterLv>
		<MonsterNumber>1</MonsterNumber>
		<MonsterID>20001,20002,20003,20004,20005,20006</MonsterID>
		<BornCoordinates>19837,6006,6729</BornCoordinates>
		<MonsterRefreshInterval>30000</MonsterRefreshInterval>
		<Random>1</Random>
		<Orientation>-0.6,0,0.8</Orientation>
	</info>
	<info MapID="1002">
		<ID>11</ID>
		<MonsterLv>1</MonsterLv>
		<MonsterNumber>1</MonsterNumber>
		<MonsterID>20001,20002,20003,20004,20005,20006</MonsterID>
		<BornCoordinates>17121,6006,7060</BornCoordinates>
		<MonsterRefreshInterval>30000</MonsterRefreshInterval>
		<Random>1</Random>
		<Orientation>1,0,-0.2</Orientation>
	</info>
	<info MapID="1002">
		<ID>12</ID>
		<MonsterLv>2</MonsterLv>
		<MonsterNumber>1</MonsterNumber>
		<MonsterID>20007,20008,20009</MonsterID>
		<BornCoordinates>18652,6006,4575</BornCoordinates>
		<MonsterRefreshInterval>60000</MonsterRefreshInterval>
		<Random>1</Random>
		<Orientation>-0.4,0,0.9</Orientation>
	</info>
</CreepsConfig>