<?xml version="1.0" encoding="UTF-8" standalone="yes"?>
<DelayConfig xmlns:xsi="http://www.w3.org/2001/XMLSchema-instance">
	<info MapID="1000">
		<BatmanDelay>0</BatmanDelay>
		<MonsterDelay>0</MonsterDelay>
		<AdvancedmonsterDelay>60000</AdvancedmonsterDelay>
		<AltarDelay>3000</AltarDelay>
	</info>
	<info MapID="1001">
		<BatmanDelay>15000</BatmanDelay>
		<MonsterDelay>15000</MonsterDelay>
		<AdvancedmonsterDelay>60000</AdvancedmonsterDelay>
		<AltarDelay>3000</AltarDelay>
	</info>
	<info MapID="1002">
		<BatmanDelay>15000</BatmanDelay>
		<MonsterDelay>15000</MonsterDelay>
		<AdvancedmonsterDelay>60000</AdvancedmonsterDelay>
		<AltarDelay>3000</AltarDelay>
	</info>
</DelayConfig>