<?xml version="1.0" encoding="UTF-8" standalone="yes"?>
<MapBaseConfig xmlns:xsi="http://www.w3.org/2001/XMLSchema-instance">
	<info MapID="1001">
		<WayID>2</WayID>
		<BaseID>1</BaseID>
		<BatmanTotal>4</BatmanTotal>
		<BatchBatmanInterval>30000</BatchBatmanInterval>
		<SingleBatmanInterval>1000</SingleBatmanInterval>
		<SiegeVehicles>4</SiegeVehicles>
		<BatmanID>20012,20012,20012,20013</BatmanID>
		<SiegeVehiclesID>20021</SiegeVehiclesID>
		<SuperBatmanID>20018,20018,20018,20019</SuperBatmanID>
		<BatmanOrientation>-0.3,0,-0.9</BatmanOrientation>
		<SuperBatmanAltar>2</SuperBatmanAltar>
		<SuperBatmanWay>1</SuperBatmanWay>
		<SoliderBornPoint>8849,6006,9414</SoliderBornPoint>
	</info>
	<info MapID="1001">
		<WayID>4</WayID>
		<BaseID>1</BaseID>
		<BatmanTotal>4</BatmanTotal>
		<BatchBatmanInterval>30000</BatchBatmanInterval>
		<SingleBatmanInterval>1000</SingleBatmanInterval>
		<SiegeVehicles>4</SiegeVehicles>
		<BatmanID>20012,20012,20012,20013</BatmanID>
		<SiegeVehiclesID>20021</SiegeVehiclesID>
		<SuperBatmanID>20018,20018,20018,20019</SuperBatmanID>
		<BatmanOrientation>-0.2,0,1</BatmanOrientation>
		<SuperBatmanAltar>3</SuperBatmanAltar>
		<SuperBatmanWay>3</SuperBatmanWay>
		<SoliderBornPoint>8849,6006,10532</SoliderBornPoint>
	</info>
	<info MapID="1001">
		<WayID>3</WayID>
		<BaseID>6</BaseID>
		<BatmanTotal>4</BatmanTotal>
		<BatchBatmanInterval>30000</BatchBatmanInterval>
		<SingleBatmanInterval>1000</SingleBatmanInterval>
		<SiegeVehicles>4</SiegeVehicles>
		<BatmanID>20010,20010,20010,20011</BatmanID>
		<SiegeVehiclesID>20020</SiegeVehiclesID>
		<SuperBatmanID>20016,20016,20016,20017</SuperBatmanID>
		<BatmanOrientation>-0.3,0,-0.9</BatmanOrientation>
		<SuperBatmanAltar>7</SuperBatmanAltar>
		<SuperBatmanWay>4</SuperBatmanWay>
		<SoliderBornPoint>21182,6006,10595</SoliderBornPoint>
	</info>
	<info MapID="1001">
		<WayID>1</WayID>
		<BaseID>6</BaseID>
		<BatmanTotal>4</BatmanTotal>
		<BatchBatmanInterval>30000</BatchBatmanInterval>
		<SingleBatmanInterval>1000</SingleBatmanInterval>
		<SiegeVehicles>4</SiegeVehicles>
		<BatmanID>20010,20010,20010,20011</BatmanID>
		<SiegeVehiclesID>20020</SiegeVehiclesID>
		<SuperBatmanID>20016,20016,20016,20017</SuperBatmanID>
		<BatmanOrientation>-0.2,0,1</BatmanOrientation>
		<SuperBatmanAltar>8</SuperBatmanAltar>
		<SuperBatmanWay>2</SuperBatmanWay>
		<SoliderBornPoint>21182,6006,9299</SoliderBornPoint>
	</info>
	<info MapID="1002">
		<WayID>1</WayID>
		<BaseID>15</BaseID>
		<BatmanTotal>4</BatmanTotal>
		<BatchBatmanInterval>30000</BatchBatmanInterval>
		<SingleBatmanInterval>1000</SingleBatmanInterval>
		<SiegeVehicles>4</SiegeVehicles>
		<BatmanID>20012,20012,20012,20013</BatmanID>
		<SiegeVehiclesID>20021</SiegeVehiclesID>
		<SuperBatmanID>20018,20018,20018,20019</SuperBatmanID>
		<BatmanOrientation>1,0,-0.1</BatmanOrientation>
		<SuperBatmanAltar>17,18</SuperBatmanAltar>
		<SuperBatmanWay>2</SuperBatmanWay>
		<SoliderBornPoint>7026,6006,10083</SoliderBornPoint>
	</info>
	<info MapID="1002">
		<WayID>2</WayID>
		<BaseID>20</BaseID>
		<BatmanTotal>4</BatmanTotal>
		<BatchBatmanInterval>30000</BatchBatmanInterval>
		<SingleBatmanInterval>1000</SingleBatmanInterval>
		<SiegeVehicles>4</SiegeVehicles>
		<BatmanID>20010,20010,20010,20011</BatmanID>
		<SiegeVehiclesID>20020</SiegeVehiclesID>
		<SuperBatmanID>20016,20016,20016,20017</SuperBatmanID>
		<BatmanOrientation>-1,0,-0.1</BatmanOrientation>
		<SuperBatmanAltar>22,23</SuperBatmanAltar>
		<SuperBatmanWay>1</SuperBatmanWay>
		<SoliderBornPoint>22736,6006,10083</SoliderBornPoint>
	</info>
	<info MapID="1000">
		<WayID>1</WayID>
		<BaseID>100</BaseID>
		<BatmanTotal>4</BatmanTotal>
		<BatchBatmanInterval>30000</BatchBatmanInterval>
		<SingleBatmanInterval>1000</SingleBatmanInterval>
		<SiegeVehicles>4</SiegeVehicles>
		<BatmanID>20012,20012,20012,20013</BatmanID>
		<SiegeVehiclesID>20021</SiegeVehiclesID>
		<SuperBatmanID>20018,20018,20018,20019</SuperBatmanID>
		<BatmanOrientation>1,0,-0.1</BatmanOrientation>
		<SuperBatmanAltar>102,103</SuperBatmanAltar>
		<SuperBatmanWay>2</SuperBatmanWay>
		<SoliderBornPoint>7026,6006,10083</SoliderBornPoint>
	</info>
	<info MapID="1000">
		<WayID>2</WayID>
		<BaseID>105</BaseID>
		<BatmanTotal>4</BatmanTotal>
		<BatchBatmanInterval>30000</BatchBatmanInterval>
		<SingleBatmanInterval>1000</SingleBatmanInterval>
		<SiegeVehicles>4</SiegeVehicles>
		<BatmanID>20010,20010,20010,20011</BatmanID>
		<SiegeVehiclesID>20020</SiegeVehiclesID>
		<SuperBatmanID>20016,20016,20016,20017</SuperBatmanID>
		<BatmanOrientation>-1,0,-0.1</BatmanOrientation>
		<SuperBatmanAltar>107,108</SuperBatmanAltar>
		<SuperBatmanWay>1</SuperBatmanWay>
		<SoliderBornPoint>22736,6006,10083</SoliderBornPoint>
	</info>
</MapBaseConfig>